"add-image href","thumbnail src","add-title","add-type","date","category","item-location","item-price"
"https://imali.biz/isaziso/houses-for-rent/27/248274/imp13943928","https://www.img.imali.biz/Im_mini_1/000008/9314_248274_7GMMtdjJFCn.jpg","house for rent in kagugu at a good price","O","Mon, 18 May 2026 17:13:40","Houses for rent","Gasabo","RWF 800,000"
"https://imali.biz/isaziso/houses-for-rent/27/248268/imp56199200","https://www.img.imali.biz/Im_mini_1/000006/9314_248268_VEhauiNWDYs.jpg","house for rent in kagarama at a good price","O","Mon, 18 May 2026 13:58:07","Houses for rent","Kicukiro","RWF 900,000"
"https://imali.biz/isaziso/houses-for-rent/27/248264/imp44722778","https://www.img.imali.biz/Im_mini_1/000003/9314_248264_fOhncvFWsGg.jpg","House for rent in kibagabaga","O","Mon, 18 May 2026 13:57:45","Houses for rent","Gasabo","RWF 900,000"
"https://imali.biz/isaziso/houses-for-rent/27/248225/imp37544798","https://www.img.imali.biz/Im_mini_1/000006/9314_248225_bPH4tzkB4jn.jpg","house for rent in kagarama at a good price","O","Mon, 18 May 2026 11:10:42","Houses for rent","Kicukiro","RWF 1,000,000"
"https://imali.biz/isaziso/houses-for-rent/27/248052/imp49322206","https://www.img.imali.biz/Im_mini_1/000000/6718_248052_6q3KmfvH8IK.jpg","Nyamata House Fully Furnished for rent@850k","O","Fri, 15 May 2026 18:52:41","Houses for rent","Bugesera","RWF 850,000"
"https://imali.biz/isaziso/houses-for-rent/27/248002/imp36535886","https://www.img.imali.biz/Im_mini_1/000004/10532_248002_rNsQbZqEhWu.jpg","Inzu dukodesha 700k kimironko zindiro №0785582552","O","Fri, 15 May 2026 18:56:53","Houses for rent","Gasabo","RWF 700,000"
"https://imali.biz/isaziso/houses-for-rent/27/247977/imp21492522","https://www.img.imali.biz/Im_mini_1/000004/9314_247977_isRjqhkAVMu.jpg","House for rent in kibagabaga","O","Thu, 14 May 2026 18:18:46","Houses for rent","Gasabo","$ 2,000"
"https://imali.biz/isaziso/houses-for-rent/27/247901/imp51998757","https://www.img.imali.biz/Im_mini_1/000008/9314_247901_Wfz3AgTndta.jpg","house for rent in remera at a good price","O","Tue, 12 May 2026 10:41:01","Houses for rent","Gasabo","$ 2,000"
"https://imali.biz/isaziso/apartment-for-rent/91/247900/imp23601987","https://www.img.imali.biz/Im_mini_1/000006/9314_247900_r6uOcZT62IB.jpg","an apartment for rent in kibagabaga at a good pric","O","Tue, 12 May 2026 10:41:01","Apartment for rent","Gasabo","$ 2,000"
"https://imali.biz/isaziso/houses-for-rent/27/247894/imp38666948","https://www.img.imali.biz/Im_mini_1/000001/10136_247894_PKJEgAOe6XA.jpg","Inzu ikodeshwa kimironko","O","Tue, 12 May 2026 9:03:14","Houses for rent","Gasabo","RWF 800,000"
"https://imali.biz/isaziso/houses-for-rent/27/247893/imp2061843","https://www.img.imali.biz/Im_mini_1/000000/10136_247893_IqDwW3lPc1G.jpg","Inzu ikodeshwa Indera cumi15","O","Tue, 12 May 2026 9:03:11","Houses for rent","Gasabo","RWF 500,000"
"https://imali.biz/isaziso/houses-for-rent/27/247892/imp56150740","https://www.img.imali.biz/Im_mini_1/000003/10136_247892_i2iiYPnl3HM.jpg","Inzu ikodeshwa kimironko","O","Tue, 12 May 2026 9:03:15","Houses for rent","Gasabo","RWF 1,000,000"
"https://imali.biz/isaziso/houses-for-rent/27/247889/imp38311400","https://www.img.imali.biz/Im_mini_1/000001/10136_247889_FzqVrwvK2mT.jpg","Inzu ikodeshwa kimironko zindiro","O","Tue, 12 May 2026 9:03:15","Houses for rent","Gasabo","RWF 800,000"
"https://imali.biz/isaziso/houses-for-rent/27/247867/imp37249794","https://www.img.imali.biz/Im_mini_1/000002/9314_247867_ieZD55EkDNb.jpg","house for rent in remera","O","Mon, 11 May 2026 22:07:16","Houses for rent","Gasabo","$ 2,000"
"https://imali.biz/isaziso/apartment-for-rent/91/247866/imp16299699","https://www.img.imali.biz/Im_mini_1/000009/9314_247866_GwdqDBMzMdE.jpg","apartment for rent in kibagabaga at a good price","O","Mon, 11 May 2026 21:55:04","Apartment for rent","Gasabo","$ 2,000"
"https://imali.biz/isaziso/houses-for-rent/27/247865/imp27402082","https://www.img.imali.biz/Im_mini_1/000009/9314_247865_1yYEpxZxTER.jpg","house for rent in kibagabaga at a good price","O","Mon, 11 May 2026 18:09:21","Houses for rent","Gasabo","RWF 1,800,000"
"https://imali.biz/isaziso/houses-for-rent/27/247864/imp16198894","https://www.img.imali.biz/Im_mini_1/000005/9314_247864_WQMtTrksChM.jpg","house for rent in kicukiro at a good price","O","Mon, 11 May 2026 18:07:44","Houses for rent","Kicukiro","RWF 1,500,000"
"https://imali.biz/isaziso/houses-for-rent/27/247863/imp0601765","https://www.img.imali.biz/Im_mini_1/000005/9314_247863_18Jbt11OgoQ.jpg","house for rent in kicukiro at a good price","O","Mon, 11 May 2026 18:07:35","Houses for rent","Kicukiro","RWF 2,500,000"
"https://imali.biz/isaziso/houses-for-rent/27/247861/imp40673227","https://www.img.imali.biz/Im_mini_1/000004/9314_247861_5equDMBsO23.jpg","house for rent in kicukiro at a good price","O","Mon, 11 May 2026 18:07:31","Houses for rent","Kicukiro","RWF 600,000"
"https://imali.biz/isaziso/houses-for-rent/27/247860/imp8478003","https://www.img.imali.biz/Im_mini_1/000001/9314_247860_Vgbmp0HhydF.jpg","house for sale in kibagabaga at a good price","O","Mon, 11 May 2026 18:07:29","Houses for rent","Nyarugenge","RWF 12,000,000"
"https://imali.biz/isaziso/houses-for-rent/27/247859/imp8160632","https://www.img.imali.biz/Im_mini_1/000007/9314_247859_yy4gtGEsAWC.jpg","house for rent in kimihurura at a good price","O","Mon, 11 May 2026 18:07:27","Houses for rent","Gasabo","RWF 35,000,000"
"https://imali.biz/isaziso/houses-for-rent/27/247858/imp45813536","https://www.img.imali.biz/Im_mini_1/000007/9314_247858_TxdKGYBVZiW.jpg","house for rent in kimironko at a good price","O","Mon, 11 May 2026 18:07:25","Houses for rent","Gasabo","RWF 12,000,000"
"https://imali.biz/isaziso/houses-for-rent/27/247857/imp57218205","https://www.img.imali.biz/Im_mini_1/000001/9314_247857_TdmAjndqWsU.jpg","house for rent in kimironko at a good price","O","Mon, 11 May 2026 18:07:23","Houses for rent","Gasabo","RWF 3,500,000"
"https://imali.biz/isaziso/houses-for-rent/27/247856/imp57523589","https://www.img.imali.biz/Im_mini_1/000000/9314_247856_uuqfYQ7Wbr3.jpg","house for rent in kimironk at a good price","O","Mon, 11 May 2026 18:07:19","Houses for rent","Gasabo","RWF 500,000"
"https://imali.biz/isaziso/plot-for-rent/57/247817/imp50806729","https://www.img.imali.biz/Im_mini_1/000003/10122_247817_Z26R2UexaBS.jpg","Ikibanza.kigurishwa.kiri. kimironko","O","Mon, 11 May 2026 12:54:28","Plot for rent","Gasabo","RWF 38,000,000"
"https://imali.biz/isaziso/houses-for-rent/27/247786/imp21007674","https://www.img.imali.biz/Im_mini_1/000003/9314_247786_SeDSkQgPnLt.jpg","house for rent in kagugu at a good price","O","Sat, 09 May 2026 13:31:38","Houses for rent","Gasabo","RWF 800,000"
"https://imali.biz/isaziso/houses-for-rent/27/247784/imp40052184","https://www.img.imali.biz/Im_mini_1/000007/9314_247784_lOAyB727VpZ.jpg","house for rent in kagaraama at a good price","O","Sat, 09 May 2026 13:31:33","Houses for rent","Gasabo","RWF 650,000"
"https://imali.biz/isaziso/houses-for-rent/27/247782/imp44333625","https://www.img.imali.biz/Im_mini_1/000006/9314_247782_VZ0eJlFWXDd.jpg","house for rent in kagarama at a good price","O","Sat, 09 May 2026 13:31:29","Houses for rent","Gasabo","RWF 900,000"
"https://imali.biz/isaziso/houses-for-rent/27/247779/imp56081933","https://www.img.imali.biz/Im_mini_1/000001/9314_247779_B5pGEufbfZ3.jpg","house for rent in gacuriro at a good price","O","Sat, 09 May 2026 13:31:12","Houses for rent","Gasabo","RWF 35,000,000"
"https://imali.biz/isaziso/houses-for-rent/27/247773/imp47324141","https://www.img.imali.biz/Im_mini_1/000007/9314_247773_EBphXk9JMIg.jpg","house for rent in kicukiro at a good price","O","Sat, 09 May 2026 13:31:00","Houses for rent","Kicukiro","RWF 250,000,000"
"https://imali.biz/isaziso/houses-for-rent/27/247697/imp48793995","https://www.img.imali.biz/Im_mini_1/000004/10136_247697_xXQRQ27jRJG.jpg","Inzu ikodeshwa kimironko kibagabaga","O","Tue, 05 May 2026 16:04:12","Houses for rent","Gasabo","RWF 800,000"
"https://imali.biz/isaziso/houses-for-rent/27/247426/imp50227606","https://www.img.imali.biz/Im_mini_1/000002/10532_247426_cvV3RDm4rhX.jpg","Kimironko full furnished house for rent 1M","O","Thu, 30 Apr 2026 8:16:58","Houses for rent","Gasabo","RWF 1,000,000"
"https://imali.biz/isaziso/houses-for-rent/27/247351/imp40672240","https://www.img.imali.biz/Im_mini_1/000002/10532_247351_sUAfUQoBbcX.jpg","Kimironko house for rent 1.3M/month","O","Tue, 28 Apr 2026 17:08:42","Houses for rent","Gasabo","RWF 1,300,000"
"https://imali.biz/isaziso/houses-for-rent/27/247350/imp33674411","https://www.img.imali.biz/Im_mini_1/000000/1556_247350_hQbqNyWJrrz.jpg","House for rent call +250 788 838 400","O","Tue, 28 Apr 2026 16:47:02","Houses for rent","Gasabo","RWF 700,000"
"https://imali.biz/isaziso/houses-for-rent/27/247339/imp38930269","https://www.img.imali.biz/Im_mini_1/000000/10496_247339_SEkmTtshW6q.jpg","Gacuriro house for rent 1300$ /0785582552","O","Tue, 28 Apr 2026 16:47:33","Houses for rent","Gasabo","$ 1,300"
"https://imali.biz/isaziso/houses-for-rent/27/247200/imp29716525","https://www.img.imali.biz/Im_mini_1/000000/10532_247200_RHsLMGBdr2R.jpg","Gacuriro full furnished house for rent 1300$","O","Fri, 24 Apr 2026 9:19:40","Houses for rent","Gasabo","$ 1,300"
"https://imali.biz/isaziso/houses-for-rent/27/247137/imp35201041","https://www.img.imali.biz/Im_mini_1/000005/9923_247137_LGFexnusJig.jpg","House for Rent at GASOGI -murindi","O","Wed, 22 Apr 2026 9:09:34","Houses for rent","Gasabo","RWF 500,000"
"https://imali.biz/isaziso/plot-for-rent/57/247063/imp13036662","https://www.img.imali.biz/Im_mini_1/000004/10498_247063_3tSGAxTUWZU.jpg","IKIBANZA TUGURISHA KAGUGU KUMUHANDA AHANUHEZA","O","Sun, 19 Apr 2026 12:39:31","Plot for rent","Gasabo","RWF 120,000,000"
"https://imali.biz/isaziso/other-property/29/247044/imp33126298","https://www.img.imali.biz/Im_mini_1/000008/10619_247044_K7rJelj66bP.jpg","Ikibanza tugurisha kibagabaga rindiro","O","Sun, 19 Apr 2026 12:39:35","Other property","Gasabo","RWF 85,000,000"
"https://imali.biz/isaziso/houses-for-rent/27/247028/imp19236484","https://www.img.imali.biz/Im_mini_1/000009/10136_247028_JIulWVulCPD.jpg","Inzu ikodeshwa kimironko kibagabaga","O","Fri, 17 Apr 2026 11:20:28","Houses for rent","Gasabo","RWF 800,000"
"https://imali.biz/isaziso/houses-for-rent/27/246991/imp27450432","https://www.img.imali.biz/Im_mini_1/000006/10136_246991_3imfZPDKLMV.jpg","Inzu ikodeshwa kimironko kibagabaga","O","Fri, 17 Apr 2026 10:50:39","Houses for rent","Gasabo","RWF 800,000"
"https://imali.biz/isaziso/plot-for-rent/57/246988/imp50415687","https://www.img.imali.biz/Im_mini_1/000007/10498_246988_8WfR11Tl23F.jpg","IKIBANZA TUGURISHA KIBAGABAGA KUMUHANDA AHANUHEZA","O","Fri, 17 Apr 2026 10:50:37","Plot for rent","Gasabo","RWF 45,000,000"
"https://imali.biz/isaziso/houses-for-rent/27/246896/imp15779363","https://www.img.imali.biz/Im_mini_1/000003/10496_246896_YDAjnkjCDzu.jpg","Kimironko house for rent 900k","O","Wed, 15 Apr 2026 9:04:27","Houses for rent","Gasabo","RWF 900,000"
"https://imali.biz/isaziso/plot-for-rent/57/246651/imp36295923","https://www.img.imali.biz/Im_mini_1/000007/10498_246651_BmKbdEuTjA1.jpg","IKIBANZA TUGURISHA KIBAGABAGA KUMUHANDA AHANUHEZA","O","Wed, 08 Apr 2026 7:50:38","Plot for rent","Gasabo","RWF 100,000,000"
"https://imali.biz/isaziso/plot-for-rent/57/246607/imp55022096","https://www.img.imali.biz/Im_mini_1/000006/10498_246607_VAR4mDfEqCA.jpg","IKIBANZA TUGURISHA KIBAGABAGA KUMUHANDA AHANUHEZA","O","Tue, 07 Apr 2026 0:20:49","Plot for rent","Gasabo","RWF 200,000,000"
"https://imali.biz/isaziso/houses-for-rent/27/246200/imp14023186","https://www.img.imali.biz/Im_mini_1/000008/6718_246200_XJxaqUVa5CH.jpg","house Fully Furnish for rent at rwesero muhazi","O","Thu, 26 Mar 2026 0:12:04","Houses for rent","Gicumbi","RWF 500,000"
"https://imali.biz/isaziso/houses-for-rent/27/246186/imp44360686","https://www.img.imali.biz/Im_mini_1/000000/10124_246186_9U8yO4vOYrU.jpg","Kibagabaga full furnished house for rent 1000$","O","Wed, 25 Mar 2026 21:08:29","Houses for rent","Gasabo","$ 1,000"
"https://imali.biz/isaziso/plot-for-rent/57/246159/imp17543428","https://www.img.imali.biz/Im_mini_1/000000/10498_246159_8IRYloTyLpA.jpg","IKIBANZA TUGURISHA GACURIRO KUMUHANDA AHANUHEZA","O","Wed, 25 Mar 2026 10:25:59","Plot for rent","Gasabo","RWF 270,000,000"
"https://imali.biz/isaziso/apartment-for-rent/91/246017/imp44260855","https://www.img.imali.biz/Im_mini_1/000005/7325_246017_UZqosFW8mW3.jpg","kibagabaga apartment for rent","O","Mon, 23 Mar 2026 11:26:40","Apartment for rent","Gasabo","RWF 70,000"
"https://imali.biz/isaziso/houses-for-rent/27/245884/imp7509577","https://www.img.imali.biz/Im_mini_1/000000/9314_245884_hBj0IxMS71I.jpg","house for rent in gacuriro at a good price","O","Fri, 20 Mar 2026 10:34:54","Houses for rent","Gasabo","$ 1,500"
"https://imali.biz/isaziso/houses-for-rent/27/245868/imp0914086","https://www.img.imali.biz/Im_mini_1/000004/10532_245868_goUpXkIoh5S.jpg","Inzu dukodesha 1300k kimironko 0785582552","O","Fri, 20 Mar 2026 10:57:25","Houses for rent","Gasabo","RWF 1,300,000"
"https://imali.biz/isaziso/houses-for-rent/27/245786/imp19883302","https://www.img.imali.biz/Im_mini_1/000001/8853_245786_mkPj0qLZYo0.jpg","Gacuriro house for rent @1500$","O","Thu, 19 Mar 2026 23:07:34","Houses for rent","Gasabo","$ 1,500"
"https://imali.biz/isaziso/houses-for-rent/27/245663/imp14881237","https://www.img.imali.biz/Im_mini_1/000003/9314_245663_kDEJWwGa8K8.jpg","house for rent in busanza at a good price","O","Thu, 19 Mar 2026 14:25:21","Houses for rent","Kicukiro","RWF 700,000"
"https://imali.biz/isaziso/warehouse/98/245657/imp54585478","https://www.img.imali.biz/Im_mini_1/000009/926_245657_1sI7mtZDbTd.jpg","Warehouse for rent in  kigali masaka near Dubai P","O","Thu, 19 Mar 2026 14:25:14","Warehouse","Kicukiro","$ 3"
"https://imali.biz/isaziso/houses-for-rent/27/245512/imp39055108","https://www.img.imali.biz/Im_mini_1/000009/10297_245512_MYrDxNIhgD5.jpg","Kimironko munsi ya gereza i","O","Tue, 17 Mar 2026 7:49:29","Houses for rent","Gasabo","RWF 700,000"
"https://imali.biz/isaziso/houses-for-rent/27/245475/imp6768545","https://www.img.imali.biz/Im_mini_1/000005/6718_245475_5DW8oO3nm6e.jpg","HOUSE FURNISHED FOR RENT AT RWESERO MUHAZI","O","Sat, 14 Mar 2026 16:59:46","Houses for rent","Gicumbi","RWF 500,000"
"https://imali.biz/isaziso/houses-for-rent/27/245469/imp6512272","https://www.img.imali.biz/Im_mini_1/000009/10297_245469_r6rj8KwZHqj.jpg","Kibagabaga munsi yurwibutso","O","Sat, 14 Mar 2026 17:00:29","Houses for rent","Gasabo","RWF 800,000"
"https://imali.biz/isaziso/houses-for-rent/27/245468/imp7282250","https://www.img.imali.biz/Im_mini_1/000006/10297_245468_EFUfgmZx9a3.jpg","Kibagabaga munsi yurwibutso","O","Sat, 14 Mar 2026 17:00:27","Houses for rent","Gasabo","$ 800"
"https://imali.biz/isaziso/houses-for-rent/27/245410/imp18379682","https://www.img.imali.biz/Im_mini_1/000005/10297_245410_rk3jZudqtrS.jpg","Kibagabaga kurwibutso","O","Mon, 09 Mar 2026 10:40:02","Houses for rent","Gasabo","RWF 700,000"
"https://imali.biz/isaziso/houses-for-rent/27/245408/imp40278322","https://www.img.imali.biz/Im_mini_1/000003/10297_245408_xhU0yfm6kIe.jpg","Kimironko munsi yisoko","O","Sun, 08 Mar 2026 16:46:52","Houses for rent","Gasabo","RWF 600,000"
"https://imali.biz/isaziso/houses-for-rent/27/245405/imp51473557","https://www.img.imali.biz/Im_mini_1/000003/10297_245405_4A7EKjzdib2.jpg","Kimironko","O","Sun, 08 Mar 2026 16:46:23","Houses for rent","Gasabo","RWF 800,000"
"https://imali.biz/isaziso/houses-for-rent/27/245404/imp4373036","https://www.img.imali.biz/Im_mini_1/000005/10297_245404_2MsFz00DDM8.jpg","Kimironko","O","Sun, 08 Mar 2026 16:46:16","Houses for rent","Gasabo","RWF 450,000"
"https://imali.biz/isaziso/houses-for-rent/27/245403/imp5024545","https://www.img.imali.biz/Im_mini_1/000007/10297_245403_ZfC8JlX4lmI.jpg","Kicukiro ntiboyi","O","Sun, 08 Mar 2026 16:45:59","Houses for rent","Kicukiro","RWF 500,000"
"https://imali.biz/isaziso/houses-for-rent/27/245344/imp36251098","https://www.img.imali.biz/Im_mini_1/000004/7493_245344_ECa5rlCsfhb.jpg","inzu nziza ikodeshwa","O","Sun, 01 Mar 2026 13:55:16","Houses for rent","Kicukiro","RWF 300,000"
"https://imali.biz/isaziso/houses-for-rent/27/245343/imp15293718","https://www.img.imali.biz/Im_mini_1/000009/7493_245343_K5AcGFQWlHF.jpg","inzu nziza ikodeshwa","O","Sun, 01 Mar 2026 13:55:14","Houses for rent","Kicukiro","RWF 300,000"
"https://imali.biz/isaziso/plot-for-rent/57/245305/imp41157264","https://www.img.imali.biz/Im_mini_1/000001/10619_245305_WozD22BOB1d.jpg","Ikbanza tugurisha gasogi cyaruzinge","O","Fri, 27 Feb 2026 11:32:18","Plot for rent","Gasabo","RWF 28,000,000"
"https://imali.biz/isaziso/houses-for-rent/27/245303/imp7200015","https://www.img.imali.biz/Im_mini_1/000007/10297_245303_UG3g4HTuvpN.jpg","Kimironko","O","Fri, 27 Feb 2026 7:58:29","Houses for rent","Gasabo","RWF 500,000"
"https://imali.biz/isaziso/houses-for-rent/27/245302/imp35188061","https://www.img.imali.biz/Im_mini_1/000004/10297_245302_CcTkRaBvyen.jpg","Kibagabaga munsi yurwibutso","O","Fri, 27 Feb 2026 7:58:28","Houses for rent","Gasabo","RWF 800,000"
"https://imali.biz/isaziso/houses-for-rent/27/245254/imp25056605","https://www.img.imali.biz/Im_mini_1/000007/1556_245254_3GvYCN87tdE.jpg","House for rent","O","Thu, 26 Feb 2026 14:16:39","Houses for rent","Gasabo","RWF 800,000"
"https://imali.biz/isaziso/plot-for-rent/57/245152/imp41318346","https://www.img.imali.biz/Im_mini_1/000004/10498_245152_2ACfpMgDyjv.jpg","IKIBANZA TUGURISHA KIBAGABAGA KUMUHANDA AHANUHEZA","O","Mon, 23 Feb 2026 19:15:45","Plot for rent","Gasabo","RWF 48,000,000"
"https://imali.biz/isaziso/houses-for-rent/27/245071/imp0274484","https://www.img.imali.biz/Im_mini_1/000007/10297_245071_19FNmJ6SUbz.jpg","Kuri sidade amahoro Remera","O","Sat, 21 Feb 2026 11:19:17","Houses for rent","Gasabo","RWF 700,000"
"https://imali.biz/isaziso/houses-for-rent/27/244727/imp2841511","https://www.img.imali.biz/Im_mini_1/000000/10297_244727_AhbJhx7460h.jpg","Kimironko","O","Mon, 16 Feb 2026 10:17:59","Houses for rent","Gasabo","RWF 1,000,000"
"https://imali.biz/isaziso/houses-for-rent/27/244726/imp53905315","https://www.img.imali.biz/Im_mini_1/000009/10297_244726_PyPsVaKDDvp.jpg","Kimironko","O","Mon, 16 Feb 2026 10:17:57","Houses for rent","Gasabo","RWF 500,000"
"https://imali.biz/isaziso/houses-for-rent/27/244725/imp36078905","https://www.img.imali.biz/Im_mini_1/000007/10297_244725_3WOGy9lUReJ.jpg","Kimironko","O","Mon, 16 Feb 2026 10:17:54","Houses for rent","Gasabo","RWF 600,000"
"https://imali.biz/isaziso/houses-for-rent/27/244713/imp8111364","https://www.img.imali.biz/Im_mini_1/000003/10297_244713_dOEFMIRzlHG.jpg","Kimironko","O","Mon, 16 Feb 2026 10:19:12","Houses for rent","Gasabo","RWF 500,000"
"https://imali.biz/isaziso/houses-for-rent/27/244711/imp34782068","https://www.img.imali.biz/Im_mini_1/000004/10297_244711_Pr8ZRPTDftJ.jpg","Kimironko","O","Mon, 16 Feb 2026 10:19:09","Houses for rent","Gasabo","RWF 400,000"
"https://imali.biz/isaziso/houses-for-rent/27/244432/imp54308231","https://www.img.imali.biz/Im_mini_1/000007/10297_244432_dzrH2UqNbl0.jpg","Kimironko","O","Mon, 09 Feb 2026 7:36:53","Houses for rent","Gasabo","RWF 850,000"
"https://imali.biz/isaziso/houses-for-rent/27/244431/imp48250077","https://www.img.imali.biz/Im_mini_1/000003/10297_244431_YWIb24Z9WVv.jpg","Kimironko","O","Mon, 09 Feb 2026 7:36:51","Houses for rent","Gasabo","RWF 1,100,000"
"https://imali.biz/isaziso/houses-for-rent/27/244430/imp22980305","https://www.img.imali.biz/Im_mini_1/000006/10297_244430_nICsN6IBM0j.jpg","Kimironko","O","Mon, 09 Feb 2026 7:36:49","Houses for rent","Gasabo","RWF 1,200,000"
"https://imali.biz/isaziso/houses-for-rent/27/244429/imp31054355","https://www.img.imali.biz/Im_mini_1/000002/10297_244429_KOb5KOtS94u.jpg","Kimironko","O","Mon, 09 Feb 2026 7:36:48","Houses for rent","Gasabo","RWF 500,000"
"https://imali.biz/isaziso/houses-for-rent/27/244005/imp9530481","https://www.img.imali.biz/Im_mini_1/000000/9923_244005_BQMVgEDdtag.jpg","New House for Rent at Gasogi-murindi","O","Fri, 30 Jan 2026 7:43:16","Houses for rent","Gasabo","RWF 500,000"
"https://imali.biz/isaziso/houses-for-rent/27/244003/imp2302745","https://www.img.imali.biz/Im_mini_1/000004/9923_244003_gVAATsfXSnW.jpg","House for Rent in well place Masaka","O","Fri, 30 Jan 2026 7:43:12","Houses for rent","Kicukiro","RWF 250,000"
"https://imali.biz/isaziso/houses-for-rent/27/244002/imp36271290","https://www.img.imali.biz/Im_mini_1/000005/7493_244002_yD6RbECBFWk.jpg","inzu nziza ikodeshwa","O","Fri, 30 Jan 2026 7:43:08","Houses for rent","Kicukiro","RWF 300,000"
"https://imali.biz/isaziso/houses-for-rent/27/243946/imp1771498","https://www.img.imali.biz/Im_mini_1/000004/10524_243946_1SYGAlYWXwa.jpg","KIBAGABAGA HOUSE FOR RENT","O","Wed, 28 Jan 2026 9:26:09","Houses for rent","Gasabo","RWF 400,000"
"https://imali.biz/isaziso/houses-for-rent/27/243578/imp46949020","https://www.img.imali.biz/Im_mini_1/000000/10579_243578_4oBnTEQhlcJ.jpg","House for rent","O","Thu, 22 Jan 2026 8:37:33","Houses for rent","Gasabo","$ 8,000"
"https://imali.biz/isaziso/houses-for-rent/27/243513/imp47480230","https://www.img.imali.biz/Im_mini_1/000001/10136_243513_dCVGwNd2UVD.jpg","Inzu ikodeshwa kimironko kibagabaga","O","Wed, 21 Jan 2026 7:58:42","Houses for rent","Gasabo","RWF 700,000"
"https://imali.biz/isaziso/houses-for-rent/27/243489/imp41228611","https://www.img.imali.biz/Im_mini_1/000001/4392_243489_bODWyArdhXa.jpg","unfurnished house available for rent at Kiyovu","O","Tue, 20 Jan 2026 12:51:16","Houses for rent","Gasabo","RWF 2,300,000"
"https://imali.biz/isaziso/houses-for-rent/27/243486/imp6505610","https://www.img.imali.biz/Im_mini_1/000007/10579_243486_aBiKb5Fsufp.jpg","House for rent","P","Tue, 20 Jan 2026 12:50:28","Houses for rent","Gasabo","$ 8,000"
"https://imali.biz/isaziso/houses-for-rent/27/243416/imp26371492","https://www.img.imali.biz/Im_mini_1/000000/9923_243416_8LCAp084yBx.jpg","New House for Rent at Gasogi-murindi","O","Sat, 17 Jan 2026 9:20:31","Houses for rent","Gasabo","RWF 500,000"
"https://imali.biz/isaziso/houses-for-rent/27/243314/imp2685858","https://www.img.imali.biz/Im_mini_1/000003/9923_243314_xjzSpqKjCrU.jpg","House for Rent at Gasogi-murindi /inzu ikodeshwa","O","Sat, 17 Jan 2026 14:16:04","Houses for rent","Gasabo","RWF 500,000"
"https://imali.biz/isaziso/apartment-for-rent/91/243201/imp28196539","https://www.img.imali.biz/Im_mini_1/000006/8853_243201_2wGJtkSSl6a.jpg","Kagugu apartment for rent@800$","O","Tue, 13 Jan 2026 20:55:41","Apartment for rent","Gasabo","$ 800"
"https://imali.biz/isaziso/houses-for-rent/27/243105/imp19519173","https://www.img.imali.biz/Im_mini_1/000005/7493_243105_uPFZXbNkSAQ.jpg","inzu nziza ikodeshwa","O","Mon, 12 Jan 2026 15:09:55","Houses for rent","Kicukiro","RWF 800,000"
"https://imali.biz/isaziso/plot-for-rent/57/243102/imp52340693","https://www.img.imali.biz/Im_mini_1/000005/9562_243102_tQTwjNNQone.jpg","IKIBANZA TUGURISHA KIBAGABAGA KUMUHANDA AHANUHEZA","O","Mon, 12 Jan 2026 11:10:29","Plot for rent","Gasabo","RWF 140,000,000"
"https://imali.biz/isaziso/plot-for-rent/57/242927/imp44424932","https://www.img.imali.biz/Im_mini_1/000001/9562_242927_NxCbv1CGFBC.jpg","IKIBANZA TUGURISHA KICUKIRO KUMUHANDA AHANUHEZA","O","Fri, 09 Jan 2026 12:03:37","Plot for rent","Kicukiro","RWF 36,000,000"
"https://imali.biz/isaziso/plot-for-rent/57/242845/imp50701119","https://www.img.imali.biz/Im_mini_1/000003/10530_242845_ZyMRGLp3Ddm.jpg","Ikibanza kigurishwa kibagabaga","O","Thu, 08 Jan 2026 19:38:48","Plot for rent","Gasabo","RWF 175,000,000"
"https://imali.biz/isaziso/houses-for-rent/27/242797/imp37849566","https://www.img.imali.biz/Im_mini_1/000009/7493_242797_KuUnGUyFtVJ.jpg","inzu nziza ikodeshwa","O","Thu, 08 Jan 2026 11:24:25","Houses for rent","Kicukiro","RWF 500,000"
"https://imali.biz/isaziso/houses-for-rent/27/242775/imp3741146","https://www.img.imali.biz/Im_mini_1/000001/10579_242775_PtaDTOUSBcg.jpg","House for rent","O","Wed, 07 Jan 2026 11:22:19","Houses for rent","Gasabo","$ 100"
"https://imali.biz/isaziso/houses-for-rent/27/242767/imp52792784","https://www.img.imali.biz/Im_mini_1/000002/8864_242767_Pkd224etRMV.jpg","House for rent in Kimironko","O","Tue, 06 Jan 2026 21:22:10","Houses for rent","Gasabo","RWF 600,000"
"https://imali.biz/isaziso/other-property/29/242748/imp14468820","https://www.img.imali.biz/Im_mini_1/000005/10485_242748_z322yFcqhGq.jpg","Inzu ikodeshwa Ku gisozi 450k 0781946596","O","Tue, 06 Jan 2026 3:43:09","Other property","Nyarugenge","RWF 450,000"
"https://imali.biz/isaziso/other-property/29/242747/imp28305448","https://www.img.imali.biz/Im_mini_1/000001/10485_242747_w2NHzcVmbCH.jpg","Inzu ikodeshwa kinyinya 650k house for rent kinyin","O","Tue, 06 Jan 2026 3:43:06","Other property","Nyarugenge","RWF 650,000"
"https://imali.biz/isaziso/houses-for-rent/27/242379/imp56706335","https://www.img.imali.biz/Im_mini_1/000009/8853_242379_HEYVNzajbsw.jpg","Gacuriro house for rent @1500$","O","Tue, 30 Dec 2025 22:33:04","Houses for rent","Gasabo","$ 1,500"
"https://imali.biz/isaziso/houses-for-rent/27/242378/imp9704674","https://www.img.imali.biz/Im_mini_1/000006/8853_242378_OduAXpjnyw2.jpg","Gacuriro house for rent @1500$","O","Tue, 30 Dec 2025 22:21:28","Houses for rent","Gasabo","$ 1,500"
"https://imali.biz/isaziso/houses-for-rent/27/242371/imp37223083","https://www.img.imali.biz/Im_mini_1/000002/10579_242371_WfeB5JUdCh6.jpg","House for rent","O","Tue, 30 Dec 2025 9:21:51","Houses for rent","Gasabo","RWF 3,000,000"
"https://imali.biz/isaziso/houses-for-rent/27/242343/imp45816754","https://www.img.imali.biz/Im_mini_1/000004/10473_242343_y3aRaN1I7Un.jpg","full furniture apartment for rent in kagarama","O","Sat, 27 Dec 2025 16:44:01","Houses for rent","Kicukiro","RWF 900,000"
"https://imali.biz/isaziso/apartment-for-rent/91/242302/imp26707410","https://www.img.imali.biz/Im_mini_1/000001/10473_242302_ciPLF0X1lag.jpg","full furniture apartment for rent in kimironko","O","Thu, 25 Dec 2025 12:28:54","Apartment for rent","Gasabo","$ 800"
"https://imali.biz/isaziso/apartment-for-rent/91/242301/imp54321741","https://www.img.imali.biz/Im_mini_1/000009/10473_242301_fo6ZUc4ft2K.jpg","full furniture apartment for rent in kicukiro","O","Thu, 25 Dec 2025 12:28:51","Apartment for rent","Kicukiro","RWF 650,000"
"https://imali.biz/isaziso/houses-for-rent/27/242245/imp26504672","https://www.img.imali.biz/Im_mini_1/000006/10473_242245_xjsNKnZQlwx.jpg","house for rent in kibagabaga","O","Tue, 23 Dec 2025 22:19:34","Houses for rent","Gasabo","$ 1,000"
"https://imali.biz/isaziso/apartment-for-rent/91/242097/imp9072052","https://www.img.imali.biz/Im_mini_1/000005/7493_242097_klXL0tbpWE5.jpg","apartment nziza ikodeshwa","O","Sun, 21 Dec 2025 12:23:15","Apartment for rent","Gasabo","RWF 700,000"
"https://imali.biz/isaziso/houses-for-rent/27/242088/imp22897249","https://www.img.imali.biz/Im_mini_1/000000/10297_242088_gYqYHvrwQZu.jpg","Kimironko","O","Sat, 20 Dec 2025 16:08:54","Houses for rent","Gasabo","RWF 700,000"
"https://imali.biz/isaziso/houses-for-rent/27/241951/imp21890036","https://www.img.imali.biz/Im_mini_1/000008/10297_241951_dbA39qNMDIJ.jpg","Kimironko","O","Wed, 17 Dec 2025 17:49:32","Houses for rent","Gasabo","RWF 1,000,000"
"https://imali.biz/isaziso/houses-for-rent/27/241948/imp0487427","https://www.img.imali.biz/Im_mini_1/000005/10473_241948_suY2n77YR8W.jpg","house for rent in gacuriro","O","Wed, 17 Dec 2025 13:37:17","Houses for rent","Gasabo","$ 1,500"
"https://imali.biz/isaziso/houses-for-rent/27/241946/imp35213039","https://www.img.imali.biz/Im_mini_1/000001/10473_241946_NQoE1VVMu2y.jpg","house for rent in niboyi","O","Wed, 17 Dec 2025 13:37:20","Houses for rent","Kicukiro","RWF 1,200,000"
"https://imali.biz/isaziso/houses-for-rent/27/241876/imp12282053","https://www.img.imali.biz/Im_mini_1/000007/6063_241876_wZaOpB26P5W.jpg","iyinzu ndayikodesha ninzu nziza cyane","O","Tue, 16 Dec 2025 9:13:30","Houses for rent","Gasabo","RWF 800,000"
"https://imali.biz/isaziso/apartment-for-rent/91/241795/imp19408389","https://www.img.imali.biz/Im_mini_1/000008/10473_241795_HsDl3HMEQxU.jpg","full furniture apartment for rent in kimironko","O","Mon, 15 Dec 2025 8:22:49","Apartment for rent","Gasabo","$ 1,200"
"https://imali.biz/isaziso/houses-for-rent/27/241794/imp7647606","https://www.img.imali.biz/Im_mini_1/000000/10473_241794_A8m0PyhhHKo.jpg","house for rent in gacuriro","O","Sat, 13 Dec 2025 11:21:51","Houses for rent","Gasabo","$ 1,500"
"https://imali.biz/isaziso/houses-for-rent/27/241788/imp37617261","https://www.img.imali.biz/Im_mini_1/000009/10473_241788_hxDTJbPyZTk.jpg","house for rent in remera","O","Sat, 13 Dec 2025 11:21:51","Houses for rent","Gasabo","$ 800"
"https://imali.biz/isaziso/houses-for-rent/27/241762/imp36972345","https://www.img.imali.biz/Im_mini_1/000003/10297_241762_6by1dMcWaZ3.jpg","Kimironko","O","Sat, 13 Dec 2025 11:21:51","Houses for rent","Gasabo","RWF 700,000"
"https://imali.biz/isaziso/houses-for-rent/27/241761/imp37387129","https://www.img.imali.biz/Im_mini_1/000007/10297_241761_y9PWcWLRY7e.jpg","Kimironko","O","Sat, 13 Dec 2025 11:22:40","Houses for rent","Gasabo","RWF 700,000"
"https://imali.biz/isaziso/plot-for-rent/57/241577/imp29402898","https://www.img.imali.biz/Im_mini_1/000003/9562_241577_bSjogeeBlID.jpg","IKIBANZA TUGURISHA GISHUSHU KUMUHANDA AHANUHEZA","O","Thu, 11 Dec 2025 21:06:05","Plot for rent","Gasabo","RWF 330,000,000"
"https://imali.biz/isaziso/houses-for-rent/27/241562/imp51055091","https://www.img.imali.biz/Im_mini_1/000003/10473_241562_A97tbN6O8Al.jpg","house for rent in kibagabaga","O","Thu, 11 Dec 2025 15:03:25","Houses for rent","Gasabo","$ 1,500"
"https://imali.biz/isaziso/houses-for-rent/27/241558/imp47777288","https://www.img.imali.biz/Im_mini_1/000000/10473_241558_YMusOJzHghp.jpg","house for rent in kibagabaga","O","Thu, 11 Dec 2025 15:02:55","Houses for rent","Gasabo","$ 1,000"
"https://imali.biz/isaziso/plot-for-rent/57/241531/imp57260041","https://www.img.imali.biz/Im_mini_1/000002/10532_241531_qWidIKHoiVB.jpg","Ikibanza tugurisha 37M Kimironko kwanayinzira","O","Thu, 11 Dec 2025 11:02:13","Plot for rent","Gasabo","RWF 37,000,000"
"https://imali.biz/isaziso/houses-for-rent/27/241439/imp11871201","https://www.img.imali.biz/Im_mini_1/000009/10297_241439_DFaPXAd2aQ6.jpg","Kibagabaga munsi yurwibutso","O","Thu, 11 Dec 2025 10:54:13","Houses for rent","Gasabo","RWF 1,000,000"
"https://imali.biz/isaziso/houses-for-rent/27/241438/imp43774437","https://www.img.imali.biz/Im_mini_1/000002/10297_241438_T802o0fPscG.jpg","Kibagabaga munsi yurwibutso","O","Thu, 11 Dec 2025 10:54:10","Houses for rent","Gasabo","$ 1,000"
"https://imali.biz/isaziso/houses-for-rent/27/241437/imp31519063","https://www.img.imali.biz/Im_mini_1/000002/10297_241437_KCaZyj7yzST.jpg","Kibagabaga munsi yurwibutso","O","Thu, 11 Dec 2025 10:54:08","Houses for rent","Gasabo","$ 1,000"
"https://imali.biz/isaziso/plot-for-rent/57/241418/imp6042176","https://www.img.imali.biz/Im_mini_1/000003/9562_241418_xURb8zO8AJm.jpg","IKIBANZA TUGURISHA KIBAGABAGA KUMUHANDA AHANUHEZAC","O","Wed, 10 Dec 2025 19:47:46","Plot for rent","Gasabo","RWF 150,000,000"
"https://imali.biz/isaziso/plot-for-rent/57/241412/imp16163631","https://www.img.imali.biz/Im_mini_1/000004/9562_241412_oaQSp9RyL6L.jpg","IKIBANZA TUGURISHA KIBAGABAGA KUMUHANDA AHANUHEZAC","O","Wed, 10 Dec 2025 19:45:44","Plot for rent","Gasabo","RWF 210,000,000"
"https://imali.biz/isaziso/houses-for-rent/27/241376/imp46730344","https://www.img.imali.biz/Im_mini_1/000009/9562_241376_XDrL1WFMhfG.jpg","ikibanza tugurisha nyarutaram kumuhanda ahanuhezac","O","Wed, 10 Dec 2025 7:52:22","Houses for rent","Gasabo","RWF 130,000,000"
"https://imali.biz/isaziso/houses-for-rent/27/241363/imp46447779","https://www.img.imali.biz/Im_mini_1/000001/10473_241363_B2fbLTNQjrA.jpg","house for rent in gacuriro","O","Wed, 10 Dec 2025 7:53:39","Houses for rent","Gasabo","$ 2,000"
"https://imali.biz/isaziso/houses-for-rent/27/241362/imp30381272","https://www.img.imali.biz/Im_mini_1/000005/10473_241362_OxjW2siHHpB.jpg","house for rent in gacuriro","O","Wed, 10 Dec 2025 7:53:36","Houses for rent","Gasabo","$ 1,500"
"https://imali.biz/isaziso/houses-for-rent/27/241360/imp39916379","https://www.img.imali.biz/Im_mini_1/000007/10473_241360_IwU8uA375Yn.jpg","house for rent in gacuriro","O","Wed, 10 Dec 2025 7:53:32","Houses for rent","Gasabo","$ 1,500"
"https://imali.biz/isaziso/houses-for-rent/27/241353/imp13495386","https://www.img.imali.biz/Im_mini_1/000009/10297_241353_MGWdS39l1PJ.jpg","Kimironko","O","Wed, 10 Dec 2025 7:53:13","Houses for rent","Gasabo","RWF 350,000"
"https://imali.biz/isaziso/houses-for-rent/27/241350/imp29996403","https://www.img.imali.biz/Im_mini_1/000009/10473_241350_KMQZ0ZQgmL3.jpg","house for sale in kanombe","O","Wed, 10 Dec 2025 7:53:07","Houses for rent","Kicukiro","RWF 500,000"
"https://imali.biz/isaziso/houses-for-rent/27/241349/imp46191561","https://www.img.imali.biz/Im_mini_1/000002/10297_241349_D6V9A7AlC0R.jpg","Kibagabaga","O","Wed, 10 Dec 2025 7:53:02","Houses for rent","Gasabo","RWF 700,000"
"https://imali.biz/isaziso/houses-for-rent/27/241332/imp42417319","https://www.img.imali.biz/Im_mini_1/000006/10473_241332_bPEXZ76UFOb.jpg","house for rent in kibagabaga","O","Wed, 10 Dec 2025 8:03:52","Houses for rent","Gasabo","$ 3,000"
"https://imali.biz/isaziso/houses-for-rent/27/241331/imp32476434","https://www.img.imali.biz/Im_mini_1/000004/10473_241331_FhFMQNTSckC.jpg","house for rent in kibagabaga","O","Wed, 10 Dec 2025 8:03:15","Houses for rent","Gasabo","$ 1,500"
"https://imali.biz/isaziso/houses-for-rent/27/241329/imp35331238","https://www.img.imali.biz/Im_mini_1/000008/10473_241329_IohlDO4VyCt.jpg","house for rent in kibagabaga","O","Wed, 10 Dec 2025 8:03:09","Houses for rent","Gasabo","$ 1,000"
"https://imali.biz/isaziso/houses-for-rent/27/241325/imp38297610","https://www.img.imali.biz/Im_mini_1/000009/10473_241325_5uKMmImGJVx.jpg","house for rent in kibagabaga","O","Wed, 10 Dec 2025 7:53:43","Houses for rent","Gasabo","$ 1,500"
"https://imali.biz/isaziso/houses-for-rent/27/241324/imp15903499","https://www.img.imali.biz/Im_mini_1/000006/10473_241324_hvGsSrl0mLn.jpg","house for rent in kibagabaga","O","Wed, 10 Dec 2025 8:03:22","Houses for rent","Gasabo","$ 1,500"
"https://imali.biz/isaziso/houses-for-rent/27/241323/imp43499666","https://www.img.imali.biz/Im_mini_1/000007/10473_241323_kCL89OHidZ3.jpg","full furniture house for rent in gacuriro","O","Wed, 10 Dec 2025 8:03:17","Houses for rent","Gasabo","$ 1,500"
"https://imali.biz/isaziso/houses-for-rent/27/241270/imp28955706","https://www.img.imali.biz/Im_mini_1/000009/10297_241270_OIrnEkYarWA.jpg","Kimirokonko","O","Tue, 09 Dec 2025 11:51:38","Houses for rent","Gasabo","RWF 800,000"
"https://imali.biz/isaziso/houses-for-rent/27/241269/imp35099176","https://www.img.imali.biz/Im_mini_1/000000/10297_241269_770ksIVWtzH.jpg","Kimirokonko","O","Tue, 09 Dec 2025 11:51:32","Houses for rent","Gasabo","RWF 300,000"
"https://imali.biz/isaziso/houses-for-rent/27/241267/imp29198863","https://www.img.imali.biz/Im_mini_1/000007/10297_241267_FJUhgD91plG.jpg","Kimirokonko","O","Tue, 09 Dec 2025 11:51:07","Houses for rent","Gasabo","RWF 600,000"
"https://imali.biz/isaziso/houses-for-rent/27/241265/imp6057825","https://www.img.imali.biz/Im_mini_1/000005/10297_241265_c1DGogDMhzO.jpg","Kimirokonko","O","Tue, 09 Dec 2025 11:50:57","Houses for rent","Gasabo","RWF 500,000"
"https://imali.biz/isaziso/houses-for-rent/27/241230/imp25682667","https://www.img.imali.biz/Im_mini_1/000002/7493_241230_ZHEmX3aF4w4.jpg","inzu nziza ikodeshwa","O","Mon, 08 Dec 2025 10:54:51","Houses for rent","Kicukiro","RWF 500,000"
"https://imali.biz/isaziso/houses-for-rent/27/241224/imp10469297","https://www.img.imali.biz/Im_mini_1/000004/9923_241224_fO1bCEBCb2w.jpg","Wonderful house for Rent at kicukiro kagarama","O","Sun, 07 Dec 2025 16:31:33","Houses for rent","Kicukiro","RWF 700,000"
"https://imali.biz/isaziso/houses-for-rent/27/241220/imp28147910","https://www.img.imali.biz/Im_mini_1/000000/9923_241220_OaD89I2BDTm.jpg","Beautiful house for rent at kicukiro -Nyarugunga","O","Mon, 08 Dec 2025 10:54:30","Houses for rent","Kicukiro","RWF 700,000"
"https://imali.biz/isaziso/houses-for-rent/27/241217/imp31316262","https://www.img.imali.biz/Im_mini_1/000003/9923_241217_A2RB0U9uhaU.jpg","Beautiful house for Rent at RUSORORO","O","Mon, 08 Dec 2025 10:54:22","Houses for rent","Gasabo","RWF 1,200,000"
"https://imali.biz/isaziso/houses-for-rent/27/241155/imp26780261","https://www.img.imali.biz/Im_mini_1/000000/10485_241155_TlZwwACvyao.jpg","House for rent kibagabaga full finished 2000$ 4 be","O","Sat, 06 Dec 2025 14:35:47","Houses for rent","Gasabo","$ 2,000"
"https://imali.biz/isaziso/apartment-for-rent/91/241130/imp58951425","https://www.img.imali.biz/Im_mini_1/000009/10473_241130_5WM3TiDhb1E.jpg","hull furniture apartment for rent in kimironko","O","Fri, 05 Dec 2025 13:38:00","Apartment for rent","Gasabo","$ 800"
"https://imali.biz/isaziso/houses-for-rent/27/240973/imp37955628","https://www.img.imali.biz/Im_mini_1/000005/10297_240973_tAR6fl4tDAS.jpg","Kibagabaga kimironko","O","Wed, 03 Dec 2025 13:32:27","Houses for rent","Gasabo","RWF 350,000"
"https://imali.biz/isaziso/houses-for-rent/27/240972/imp53602637","https://www.img.imali.biz/Im_mini_1/000009/10297_240972_f2mncfD4TJp.jpg","Kibagabaga kimironko","O","Wed, 03 Dec 2025 23:15:32","Houses for rent","Gasabo","RWF 800,000"
"https://imali.biz/isaziso/houses-for-rent/27/240971/imp47797833","https://www.img.imali.biz/Im_mini_1/000006/10485_240971_A4IdpCDKs9A.jpg","Full furnished house for rent kibagabaga 1500$","O","Thu, 04 Dec 2025 8:02:36","Houses for rent","Nyarugenge","$ 1,500"
"https://imali.biz/isaziso/houses-for-rent/27/240962/imp33984103","https://www.img.imali.biz/Im_mini_1/000005/10297_240962_WhbMfzYAWlk.jpg","Kimironko","O","Wed, 03 Dec 2025 13:27:49","Houses for rent","Gasabo","RWF 800,000"
"https://imali.biz/isaziso/houses-for-rent/27/240890/imp51625805","https://www.img.imali.biz/Im_mini_1/000002/10297_240890_foJFZGHslo7.jpg","Kimironko kwamushimire","O","Tue, 02 Dec 2025 19:31:04","Houses for rent","Gasabo","RWF 350,000"
"https://imali.biz/isaziso/houses-for-rent/27/240686/imp18003334","https://www.img.imali.biz/Im_mini_1/000001/9923_240686_YWc4NEvtlT5.jpg","Full furnished house for Rent at RUSORORO","O","Fri, 28 Nov 2025 16:16:16","Houses for rent","Gasabo","RWF 1,200,000"
"https://imali.biz/isaziso/houses-for-rent/27/240684/imp16485897","https://www.img.imali.biz/Im_mini_1/000000/9923_240684_ujJ9jTVn4Uw.jpg","Good and well house for Rent at kicukiro kagarama","O","Fri, 28 Nov 2025 16:16:17","Houses for rent","Kicukiro","RWF 700,000"
"https://imali.biz/isaziso/houses-for-rent/27/240547/imp3109480","https://www.img.imali.biz/Im_mini_1/000009/10532_240547_FYsYtxETSs7.jpg","Inzu dukodesha 500k kanombe №0733104515","O","Thu, 27 Nov 2025 13:06:19","Houses for rent","Kicukiro","RWF 500,000"
"https://imali.biz/isaziso/houses-for-rent/27/240378/imp5055253","https://www.img.imali.biz/Im_mini_1/000002/10485_240378_jcfkAQbcO1g.jpg","Inzu ikodeshwa house for rent kinyinya 1000$","O","Wed, 26 Nov 2025 8:13:30","Houses for rent","Gasabo","$ 1,000"
"https://imali.biz/isaziso/houses-for-rent/27/240377/imp52839238","https://www.img.imali.biz/Im_mini_1/000000/10297_240377_WIyC8spmvhx.jpg","Kimironko","O","Tue, 25 Nov 2025 21:45:11","Houses for rent","Gasabo","RWF 600,000"
"https://imali.biz/isaziso/houses-for-rent/27/240376/imp36042470","https://www.img.imali.biz/Im_mini_1/000003/10297_240376_9RSHKvIZtaj.jpg","Kimironko","O","Tue, 25 Nov 2025 21:45:08","Houses for rent","Gasabo","RWF 800,000"
"https://imali.biz/isaziso/houses-for-rent/27/240131/imp32557064","https://www.img.imali.biz/Im_mini_1/000008/10297_240131_Flb5H663nWk.jpg","Kibagabaga kimironko","O","Fri, 21 Nov 2025 18:31:40","Houses for rent","Gasabo","RWF 700,000"
"https://imali.biz/isaziso/houses-for-rent/27/240126/imp33631634","https://www.img.imali.biz/Im_mini_1/000006/10297_240126_IgVaDrop7gG.jpg","Kimironko zindiro","O","Fri, 21 Nov 2025 18:53:28","Houses for rent","Gasabo","RWF 500,000"
"https://imali.biz/isaziso/houses-for-rent/27/239990/imp49369644","https://www.img.imali.biz/Im_mini_1/000005/9562_239990_urpARPLBbAN.jpg","Kibagabaga full furnished house for rent 2200$","O","Fri, 21 Nov 2025 13:44:00","Houses for rent","Gasabo","$ 2,200"
"https://imali.biz/isaziso/plot-for-rent/57/239783/imp49395124","https://www.img.imali.biz/Im_mini_1/000009/9562_239783_sw2ABvCnwQL.jpg","Ikibanza kigurishwa kicukiro kumuhanda ahanuheza c","O","Wed, 19 Nov 2025 13:56:37","Plot for rent","Kicukiro","RWF 60,000,000"
"https://imali.biz/isaziso/houses-for-rent/27/239743/imp16967749","https://www.img.imali.biz/Im_mini_1/000007/10297_239743_uM3NYx9mX2p.jpg","Kibagabaga kimironko","O","Mon, 17 Nov 2025 15:43:10","Houses for rent","Gasabo","RWF 700,000"
"https://imali.biz/isaziso/houses-for-rent/27/239553/imp9118741","https://www.img.imali.biz/Im_mini_1/000007/10297_239553_YylvF0v4jlj.jpg","Kimironko kwamushimire","O","Thu, 13 Nov 2025 17:22:54","Houses for rent","Gasabo","RWF 400,000"
"https://imali.biz/isaziso/houses-for-rent/27/239313/imp45511413","https://www.img.imali.biz/Im_mini_1/000003/7493_239313_xpDuJuLIumC.jpg","Inzu nziza ikodeshwa","O","Sun, 09 Nov 2025 14:23:10","Houses for rent","Kicukiro","RWF 600,000"
"https://imali.biz/isaziso/houses-for-rent/27/239066/imp59761533","https://www.img.imali.biz/Im_mini_1/000006/10541_239066_VhlFaYZQ2bE.jpg","INZU NZIZA IKODESHWA","O","Sun, 02 Nov 2025 11:07:20","Houses for rent","Kicukiro","RWF 700,000"
"https://imali.biz/isaziso/houses-for-rent/27/238966/imp3847184","https://www.img.imali.biz/Im_mini_1/000005/6718_238966_HtcTYRzDcCr.jpg","kicukiro house for rent","O","Fri, 31 Oct 2025 11:04:49","Houses for rent","Kicukiro","RWF 700,000"
"https://imali.biz/isaziso/houses-for-rent/27/238912/imp50582304","https://www.img.imali.biz/Im_mini_1/000006/10297_238912_ZoBeDdXYqR2.jpg","Kimironko","O","Thu, 30 Oct 2025 16:29:25","Houses for rent","Gasabo","RWF 500,000"
"https://imali.biz/isaziso/houses-for-rent/27/238861/imp28405391","https://www.img.imali.biz/Im_mini_1/000000/10297_238861_nVtYIKVPaHE.jpg","Kimironko","O","Wed, 29 Oct 2025 15:04:35","Houses for rent","Gasabo","RWF 600,000"
"https://imali.biz/isaziso/houses-for-rent/27/238860/imp55800423","https://www.img.imali.biz/Im_mini_1/000007/10297_238860_cANsh5ZchF5.jpg","Kimironko","O","Wed, 29 Oct 2025 15:04:44","Houses for rent","Gasabo","RWF 450,000"
"https://imali.biz/isaziso/houses-for-rent/27/238801/imp34806033","https://www.img.imali.biz/Im_mini_1/000000/10297_238801_R4cqSS4MaW5.jpg","Kimironko","O","Tue, 28 Oct 2025 9:05:40","Houses for rent","Gasabo","RWF 700,000"
"https://imali.biz/isaziso/houses-for-rent/27/238799/imp49919002","https://www.img.imali.biz/Im_mini_1/000007/10297_238799_F6qbcOeDYpz.jpg","Kimironko","O","Tue, 28 Oct 2025 8:44:14","Houses for rent","Gasabo","RWF 300,000"
"https://imali.biz/isaziso/houses-for-rent/27/238798/imp10783892","https://www.img.imali.biz/Im_mini_1/000005/10297_238798_LHX0bKT8UI6.jpg","Kimironko","O","Tue, 28 Oct 2025 8:22:50","Houses for rent","Gasabo","RWF 300,000"
"https://imali.biz/isaziso/houses-for-rent/27/238797/imp25924505","https://www.img.imali.biz/Im_mini_1/000003/10297_238797_JFCI5Ss2uJj.jpg","Kimironko kibagabaga","O","Tue, 28 Oct 2025 9:05:31","Houses for rent","Gasabo","RWF 500,000"
"https://imali.biz/isaziso/plot-for-rent/57/238708/imp29420294","https://www.img.imali.biz/Im_mini_1/000003/10532_238708_L8fUsFfwVkM.jpg","ikibanza tugurisha kibagabaga kumuhanda","O","Mon, 27 Oct 2025 11:08:59","Plot for rent","Gasabo","RWF 75,000,000"
"https://imali.biz/isaziso/plot-for-rent/57/238706/imp18105932","https://www.img.imali.biz/Im_mini_1/000001/10532_238706_v1p3GeVa17V.jpg","ikibanza tugurisha kibagabaga kumuhanda","O","Mon, 27 Oct 2025 11:08:55","Plot for rent","Gasabo","RWF 300,000,000"
"https://imali.biz/isaziso/houses-for-rent/27/238637/imp35606801","https://www.img.imali.biz/Im_mini_1/000006/10532_238637_VjHIDHmXbsV.jpg","Inzu dukodesha 700k kimironko №0785582552","O","Thu, 23 Oct 2025 9:19:18","Houses for rent","Gasabo","RWF 700,000"
"https://imali.biz/isaziso/houses-for-rent/27/238599/imp47812274","https://www.img.imali.biz/Im_mini_1/000008/7493_238599_qrPdTyXNCBD.jpg","inzu nziza ikodeshwa","O","Wed, 22 Oct 2025 11:35:23","Houses for rent","Kicukiro","RWF 600,000"
"https://imali.biz/isaziso/office/95/238532/imp27481805","https://www.img.imali.biz/Im_mini_1/000002/6063_238532_pq2N66SNmHh.jpg","Ukeneye imiryango y'ubucuruzi kd myiza cyane","O","Tue, 21 Oct 2025 9:02:38","Office","Gasabo","RWF 500,000"
"https://imali.biz/isaziso/houses-for-rent/27/238531/imp54044046","https://www.img.imali.biz/Im_mini_1/000006/6063_238531_FItU4GT6hHd.jpg","Iyinzu ndayikodesha ibihumbi 300frw","O","Tue, 21 Oct 2025 9:01:47","Houses for rent","Gasabo","RWF 300,000"
"https://imali.biz/isaziso/houses-for-rent/27/238467/imp47748908","https://www.img.imali.biz/Im_mini_1/000007/6718_238467_hbcmETBiyBD.jpg","HOUSE Fully Furnished FOR SALE AT GISENYI","O","Mon, 20 Oct 2025 9:41:33","Houses for rent","Rubavu","$ 1,000"
"https://imali.biz/isaziso/houses-for-rent/27/238140/imp54886130","https://www.img.imali.biz/Im_mini_1/000001/10297_238140_MiSSYOj0nhG.jpg","Inzu ikodeshwwa cumi nakabiri kote yakanombe","O","Thu, 16 Oct 2025 8:48:46","Houses for rent","Kicukiro","RWF 400,000"
"https://imali.biz/isaziso/houses-for-rent/27/238136/imp31328100","https://www.img.imali.biz/Im_mini_1/000008/10297_238136_ZjH5X9GSYqD.jpg","Inzu ikodeshwa kimironko munsi yisoko","O","Thu, 16 Oct 2025 8:48:34","Houses for rent","Gasabo","RWF 900,000"
"https://imali.biz/isaziso/plot-for-rent/57/237830/imp42404162","https://www.img.imali.biz/Im_mini_1/000008/10471_237830_OpnMTGkJ6Hq.jpg","Ikibanza kigurishwa","O","Sat, 11 Oct 2025 20:23:05","Plot for rent","Kicukiro","RWF 38,000,000"
"https://imali.biz/isaziso/apartment-for-rent/91/237617/imp2827391","https://www.img.imali.biz/Im_mini_1/000005/10297_237617_KARaw21llxU.jpg","Inzu ikodeshwa kwamushimire","O","Fri, 10 Oct 2025 12:10:42","Apartment for rent","Gasabo","RWF 400,000"
"https://imali.biz/isaziso/houses-for-rent/27/237551/imp10201661","https://www.img.imali.biz/Im_mini_1/000004/10297_237551_vRP7wUfxfBz.jpg","Inzu ikodeshwa kimironko","O","Thu, 09 Oct 2025 9:08:38","Houses for rent","Gasabo","RWF 250,000"
"https://imali.biz/isaziso/houses-for-rent/27/237488/imp51502415","https://www.img.imali.biz/Im_mini_1/000005/10297_237488_vRyND6EKGYz.jpg","Kimironko","O","Wed, 08 Oct 2025 12:07:08","Houses for rent","Gasabo","RWF 700,000"
"https://imali.biz/isaziso/houses-for-rent/27/237470/imp41756696","https://www.img.imali.biz/Im_mini_1/000005/10297_237470_tIX5TiH82E7.jpg","Kimironko","O","Wed, 08 Oct 2025 10:03:16","Houses for rent","Gasabo","RWF 500,000"
"https://imali.biz/isaziso/houses-for-rent/27/237210/imp39455529","https://www.img.imali.biz/Im_mini_1/000003/7493_237210_JjIZQmkTE9m.jpg","Inzu nziza ikodeshwa","O","Sat, 04 Oct 2025 18:15:13","Houses for rent","Kicukiro","RWF 700,000"
"https://imali.biz/isaziso/houses-for-rent/27/237138/imp41055648","https://www.img.imali.biz/Im_mini_1/000005/10297_237138_ULvxxI3roVq.jpg","Kibagabaga kimironko","O","Sat, 04 Oct 2025 13:43:00","Houses for rent","Gasabo","RWF 300,000"
"https://imali.biz/isaziso/houses-for-rent/27/237136/imp5315096","https://www.img.imali.biz/Im_mini_1/000002/10297_237136_0SKZ9wvhBD5.jpg","Kimironko ahantu heza","O","Sat, 04 Oct 2025 13:43:15","Houses for rent","Gasabo","RWF 300,000"
"https://imali.biz/isaziso/houses-for-rent/27/237135/imp30694163","https://www.img.imali.biz/Im_mini_1/000005/10297_237135_nfiYwPVOotp.jpg","Kimironko ahantu heza","O","Sat, 04 Oct 2025 13:43:15","Houses for rent","Gasabo","RWF 900,000"
"https://imali.biz/isaziso/houses-for-rent/27/237072/imp17832651","https://www.img.imali.biz/Im_mini_1/000009/10297_237072_DQiV0fvrFJh.jpg","Inzu ikodeshwa kimironko zindiro","O","Thu, 02 Oct 2025 22:05:02","Houses for rent","Gasabo","RWF 400,000"
"https://imali.biz/isaziso/houses-for-rent/27/237071/imp36195432","https://www.img.imali.biz/Im_mini_1/000006/10297_237071_DzTk4iZzLMD.jpg","Inzu ikodeshwa hafi nibitaro byamasaka","O","Thu, 02 Oct 2025 22:06:35","Houses for rent","Kicukiro","RWF 400,000"
"https://imali.biz/isaziso/houses-for-rent/27/237070/imp49800683","https://www.img.imali.biz/Im_mini_1/000008/10297_237070_8WE7yvjnFtl.jpg","Inzu ikodeshwa kimironko zindiro","O","Thu, 02 Oct 2025 22:06:35","Houses for rent","Gasabo","RWF 350,000"
"https://imali.biz/isaziso/plot-for-rent/57/237036/imp45414619","https://www.img.imali.biz/Im_mini_1/000000/9562_237036_JuWXFEoPofc.jpg","Ikibanza kigurishwa Kibagabaga ku muhanda ahanuhez","O","Thu, 02 Oct 2025 10:16:59","Plot for rent","Gasabo","RWF 150,000,000"
"https://imali.biz/isaziso/houses-for-rent/27/237022/imp41591929","https://www.img.imali.biz/Im_mini_1/000003/10297_237022_yHJMUONnSnp.jpg","Inzu ikodeshwa kimironko zindiro","O","Thu, 02 Oct 2025 10:36:39","Houses for rent","Gasabo","RWF 600,000"
"https://imali.biz/isaziso/houses-for-rent/27/237021/imp3191408","https://www.img.imali.biz/Im_mini_1/000000/10297_237021_alhHyU6Khv2.jpg","Kigali parensi kote yakanombe","O","Thu, 02 Oct 2025 10:36:30","Houses for rent","Kicukiro","RWF 400,000"
"https://imali.biz/isaziso/houses-for-rent/27/236857/imp15102402","https://www.img.imali.biz/Im_mini_1/000009/10532_236857_cx0F8Uz8l22.jpg","Full furnished house for rent  kanombe nyarugunga","O","Tue, 30 Sep 2025 11:04:10","Houses for rent","Kicukiro","RWF 700,000"
"https://imali.biz/isaziso/houses-for-rent/27/236794/imp19694119","https://www.img.imali.biz/Im_mini_1/000001/7493_236794_46GbuKV4vL8.jpg","inzu nziza ikodeshwa","O","Mon, 29 Sep 2025 11:32:50","Houses for rent","Kicukiro","RWF 700,000"
"https://imali.biz/isaziso/houses-for-rent/27/236775/imp2488796","https://www.img.imali.biz/Im_mini_1/000002/7493_236775_FRTkCS964fW.jpg","Inzu nziza ikodeshwa","O","Sun, 28 Sep 2025 20:02:40","Houses for rent","Kicukiro","RWF 700,000"
"https://imali.biz/isaziso/houses-for-rent/27/236632/imp35802194","https://www.img.imali.biz/Im_mini_1/000002/10297_236632_VK7vblBXjsd.jpg","Kimironko kwamushimire","O","Fri, 26 Sep 2025 17:51:47","Houses for rent","Gasabo","RWF 200,000"
"https://imali.biz/isaziso/houses-for-rent/27/236560/imp23392465","https://www.img.imali.biz/Im_mini_1/000006/7493_236560_RJMAqv55PY5.jpg","Inzu nziza ikodeshwa","O","Thu, 25 Sep 2025 9:00:48","Houses for rent","Nyarugenge","RWF 300,000"
"https://imali.biz/isaziso/apartment-for-rent/91/236558/imp36343200","https://www.img.imali.biz/Im_mini_1/000000/10297_236558_mFnojDfmqy2.jpg","Kimironko kwamushimire","O","Wed, 24 Sep 2025 23:57:15","Apartment for rent","Gasabo","RWF 350,000"
"https://imali.biz/isaziso/houses-for-rent/27/236543/imp2185045","https://www.img.imali.biz/Im_mini_1/000006/10297_236543_JUeGKP02N81.jpg","Inzu ikodeshwa kimironko zindiro","O","Wed, 24 Sep 2025 12:16:34","Houses for rent","Gasabo","RWF 400,000"
"https://imali.biz/isaziso/houses-for-rent/27/236032/imp1088317","https://www.img.imali.biz/Im_mini_1/000002/10496_236032_cycLJ69x8UM.jpg","Full furnished house for rent kanombe nyarugunga","O","Wed, 17 Sep 2025 11:00:29","Houses for rent","Kicukiro","RWF 700,000"
"https://imali.biz/isaziso/houses-for-rent/27/235861/imp3964674","https://www.img.imali.biz/Im_mini_1/000003/10471_235861_S3bC5w2TzBa.jpg","Inzu ikodeshwa","O","Sat, 13 Sep 2025 22:58:40","Houses for rent","Kicukiro","RWF 1,500,000"
"https://imali.biz/isaziso/houses-for-rent/27/235855/imp4540106","https://www.img.imali.biz/Im_mini_1/000006/10471_235855_4jEFicEdDCD.jpg","Inzu ikodeshwa","O","Fri, 12 Sep 2025 9:17:54","Houses for rent","Kicukiro","RWF 1,500,000"
"https://imali.biz/isaziso/apartment-for-rent/91/235723/imp54349905","https://www.img.imali.biz/Im_mini_1/000006/7493_235723_7Uf93WIr1wR.jpg","Apartment nziza ikodeshwa","O","Wed, 10 Sep 2025 15:23:20","Apartment for rent","Kicukiro","RWF 600,000"
"https://imali.biz/isaziso/apartment-for-rent/91/235722/imp50373118","https://www.img.imali.biz/Im_mini_1/000008/7493_235722_4JbYbGAA8ch.jpg","Apartment nziza ikodeshwa","O","Wed, 10 Sep 2025 16:07:24","Apartment for rent","Kicukiro","RWF 600,000"
"https://imali.biz/isaziso/houses-for-rent/27/235716/imp8899606","https://www.img.imali.biz/Im_mini_1/000008/10471_235716_pqOKqyVfVH0.jpg","Inzu ikodeshwa","O","Wed, 10 Sep 2025 7:53:16","Houses for rent","Kicukiro","RWF 1,800,000"
"https://imali.biz/isaziso/houses-for-rent/27/235659/imp34607829","https://www.img.imali.biz/Im_mini_1/000007/10297_235659_kp1AXGXSXlY.jpg","Inzu okodeshwa kimironko","O","Tue, 09 Sep 2025 7:47:06","Houses for rent","Gasabo","RWF 250,000"
"https://imali.biz/isaziso/houses-for-rent/27/235658/imp2774896","https://www.img.imali.biz/Im_mini_1/000009/10297_235658_2cSjsCH8wAe.jpg","Inzu okodeshwa kimironko","O","Tue, 09 Sep 2025 7:47:06","Houses for rent","Gasabo","RWF 500,000"
"https://imali.biz/isaziso/houses-for-rent/27/235653/imp14609391","https://www.img.imali.biz/Im_mini_1/000004/10297_235653_Y5MYyOc71jE.jpg","Kibagabaga kimironko","O","Mon, 08 Sep 2025 20:45:40","Houses for rent","Gasabo","RWF 1,000,000"
"https://imali.biz/isaziso/houses-for-rent/27/235651/imp12816595","https://www.img.imali.biz/Im_mini_1/000005/10297_235651_yjC7JbB2JCH.jpg","Etaje. ikodeshwa kimironko","O","Mon, 08 Sep 2025 20:45:45","Houses for rent","Gasabo","RWF 1,000,000"
"https://imali.biz/isaziso/houses-for-rent/27/235550/imp17969118","https://www.img.imali.biz/Im_mini_1/000009/10525_235550_fUpNLvUDlJz.jpg","House for rent","O","Sat, 06 Sep 2025 17:52:09","Houses for rent","Gasabo","RWF 600,000"
"https://imali.biz/isaziso/apartment-for-rent/91/235539/imp23021697","https://www.img.imali.biz/Im_mini_1/000002/7493_235539_VswoYasy7WU.jpg","Apartment nziza ikodeshwa","O","Sat, 06 Sep 2025 17:52:49","Apartment for rent","Kicukiro","RWF 450,000"
"https://imali.biz/isaziso/houses-for-rent/27/235286/imp46281472","https://www.img.imali.biz/Im_mini_1/000004/8851_235286_CmoBt5VCfLT.jpg","Nice house for rent at kanombe","O","Mon, 01 Sep 2025 7:12:31","Houses for rent","Kicukiro","RWF 450,000"
"https://imali.biz/isaziso/houses-for-rent/27/235250/imp43420774","https://www.img.imali.biz/Im_mini_1/000005/10297_235250_iVahFmgyxdI.jpg","Kimironko zindiro","O","Sat, 30 Aug 2025 18:14:56","Houses for rent","Gasabo","RWF 300,000"
"https://imali.biz/isaziso/plot-for-rent/57/235135/imp58837845","https://www.img.imali.biz/Im_mini_1/000001/10333_235135_Sg6njYEU4ot.jpg","Ikibanza tugurisha kibagabaga ahantu heza","O","Thu, 28 Aug 2025 10:04:53","Plot for rent","Gasabo","RWF 250,000,000"
"https://imali.biz/isaziso/houses-for-rent/27/235116/imp18089108","https://www.img.imali.biz/Im_mini_1/000008/10297_235116_JqnGfpJGXXG.jpg","Kimironko munsi yageza","O","Thu, 28 Aug 2025 7:18:18","Houses for rent","Gasabo","RWF 800,000"
"https://imali.biz/isaziso/houses-for-rent/27/235115/imp28611400","https://www.img.imali.biz/Im_mini_1/000008/10297_235115_ezvKputBQzS.jpg","Kimironko munsi yageza","O","Thu, 28 Aug 2025 7:18:25","Houses for rent","Gasabo","RWF 900,000"
"https://imali.biz/isaziso/houses-for-rent/27/235113/imp19077923","https://www.img.imali.biz/Im_mini_1/000000/10297_235113_32JTtF1A7ao.jpg","Inzu ikodeshwa kuri E F P R. .irusororo","O","Thu, 28 Aug 2025 7:18:30","Houses for rent","Gasabo","RWF 500,000"
"https://imali.biz/isaziso/houses-for-rent/27/235112/imp56655713","https://www.img.imali.biz/Im_mini_1/000002/10297_235112_o4UROLgNWQ1.jpg","Inzu ikodeshwa kimironko","O","Thu, 28 Aug 2025 7:18:34","Houses for rent","Gasabo","RWF 200,000"
"https://imali.biz/isaziso/apartment-for-rent/91/235111/imp10151158","https://www.img.imali.biz/Im_mini_1/000007/10297_235111_FLDxU1QIpqK.jpg","Inzu ikodeshwa kimironko","O","Thu, 28 Aug 2025 7:18:40","Apartment for rent","Gasabo","RWF 300,000"
"https://imali.biz/isaziso/houses-for-rent/27/235006/imp30733877","https://www.img.imali.biz/Im_mini_1/000002/7493_235006_Ko2HqTxMCqt.jpg","inzu nziza ikodeshwa","O","Tue, 26 Aug 2025 7:49:28","Houses for rent","Kicukiro","RWF 500,000"
"https://imali.biz/isaziso/houses-for-rent/27/235003/imp18709779","https://www.img.imali.biz/Im_mini_1/000005/8851_235003_a6cfDKhPbI2.jpg","Nice house for rent at kanombe","O","Tue, 26 Aug 2025 7:49:16","Houses for rent","Kicukiro","RWF 500,000"
"https://imali.biz/isaziso/houses-for-rent/27/235002/imp50535845","https://www.img.imali.biz/Im_mini_1/000001/8851_235002_YjAqdfKiK7y.jpg","Nice house for rent at kanombe","O","Tue, 26 Aug 2025 7:49:16","Houses for rent","Kicukiro","RWF 400,000"
"https://imali.biz/isaziso/plot-for-rent/57/234929/imp37987266","https://www.img.imali.biz/Im_mini_1/000000/10058_234929_B2A1UttA5aR.jpg","Ikibanza kigurishwa cyiherereye KIBAGABAGA","O","Sat, 23 Aug 2025 21:44:13","Plot for rent","Gasabo","RWF 160,000,000"
"https://imali.biz/isaziso/apartment-for-rent/91/234921/imp30016702","https://www.img.imali.biz/Im_mini_1/000002/7493_234921_M7xcESg2OyC.jpg","Apartment nziza ikodeshwa","O","Sat, 23 Aug 2025 13:53:19","Apartment for rent","Kicukiro","RWF 350,000"
"https://imali.biz/isaziso/houses-for-rent/27/234904/imp41107888","https://www.img.imali.biz/Im_mini_1/000001/7493_234904_x9vacVs1fMV.jpg","inzu nziza ikodeshwa","O","Sat, 23 Aug 2025 13:54:36","Houses for rent","Kicukiro","RWF 500,000"
"https://imali.biz/isaziso/houses-for-rent/27/234893/imp8456558","https://www.img.imali.biz/Im_mini_1/000005/7493_234893_BAsj9q6PYMo.jpg","inzu nziza ikodeshwa","O","Sat, 23 Aug 2025 13:53:58","Houses for rent","Kicukiro","RWF 500,000"
"https://imali.biz/isaziso/houses-for-rent/27/234852/imp16206589","https://www.img.imali.biz/Im_mini_1/000008/10297_234852_HqUTnRG7sjI.jpg","Kibagabaha kimironko","O","Fri, 22 Aug 2025 14:15:03","Houses for rent","Gasabo","RWF 800,000"
"https://imali.biz/isaziso/plot-for-rent/57/234822/imp22212931","https://www.img.imali.biz/Im_mini_1/000005/10498_234822_L9OYemGadP2.jpg","ikibanza tugurisha kibagabaga kumuhanda ahanuheza","O","Fri, 22 Aug 2025 10:19:04","Plot for rent","Gasabo","RWF 75,000,000"
"https://imali.biz/isaziso/houses-for-rent/27/234719/imp53047654","https://www.img.imali.biz/Im_mini_1/000009/10297_234719_Ur1LnZ7aeJG.jpg","Inzu  ikodeshwa kuri E F P R .irusororo","O","Thu, 21 Aug 2025 10:55:32","Houses for rent","Gasabo","RWF 600,000"
"https://imali.biz/isaziso/houses-for-rent/27/234671/imp42816208","https://www.img.imali.biz/Im_mini_1/000008/10297_234671_QS62MKmGwzm.jpg","Inzu ikodeshwa kigali parensi kote yakanombe","O","Tue, 19 Aug 2025 19:20:52","Houses for rent","Kicukiro","RWF 550,000"
"https://imali.biz/isaziso/houses-for-rent/27/234670/imp15095194","https://www.img.imali.biz/Im_mini_1/000008/10297_234670_fvLYHBfFEwb.jpg","Inzu ikodeshwa kumurenjye warusororo","O","Tue, 19 Aug 2025 18:58:04","Houses for rent","Gasabo","RWF 600,000"
"https://imali.biz/isaziso/houses-for-rent/27/234669/imp16748343","https://www.img.imali.biz/Im_mini_1/000001/10297_234669_g3q20qwbOBW.jpg","Kimironko munsi yagereza","O","Tue, 19 Aug 2025 18:57:59","Houses for rent","Gasabo","RWF 900,000"
"https://imali.biz/isaziso/houses-for-rent/27/234668/imp49615688","https://www.img.imali.biz/Im_mini_1/000000/10297_234668_dSwEzs9atzq.jpg","Kimironko munsi yisoko ryakimironko","O","Tue, 19 Aug 2025 18:57:59","Houses for rent","Gasabo","RWF 800,000"
"https://imali.biz/isaziso/houses-for-rent/27/234663/imp57950025","https://www.img.imali.biz/Im_mini_1/000008/10333_234663_v0qA2VXiPP7.jpg","Inzu tugurisha kibagabaga ahantu heza cyane","O","Tue, 19 Aug 2025 13:55:04","Houses for rent","Gasabo","RWF 150,000,000"
"https://imali.biz/isaziso/houses-for-rent/27/234658/imp35312649","https://www.img.imali.biz/Im_mini_1/000007/10297_234658_hEtQKg3RqPU.jpg","inzu ikodeshwa kimironko hafi nisoko","O","Tue, 19 Aug 2025 10:30:27","Houses for rent","Gasabo","RWF 500,000"
"https://imali.biz/isaziso/houses-for-rent/27/234629/imp9021305","https://www.img.imali.biz/Im_mini_1/000005/10297_234629_Uj5agntziyE.jpg","Inzu ikodeshwa  kuri azamu","O","Mon, 18 Aug 2025 13:58:55","Houses for rent","Gasabo","RWF 350,000"
"https://imali.biz/isaziso/plot-for-rent/57/234613/imp44925979","https://www.img.imali.biz/Im_mini_1/000003/10333_234613_aXJ6UlTDJz8.jpg","Ikibanza tugurisha kibagabaga ahantu heza cyane","O","Mon, 18 Aug 2025 8:40:18","Plot for rent","Gasabo","RWF 80,000,000"
"https://imali.biz/isaziso/houses-for-rent/27/234473/imp25206925","https://www.img.imali.biz/Im_mini_1/000003/10297_234473_PagM2Hxe9lq.jpg","Inzu ikodesh a kimironko kwamushimire","O","Fri, 15 Aug 2025 17:32:31","Houses for rent","Gasabo","RWF 450,000"
"https://imali.biz/isaziso/houses-for-rent/27/234403/imp54256100","https://www.img.imali.biz/Im_mini_1/000006/7493_234403_kkyFM2Rrvx2.jpg","Inzu nziza ikodeshwa","O","Thu, 14 Aug 2025 20:20:55","Houses for rent","Kicukiro","RWF 500,000"
"https://imali.biz/isaziso/houses-for-rent/27/234383/imp46543000","https://www.img.imali.biz/Im_mini_1/000002/9905_234383_rg3naLl6l5g.jpg","Inzu dukodesha 1M kibagabaga 0785582552","O","Fri, 15 Aug 2025 9:44:26","Houses for rent","Gasabo","RWF 1,000,000"
"https://imali.biz/isaziso/houses-for-rent/27/234318/imp13318213","https://www.img.imali.biz/Im_mini_1/000005/7493_234318_u5PCPMy7bB5.jpg","inzu nziza ikodeshwa","O","Thu, 14 Aug 2025 8:23:44","Houses for rent","Kicukiro","RWF 500,000"
"https://imali.biz/isaziso/apartment-for-rent/91/234277/imp44335961","https://www.img.imali.biz/Im_mini_1/000001/7493_234277_36ASzPN7hxI.jpg","Inzu nziza ikodeshwa","O","Wed, 13 Aug 2025 8:01:26","Apartment for rent","Kicukiro","RWF 300,000"
"https://imali.biz/isaziso/apartment-for-rent/91/234236/imp26117260","https://www.img.imali.biz/Im_mini_1/000008/10297_234236_qJeXSwWaki5.jpg","Aparitema ikodeshwa zindiro","O","Tue, 12 Aug 2025 16:15:26","Apartment for rent","Gasabo","RWF 300,000"
"https://imali.biz/isaziso/apartment-for-rent/91/234235/imp16979303","https://www.img.imali.biz/Im_mini_1/000003/10297_234235_sBYcoUPFLP3.jpg","Aparitema ikodeshwa zindiro","O","Tue, 12 Aug 2025 16:15:24","Apartment for rent","Gasabo","RWF 400,000"
"https://imali.biz/isaziso/plot-for-rent/57/234223/imp30028037","https://www.img.imali.biz/Im_mini_1/000003/10058_234223_xfkMVavhNDQ.jpg","Ikibanza kigurishwa cyiherereye KICUKIRO gahanga","O","Tue, 12 Aug 2025 15:10:52","Plot for rent","Kicukiro","RWF 35,000,000"
"https://imali.biz/isaziso/apartment-for-rent/91/234151/imp48360963","https://www.img.imali.biz/Im_mini_1/000008/10297_234151_7ROv1xNJGcN.jpg","Inzu ikodeshwa kimironko","O","Sat, 09 Aug 2025 19:19:56","Apartment for rent","Gasabo","RWF 350,000"
"https://imali.biz/isaziso/houses-for-rent/27/234033/imp50120781","https://www.img.imali.biz/Im_mini_1/000005/10498_234033_UKXUhrCL8LV.jpg","Inzu tugurisha kibagabaga ahantu heza cyane Kimuha","O","Fri, 08 Aug 2025 9:43:51","Houses for rent","Gasabo","RWF 120,000,000"
"https://imali.biz/isaziso/houses-for-rent/27/234032/imp34382618","https://www.img.imali.biz/Im_mini_1/000007/10498_234032_6997mdLHREw.jpg","Inzu tugurisha kibagabaga ahantu heza cyane Kimuha","O","Fri, 08 Aug 2025 9:43:44","Houses for rent","Gasabo","RWF 70,000,000"
"https://imali.biz/isaziso/houses-for-rent/27/234031/imp17693801","https://www.img.imali.biz/Im_mini_1/000009/10498_234031_7BIijDzt2uN.jpg","Inzu tugurisha Kibagabaga ahantu heza cyane kumuha","O","Fri, 08 Aug 2025 9:43:41","Houses for rent","Gasabo","RWF 180,000,000"
"https://imali.biz/isaziso/houses-for-rent/27/234014/imp48294852","https://www.img.imali.biz/Im_mini_1/000002/7493_234014_Hm07vbl5P8f.jpg","Inzu nziza ikodeshwa","O","Fri, 08 Aug 2025 9:43:03","Houses for rent","Kicukiro","RWF 500,000"
"https://imali.biz/isaziso/houses-for-rent/27/233974/imp54837139","https://www.img.imali.biz/Im_mini_1/000000/10297_233974_8Qfr03bKTcK.jpg","Inzu ikodeshwa kimironko kwamushimire","O","Thu, 07 Aug 2025 22:10:16","Houses for rent","Gasabo","RWF 500,000"
"https://imali.biz/isaziso/houses-for-rent/27/233973/imp42138720","https://www.img.imali.biz/Im_mini_1/000003/10297_233973_IwQ2mAR5ENN.jpg","Inzu ikodeshwa kimironko","O","Thu, 07 Aug 2025 22:10:16","Houses for rent","Gasabo","RWF 500,000"
"https://imali.biz/isaziso/houses-for-rent/27/233966/imp29765059","https://www.img.imali.biz/Im_mini_1/000006/10297_233966_XOU9IDprQbD.jpg","Inzu ikodeshwa kimironko","O","Thu, 07 Aug 2025 20:16:00","Houses for rent","Gasabo","RWF 800,000"
"https://imali.biz/isaziso/plot-for-rent/57/233960/imp30704735","https://www.img.imali.biz/Im_mini_1/000002/10498_233960_lCVAVdvSnDJ.jpg","ikibanza tugurisha rusororo kumuhanda ahanuheza","O","Thu, 07 Aug 2025 10:07:03","Plot for rent","Gasabo","RWF 150,000,000"
"https://imali.biz/isaziso/houses-for-rent/27/233943/imp12936261","https://www.img.imali.biz/Im_mini_1/000009/7493_233943_KTzdgv2DK2w.jpg","Inzu nziza ikodeshwa","O","Thu, 07 Aug 2025 8:18:26","Houses for rent","Kicukiro","RWF 500,000"
"https://imali.biz/isaziso/houses-for-rent/27/233916/imp42438542","https://www.img.imali.biz/Im_mini_1/000004/10297_233916_kygETVjGG3K.jpg","Inzu ikodeshwa imasoro hafi ninganda","O","Wed, 06 Aug 2025 7:59:09","Houses for rent","Gasabo","RWF 350,000"
"https://imali.biz/isaziso/houses-for-rent/27/233915/imp47504575","https://www.img.imali.biz/Im_mini_1/000002/10297_233915_VeTKjlOgjau.jpg","Inzu ikodeshwa kimironko zindiro","O","Wed, 06 Aug 2025 7:59:14","Houses for rent","Gasabo","RWF 350,000"
"https://imali.biz/isaziso/houses-for-rent/27/233893/imp8978071","https://www.img.imali.biz/Im_mini_1/000004/7493_233893_eymSWokYJZI.jpg","Inzu nziza ikodeshwa","O","Tue, 05 Aug 2025 7:21:56","Houses for rent","Kicukiro","RWF 500,000"
"https://imali.biz/isaziso/houses-for-rent/27/233874/imp58155193","https://www.img.imali.biz/Im_mini_1/000005/9905_233874_OCOIW7xnloq.jpg","Inzu dukodesha Kibagabaga 1200$ 0785582552","O","Sun, 03 Aug 2025 19:56:11","Houses for rent","Gasabo","RWF 1,700,000"
"https://imali.biz/isaziso/houses-for-rent/27/233872/imp27889097","https://www.img.imali.biz/Im_mini_1/000009/7493_233872_1GPtSaJfx1E.jpg","Inzu nziza ikodeshwa","O","Sun, 03 Aug 2025 19:56:07","Houses for rent","Kicukiro","RWF 500,000"
"https://imali.biz/isaziso/houses-for-rent/27/233871/imp15590379","https://www.img.imali.biz/Im_mini_1/000003/7493_233871_hQmtae4MtD7.jpg","Inzu nziza ikodeshwa","O","Sun, 03 Aug 2025 19:55:46","Houses for rent","Kicukiro","RWF 500,000"
"https://imali.biz/isaziso/houses-for-rent/27/233868/imp4793957","https://www.img.imali.biz/Im_mini_1/000008/7493_233868_ajsEWYssh5p.jpg","Inzu nziza ikodeshwa","O","Sun, 03 Aug 2025 20:37:45","Houses for rent","Kicukiro","RWF 500,000"
"https://imali.biz/isaziso/plot-for-rent/57/233575/imp54306619","https://www.img.imali.biz/Im_mini_1/000008/10498_233575_5taSurpVeLb.jpg","ikibanza tugurisha kimiro kumuhanda ahanuhezacyane","O","Wed, 30 Jul 2025 20:10:08","Plot for rent","Gasabo","RWF 280,000,000"
"https://imali.biz/isaziso/plot-for-rent/57/233574/imp26722055","https://www.img.imali.biz/Im_mini_1/000000/10498_233574_a9UTJDA2CtX.jpg","Ikibanza tugurisha Remera kumuhanda ahantu heza cy","O","Wed, 30 Jul 2025 20:10:10","Plot for rent","Gasabo","RWF 160,000,000"
"https://imali.biz/isaziso/plot-for-rent/57/233527/imp14594560","https://www.img.imali.biz/Im_mini_1/000004/10498_233527_faNyWVCPqTG.jpg","Ikibanza tugurisha Kibagabaga ahantu heza cyane ku","O","Wed, 30 Jul 2025 11:02:55","Plot for rent","Gasabo","RWF 160,000,000"
"https://imali.biz/isaziso/houses-for-rent/27/233517/imp6704450","https://www.img.imali.biz/Im_mini_1/000000/10496_233517_ow9SCGLNh0S.jpg","Inzu dukodesha 600k kanombe kwabamporiki","O","Wed, 30 Jul 2025 8:52:44","Houses for rent","Kicukiro","RWF 600,000"
"https://imali.biz/isaziso/houses-for-rent/27/233497/imp24270080","https://www.img.imali.biz/Im_mini_1/000006/10297_233497_2QqOItgoSbo.jpg","Inzu ikodeshwa ntiboyi kicukiro","O","Wed, 30 Jul 2025 8:52:44","Houses for rent","Kicukiro","RWF 800,000"
"https://imali.biz/isaziso/houses-for-rent/27/233477/imp51408198","https://www.img.imali.biz/Im_mini_1/000004/10496_233477_NdL0W80j8V1.jpg","Inzu dukodesha Kibagabaga 1200$ 0785582552","O","Tue, 29 Jul 2025 12:59:12","Houses for rent","Gasabo","$ 1,200"
"https://imali.biz/isaziso/houses-for-rent/27/233439/imp39458137","https://www.img.imali.biz/Im_mini_1/000008/10124_233439_lAV7fSQmuUm.jpg","Inzu dukodesha 600k kanombe kwabamporiki","O","Tue, 29 Jul 2025 8:07:09","Houses for rent","Kicukiro","RWF 600,000"
"https://imali.biz/isaziso/houses-for-rent/27/233412/imp16154896","https://www.img.imali.biz/Im_mini_1/000009/10297_233412_3Bdk3e9Zrmj.jpg","Inzu ikodeshwa kuri AzaMU","O","Tue, 29 Jul 2025 8:06:32","Houses for rent","Gasabo","RWF 400,000"
"https://imali.biz/isaziso/houses-for-rent/27/233399/imp23439097","https://www.img.imali.biz/Im_mini_1/000009/10297_233399_JGh6VlLMbhX.jpg","Inzu ikodeshwa kimironko","O","Mon, 28 Jul 2025 15:06:56","Houses for rent","Gasabo","RWF 700,000"
"https://imali.biz/isaziso/houses-for-rent/27/233398/imp20953399","https://www.img.imali.biz/Im_mini_1/000002/10297_233398_AcUfeQ62Os7.jpg","Inzu ikodeshwa kimironko","O","Mon, 28 Jul 2025 13:32:30","Houses for rent","Gasabo","RWF 700,000"
"https://imali.biz/isaziso/houses-for-rent/27/233372/imp57934292","https://www.img.imali.biz/Im_mini_1/000003/7493_233372_iyzsdjfyGgf.jpg","Inzu nziza ikodeshwa","O","Mon, 28 Jul 2025 7:41:34","Houses for rent","Kicukiro","RWF 300,000"
"https://imali.biz/isaziso/houses-for-rent/27/233370/imp31291938","https://www.img.imali.biz/Im_mini_1/000007/7493_233370_XLRSysehURH.jpg","Inzu nziza ikodeshwa","O","Mon, 28 Jul 2025 7:41:37","Houses for rent","Kicukiro","RWF 500,000"
"https://imali.biz/isaziso/houses-for-rent/27/233365/imp56651875","https://www.img.imali.biz/Im_mini_1/000004/10297_233365_JX57ZdPVUWx.jpg","Ntiboyi kicukiro","O","Sun, 27 Jul 2025 7:42:25","Houses for rent","Kicukiro","$ 1,000"
"https://imali.biz/isaziso/houses-for-rent/27/233363/imp12577376","https://www.img.imali.biz/Im_mini_1/000004/10297_233363_sKDFeiZzMnN.jpg","Kicukiro ntiboyi","O","Sat, 26 Jul 2025 17:43:46","Houses for rent","Kicukiro","$ 1,000"
"https://imali.biz/isaziso/plot-for-rent/57/233267/imp6252791","https://www.img.imali.biz/Im_mini_1/000003/10498_233267_UU2RZV9euIQ.jpg","ikibanza tugurisha kibagabaga kumuhanda ahanuhezac","O","Fri, 25 Jul 2025 20:01:26","Plot for rent","Gasabo","RWF 170,000,000"
"https://imali.biz/isaziso/plot-for-rent/57/233265/imp32639082","https://www.img.imali.biz/Im_mini_1/000004/10498_233265_MgqcwuL2HeO.jpg","ikibanza tugurisha kibagabaga kumuhanda murisite","O","Fri, 25 Jul 2025 20:04:51","Plot for rent","Gasabo","RWF 300,000,000"
"https://imali.biz/isaziso/warehouse/98/233231/imp38746839","https://www.img.imali.biz/Im_mini_1/000001/926_233231_6OlKVatsFqI.jpg","Warehouses for rent in Masoro/Depo ikodeshwa I Mas","O","Fri, 25 Jul 2025 10:35:46","Warehouse","Gasabo","$ 7"
"https://imali.biz/isaziso/plot-for-rent/57/233134/imp38582986","https://www.img.imali.biz/Im_mini_1/000000/10058_233134_qFyxQrFWPiX.jpg","Ikibanza kigurishwa cyiherereye KIBAGABAGA","O","Thu, 24 Jul 2025 20:59:20","Plot for rent","Gasabo","RWF 83,000,000"
"https://imali.biz/isaziso/plot-for-rent/57/233026/imp8082046","https://www.img.imali.biz/Im_mini_1/000007/10498_233026_5X0296xwiNq.jpg","ikibanza tugurisha kibagabaga kumuhanda ahanuheza","O","Wed, 23 Jul 2025 22:22:11","Plot for rent","Gasabo","RWF 150,000,000"
"https://imali.biz/isaziso/plot-for-rent/57/233018/imp41454470","https://www.img.imali.biz/Im_mini_1/000001/10498_233018_EMishmEcW8s.jpg","ikibanza tugurisha kibagabaga kumuhanda ahanuheza","O","Wed, 23 Jul 2025 22:12:03","Plot for rent","Gasabo","RWF 120,000,000"
"https://imali.biz/isaziso/plot-for-rent/57/232946/imp28944645","https://www.img.imali.biz/Im_mini_1/000005/6718_232946_sXrNKR7ZMQp.jpg","Rwamagana MUHAZI PLOT FOR SALE @50M","O","Wed, 23 Jul 2025 8:56:59","Plot for rent","Rwamagana","RWF 50,000,000"
"https://imali.biz/isaziso/plot-for-rent/57/232944/imp34781052","https://www.img.imali.biz/Im_mini_1/000003/6718_232944_cII2csmtQvx.jpg","NYAMIRAMBO PLOT FOR SALE","O","Wed, 23 Jul 2025 8:57:03","Plot for rent","Nyarugenge","RWF 40,000,000"
"https://imali.biz/isaziso/houses-for-rent/27/232907/imp31667785","https://www.img.imali.biz/Im_mini_1/000009/7493_232907_ONLvwaSC8dQ.jpg","Inzu nziza ikodeshwa","O","Tue, 22 Jul 2025 11:39:21","Houses for rent","Kicukiro","RWF 350,000"
"https://imali.biz/isaziso/plot-for-rent/57/232834/imp19023378","https://www.img.imali.biz/Im_mini_1/000000/10498_232834_6YP9SVxOEcl.jpg","Ikibanza tugurisha Kibagabaga ahantu heza cyane","O","Mon, 21 Jul 2025 14:20:47","Plot for rent","Gasabo","RWF 80,000,000"
"https://imali.biz/isaziso/plot-for-rent/57/232622/imp27872379","https://www.img.imali.biz/Im_mini_1/000005/10498_232622_dvlFbwnJHXC.jpg","ikinanza tugurisha kibagabaga kumuhanda ahanuhezac","O","Fri, 18 Jul 2025 17:47:54","Plot for rent","Gasabo","RWF 160,000,000"
"https://imali.biz/isaziso/plot-for-rent/57/232620/imp47219801","https://www.img.imali.biz/Im_mini_1/000009/10498_232620_wYA9e1FUTIa.jpg","ikibanza tugurisha kanombe kumuhanda ahanuhenacyan","O","Fri, 18 Jul 2025 17:47:54","Plot for rent","Kicukiro","RWF 28,000,000"
"https://imali.biz/isaziso/houses-for-rent/27/232614/imp48615713","https://www.img.imali.biz/Im_mini_1/000004/7493_232614_PN0HKtDxgHb.jpg","Inzu nziza ikodeshwa","O","Fri, 18 Jul 2025 17:47:54","Houses for rent","Kicukiro","RWF 400,000"
"https://imali.biz/isaziso/houses-for-rent/27/232612/imp24750357","https://www.img.imali.biz/Im_mini_1/000009/7493_232612_l1PCJZjDiCh.jpg","Inzu nziza ikodeshwa","O","Fri, 18 Jul 2025 17:47:53","Houses for rent","Kicukiro","RWF 400,000"
"https://imali.biz/isaziso/plot-for-rent/57/232424/imp32279105","https://www.img.imali.biz/Im_mini_1/000008/10498_232424_9wwLdVObbUN.jpg","Ikibanza tugurisha Bumbogo kumuhanda ahantu heza","O","Wed, 16 Jul 2025 20:56:58","Plot for rent","Gasabo","RWF 350,000,000"
"https://imali.biz/isaziso/plot-for-rent/57/232421/imp29248787","https://www.img.imali.biz/Im_mini_1/000006/10498_232421_HWrUXLIFaMx.jpg","Ikibanza tugurisha Bumbogo kumuhanda ahantu heza","O","Wed, 16 Jul 2025 20:56:48","Plot for rent","Gasabo","RWF 330,000,000"
"https://imali.biz/isaziso/plot-for-rent/57/232418/imp6563527","https://www.img.imali.biz/Im_mini_1/000006/10498_232418_4jcPKqDgiKC.jpg","Ikibanza tugurisha Bumbogo kumuhanda ahantu heza","O","Wed, 16 Jul 2025 20:56:32","Plot for rent","Gasabo","RWF 380,000,000"
"https://imali.biz/isaziso/plot-for-rent/57/232414/imp2237956","https://www.img.imali.biz/Im_mini_1/000002/10498_232414_OPhIELwTnrb.jpg","Ikibanza tugurisha Kibagabaga ahantu heza cyane","O","Wed, 16 Jul 2025 20:44:26","Plot for rent","Gasabo","RWF 180,000,000"
"https://imali.biz/isaziso/plot-for-rent/57/232411/imp50122391","https://www.img.imali.biz/Im_mini_1/000005/10498_232411_cZhE6VlhvBU.jpg","Ikibanza tugurisha Kibagabaga ahantu heza cyane","O","Wed, 16 Jul 2025 20:44:32","Plot for rent","Gasabo","RWF 100,000,000"
"https://imali.biz/isaziso/plot-for-rent/57/232405/imp28149744","https://www.img.imali.biz/Im_mini_1/000002/10498_232405_XOcNjxVNSDD.jpg","Ikibanza tugurisha Kibagabaga ahantu heza cyane","O","Wed, 16 Jul 2025 20:44:35","Plot for rent","Gasabo","RWF 140,000,000"
"https://imali.biz/isaziso/plot-for-rent/57/232402/imp43246340","https://www.img.imali.biz/Im_mini_1/000007/10498_232402_FKYt3ZPlyFp.jpg","Ikibanza tugurisha Gacuriro ahantu heza cyane","O","Wed, 16 Jul 2025 20:44:38","Plot for rent","Gasabo","RWF 250,000,000"
"https://imali.biz/isaziso/plot-for-rent/57/232401/imp33272953","https://www.img.imali.biz/Im_mini_1/000002/10498_232401_DIGAdNgeK5W.jpg","Ikibanza tugurisha Kibagabaga ahantu heza cyane","O","Wed, 16 Jul 2025 20:44:38","Plot for rent","Gasabo","RWF 65,000,000"
"https://imali.biz/isaziso/houses-for-rent/27/232299/imp2110896","https://www.img.imali.biz/Im_mini_1/000001/7493_232299_NhtaOMhjNjx.jpg","Inzu nziza ikodeshwa","O","Tue, 15 Jul 2025 9:15:44","Houses for rent","Kicukiro","RWF 400,000"
"https://imali.biz/isaziso/houses-for-rent/27/232298/imp35650744","https://www.img.imali.biz/Im_mini_1/000000/7493_232298_Iq5lnbdxVQz.jpg","Inzu nziza ikodeshwa","O","Tue, 15 Jul 2025 9:15:44","Houses for rent","Kicukiro","RWF 400,000"
"https://imali.biz/isaziso/houses-for-rent/27/232278/imp51093311","https://www.img.imali.biz/Im_mini_1/000007/7493_232278_I1GWcNQzAsb.jpg","Inzu nziza ikodeshwa","O","Mon, 14 Jul 2025 7:50:48","Houses for rent","Kicukiro","RWF 500,000"
"https://imali.biz/isaziso/shop/96/232260/imp3263762","https://www.img.imali.biz/Im_mini_1/000003/926_232260_UMc4RyiG5wP.jpg","A Very nice petroleum station for rent in Kigali.","O","Sat, 12 Jul 2025 13:50:33","Shop","Gasabo","RWF 13,000,000"
"https://imali.biz/isaziso/warehouse/98/232233/imp58167212","https://www.img.imali.biz/Im_mini_1/000000/926_232233_a259sqM7IIY.jpg","Warehouses for rent/Depo zikodeshwa I Masoro Gikon","O","Sat, 12 Jul 2025 13:45:17","Warehouse","Gasabo","$ 7"
"https://imali.biz/isaziso/plot-for-rent/57/232158/imp46666688","https://www.img.imali.biz/Im_mini_1/000006/10333_232158_4POj2uGfQ3Z.jpg","Ikibanza tugurisha bumbogo musave murisite","O","Fri, 11 Jul 2025 14:08:10","Plot for rent","Gasabo","RWF 14,000,000"
"https://imali.biz/isaziso/plot-for-rent/57/232105/imp37986496","https://www.img.imali.biz/Im_mini_1/000007/10498_232105_oR6IWYU8EJT.jpg","Ikibanza tugurisha Kibagabaga ahantu heza cyane","O","Thu, 10 Jul 2025 21:43:49","Plot for rent","Gasabo","RWF 450,000,000"
"https://imali.biz/isaziso/plot-for-rent/57/232104/imp27398523","https://www.img.imali.biz/Im_mini_1/000006/10498_232104_n3BB5ni40Bo.jpg","Ikibanza tugurisha Kibagabaga ahantu heza cyane","O","Thu, 10 Jul 2025 21:44:19","Plot for rent","Gasabo","RWF 130,000,000"
"https://imali.biz/isaziso/houses-for-rent/27/231875/imp29609637","https://www.img.imali.biz/Im_mini_1/000001/7493_231875_ioWeTXdw882.jpg","Inzu nziza ikodeshwa","O","Wed, 09 Jul 2025 7:00:44","Houses for rent","Kicukiro","RWF 400,000"
"https://imali.biz/isaziso/houses-for-rent/27/231870/imp18438358","https://www.img.imali.biz/Im_mini_1/000007/10297_231870_GSlsizSgqXF.jpg","Inzu ikodeshwa kimironko munsi yisoko","O","Tue, 08 Jul 2025 23:59:44","Houses for rent","Gasabo","$ 1,000"
"https://imali.biz/isaziso/houses-for-rent/27/231869/imp9250781","https://www.img.imali.biz/Im_mini_1/000007/10297_231869_zexvq6C9Voj.jpg","Inzu ikodeshwa kurazamu","O","Tue, 08 Jul 2025 23:59:57","Houses for rent","Gasabo","RWF 400,000"
"https://imali.biz/isaziso/houses-for-rent/27/231868/imp55585522","https://www.img.imali.biz/Im_mini_1/000006/10297_231868_KWxkA2XpE6p.jpg","Inzu ikodeshwa kurazamu","O","Wed, 09 Jul 2025 0:00:01","Houses for rent","Gasabo","RWF 500,000"
"https://imali.biz/isaziso/houses-for-rent/27/231867/imp58171794","https://www.img.imali.biz/Im_mini_1/000005/10297_231867_2JH2nbZYILd.jpg","Inzu ikodeshwa kimironko","O","Wed, 09 Jul 2025 0:00:05","Houses for rent","Gasabo","RWF 500,000"
"https://imali.biz/isaziso/houses-for-rent/27/231805/imp35137437","https://www.img.imali.biz/Im_mini_1/000004/7493_231805_uiRoqZBXOjg.jpg","Inzu nziza ikodeshwa","O","Tue, 08 Jul 2025 11:49:10","Houses for rent","Kicukiro","RWF 400,000"
"https://imali.biz/isaziso/houses-for-rent/27/231576/imp42262322","https://www.img.imali.biz/Im_mini_1/000002/7493_231576_j5uEMyVgmBq.jpg","Inzu nziza ikodeshwa","O","Thu, 03 Jul 2025 10:26:05","Houses for rent","Kicukiro","RWF 400,000"
"https://imali.biz/isaziso/houses-for-rent/27/231551/imp57855900","https://www.img.imali.biz/Im_mini_1/000009/10297_231551_qicZEPFlz5P.jpg","Kuri  AZAMU","O","Wed, 02 Jul 2025 14:16:09","Houses for rent","Gasabo","RWF 400,000"
"https://imali.biz/isaziso/houses-for-rent/27/231424/imp3148518","https://www.img.imali.biz/Im_mini_1/000002/10473_231424_QIZvF8F0KrD.jpg","House for rent in Nyarugunga","O","Tue, 01 Jul 2025 9:20:08","Houses for rent","Kicukiro","RWF 500,000"
"https://imali.biz/isaziso/houses-for-rent/27/231420/imp32512526","https://www.img.imali.biz/Im_mini_1/000009/10365_231420_FTddRSrbdXW.jpg","Kibagabaga House For rent/+250791721464","O","Tue, 01 Jul 2025 9:20:09","Houses for rent","Gasabo","RWF 10,000,000"
"https://imali.biz/isaziso/houses-for-rent/27/231416/imp10254166","https://www.img.imali.biz/Im_mini_1/000002/10473_231416_45ixrX6xCUn.jpg","House for rent in kibagabaga","O","Tue, 01 Jul 2025 9:20:26","Houses for rent","Gasabo","$ 1,000"
"https://imali.biz/isaziso/houses-for-rent/27/231387/imp22996267","https://www.img.imali.biz/Im_mini_1/000004/10297_231387_CHm6IcfMNif.jpg","Kimironko","O","Mon, 30 Jun 2025 19:12:10","Houses for rent","Gasabo","RWF 500,000"
"https://imali.biz/isaziso/apartment-for-rent/91/231386/imp7225655","https://www.img.imali.biz/Im_mini_1/000004/10297_231386_7oS0a2qtTev.jpg","Kimironko","O","Mon, 30 Jun 2025 19:12:12","Apartment for rent","Gasabo","RWF 500,000"
"https://imali.biz/isaziso/plot-for-rent/57/231382/imp56797205","https://www.img.imali.biz/Im_mini_1/000001/10498_231382_LGbLgTbXYAr.jpg","Ikibanza tugurishwa kibagabaga nzindiro kumuhanda","O","Mon, 30 Jun 2025 16:31:32","Plot for rent","Gasabo","RWF 15,000,000"
"https://imali.biz/isaziso/houses-for-rent/27/231314/imp32237676","https://www.img.imali.biz/Im_mini_1/000000/10473_231314_ggiDFDUPLgw.jpg","House for rent in kibagabaga","O","Sun, 29 Jun 2025 9:19:46","Houses for rent","Gasabo","$ 2,000"
"https://imali.biz/isaziso/houses-for-rent/27/231287/imp30896249","https://www.img.imali.biz/Im_mini_1/000000/10473_231287_VK12aI4P1OU.jpg","House for rent in kinyanya","O","Sat, 28 Jun 2025 17:45:50","Houses for rent","Gasabo","$ 5,000"
"https://imali.biz/isaziso/houses-for-rent/27/231286/imp40574266","https://www.img.imali.biz/Im_mini_1/000001/10473_231286_4ZwdaOJBXRM.jpg","House for rent in kibagabaga","O","Sat, 28 Jun 2025 17:45:57","Houses for rent","Gasabo","$ 1,000"
"https://imali.biz/isaziso/houses-for-rent/27/231285/imp21208726","https://www.img.imali.biz/Im_mini_1/000009/10473_231285_3DOKDNH0lCE.jpg","House for rent in kibagabaga","O","Sat, 28 Jun 2025 17:46:02","Houses for rent","Gasabo","$ 1,000"
"https://imali.biz/isaziso/houses-for-rent/27/231278/imp12791792","https://www.img.imali.biz/Im_mini_1/000003/10473_231278_hrNzttyBGOn.jpg","House for rent in kibagabaga","O","Sat, 28 Jun 2025 17:46:26","Houses for rent","Gasabo","$ 2,000"
"https://imali.biz/isaziso/houses-for-rent/27/231277/imp2028815","https://www.img.imali.biz/Im_mini_1/000009/10473_231277_sKyroeldhx5.jpg","House for rent in kibagabaga","O","Sat, 28 Jun 2025 17:46:32","Houses for rent","Gasabo","$ 2,000"
"https://imali.biz/isaziso/houses-for-rent/27/231273/imp41315140","https://www.img.imali.biz/Im_mini_1/000005/10473_231273_hStoDHjgvjr.jpg","House for rent in Nyarugunga","O","Sat, 28 Jun 2025 17:40:03","Houses for rent","Nyarugenge","RWF 500,000"
"https://imali.biz/isaziso/houses-for-rent/27/230991/imp59086667","https://www.img.imali.biz/Im_mini_1/000002/10297_230991_qiRkBEj7bNQ.jpg","Kabeza","O","Thu, 26 Jun 2025 2:05:58","Houses for rent","Kicukiro","RWF 400,000"
"https://imali.biz/isaziso/houses-for-rent/27/230990/imp18035114","https://www.img.imali.biz/Im_mini_1/000001/10297_230990_NqK1yVUpuyw.jpg","Mukiyovu","O","Thu, 26 Jun 2025 2:06:02","Houses for rent","Nyarugenge","RWF 400,000"
"https://imali.biz/isaziso/houses-for-rent/27/230862/imp54972303","https://www.img.imali.biz/Im_mini_1/000004/10297_230862_eHC1TrhJhmU.jpg","Kimironko","O","Wed, 25 Jun 2025 10:01:58","Houses for rent","Gasabo","RWF 800,000"
"https://imali.biz/isaziso/houses-for-rent/27/230779/imp15489148","https://www.img.imali.biz/Im_mini_1/000009/8851_230779_bvVPtyCeqpe.jpg","Nice house for rent at kanombe","O","Mon, 23 Jun 2025 13:38:25","Houses for rent","Kicukiro","RWF 500,000"
"https://imali.biz/isaziso/plot-for-rent/57/230574/imp53060694","https://www.img.imali.biz/Im_mini_1/000004/10498_230574_hT1VNAZr5uS.jpg","Ikibanza kigurishwa kibagabaga ahantu heza cyane","O","Fri, 20 Jun 2025 10:12:27","Plot for rent","Gasabo","RWF 170,000,000"
"https://imali.biz/isaziso/plot-for-rent/57/230523/imp16873336","https://www.img.imali.biz/Im_mini_1/000004/10365_230523_zArxGNRP4jp.jpg","Gasogi plot for sale/0791721464","O","Thu, 19 Jun 2025 22:53:38","Plot for rent","Gasabo","RWF 17,000,000"
"https://imali.biz/isaziso/houses-for-rent/27/230299/imp45633114","https://www.img.imali.biz/Im_mini_1/000006/10473_230299_pNpWGJwyzzv.jpg","House for rent","O","Wed, 18 Jun 2025 12:35:26","Houses for rent","Gasabo","$ 1,000"
"https://imali.biz/isaziso/plot-for-rent/57/230286/imp52638610","https://www.img.imali.biz/Im_mini_1/000003/10333_230286_oYbmiATIyI0.jpg","Ikibanza tugurisha kibagabaga Kayima","O","Wed, 18 Jun 2025 10:23:21","Plot for rent","Gasabo","RWF 22,000,000"
"https://imali.biz/isaziso/houses-for-rent/27/230208/imp49838706","https://www.img.imali.biz/Im_mini_1/000009/7493_230208_vAbE3GREa26.jpg","Inzu nziza ikodeshwa","O","Wed, 18 Jun 2025 10:12:17","Houses for rent","Kicukiro","RWF 500,000"
"https://imali.biz/isaziso/houses-for-rent/27/230205/imp14200780","https://www.img.imali.biz/Im_mini_1/000008/7493_230205_Q3OwROwMXT8.jpg","Inzu nziza ikodeshwa","O","Wed, 18 Jun 2025 10:10:53","Houses for rent","Kicukiro","RWF 500,000"
"https://imali.biz/isaziso/houses-for-rent/27/230165/imp19967254","https://www.img.imali.biz/Im_mini_1/000006/10297_230165_MIit9vo5Kvf.jpg","Kimironko zindiro","O","Tue, 17 Jun 2025 17:11:01","Houses for rent","Gasabo","RWF 250,000"
"https://imali.biz/isaziso/houses-for-rent/27/230161/imp36387129","https://www.img.imali.biz/Im_mini_1/000006/10297_230161_YMzxHBYkcHt.jpg","Kimironko","O","Tue, 17 Jun 2025 17:07:02","Houses for rent","Gasabo","RWF 250,000"
"https://imali.biz/isaziso/houses-for-rent/27/230153/imp38661300","https://www.img.imali.biz/Im_mini_1/000003/10496_230153_GTto1Z46HV6.jpg","Inzu dukodesha kicukiro niboye 1,200k","O","Tue, 17 Jun 2025 17:07:34","Houses for rent","Kicukiro","RWF 1,200,000"
"https://imali.biz/isaziso/plot-for-rent/57/230144/imp19117815","https://www.img.imali.biz/Im_mini_1/000002/10498_230144_SDS6RrOAwfm.jpg","Ikibanza kigurishwa kibagabaga ahantu heza cyane","O","Tue, 17 Jun 2025 17:08:17","Plot for rent","Gasabo","RWF 80,000,000"
"https://imali.biz/isaziso/houses-for-rent/27/230057/imp28939069","https://www.img.imali.biz/Im_mini_1/000001/10297_230057_CfZjH9FGM5t.jpg","Kimironko","O","Tue, 17 Jun 2025 9:59:03","Houses for rent","Gasabo","RWF 500,000"
"https://imali.biz/isaziso/houses-for-rent/27/230054/imp13185171","https://www.img.imali.biz/Im_mini_1/000006/10297_230054_y6c2LPieAlG.jpg","Kimironko","O","Tue, 17 Jun 2025 9:58:50","Houses for rent","Gasabo","RWF 700,000"
"https://imali.biz/isaziso/houses-for-rent/27/230043/imp52196568","https://www.img.imali.biz/Im_mini_1/000003/7493_230043_8kt0G1ovKGa.jpg","Inzu nziza ikodeshwa","O","Mon, 16 Jun 2025 20:12:48","Houses for rent","Gasabo","RWF 700,000"
"https://imali.biz/isaziso/houses-for-rent/27/230042/imp9081761","https://www.img.imali.biz/Im_mini_1/000002/7493_230042_itzux4geaiz.jpg","Inzu nziza ikodeshwa","O","Mon, 16 Jun 2025 20:12:40","Houses for rent","Kicukiro","RWF 500,000"
"https://imali.biz/isaziso/houses-for-rent/27/229868/imp18850167","https://www.img.imali.biz/Im_mini_1/000007/10496_229868_OKlHDJyj7lN.jpg","Kibagabaga house for rent 700k","O","Sat, 07 Jun 2025 22:25:32","Houses for rent","Gasabo","RWF 700,000"
"https://imali.biz/isaziso/apartment-for-rent/91/229769/imp11700572","https://www.img.imali.biz/Im_mini_1/000006/10498_229769_axXrMlJHMaO.jpg","Kibagabaga apartment for rent 800k","O","Tue, 03 Jun 2025 12:54:30","Apartment for rent","Gasabo","RWF 800,000"
"https://imali.biz/isaziso/houses-for-rent/27/229682/imp5510705","https://www.img.imali.biz/Im_mini_1/000001/7493_229682_QHxQMC6JAwx.jpg","Inzu nziza ikodeshwa","O","Mon, 02 Jun 2025 8:01:09","Houses for rent","Kicukiro","RWF 500,000"
"https://imali.biz/isaziso/houses-for-rent/27/229636/imp18796893","https://www.img.imali.biz/Im_mini_1/000004/7493_229636_gr4h97EyBPS.jpg","Inzu nziza ikodeshwa","O","Sat, 31 May 2025 9:00:35","Houses for rent","Kicukiro","RWF 500,000"
"https://imali.biz/isaziso/houses-for-rent/27/229635/imp30418608","https://www.img.imali.biz/Im_mini_1/000009/7493_229635_zcjoG5gVQfv.jpg","Inzu nziza ikodeshwa","O","Sat, 31 May 2025 9:00:24","Houses for rent","Kicukiro","RWF 500,000"
"https://imali.biz/isaziso/houses-for-rent/27/229634/imp23389684","https://www.img.imali.biz/Im_mini_1/000009/7493_229634_nq3fP5Do45y.jpg","Inzu nziza ikodeshwa","O","Sat, 31 May 2025 10:07:20","Houses for rent","Kicukiro","RWF 500,000"
"https://imali.biz/isaziso/houses-for-rent/27/229633/imp12961710","https://www.img.imali.biz/Im_mini_1/000007/7493_229633_Hes58fRuP4i.jpg","Inzu nziza ikodeshwa","O","Sat, 31 May 2025 9:00:35","Houses for rent","Kicukiro","RWF 500,000"
"https://imali.biz/isaziso/houses-for-rent/27/229468/imp35495129","https://www.img.imali.biz/Im_mini_1/000008/7493_229468_STmB73E7avl.jpg","Inzu nziza ikodeshwa","O","Wed, 28 May 2025 12:41:15","Houses for rent","Kicukiro","RWF 500,000"
"https://imali.biz/isaziso/houses-for-rent/27/229441/imp28940606","https://www.img.imali.biz/Im_mini_1/000002/7493_229441_UsBAvRSG8JB.jpg","Etage nziza ikodesha","O","Mon, 26 May 2025 13:34:47","Houses for rent","Kicukiro","RWF 400,000"
"https://imali.biz/isaziso/houses-for-rent/27/229427/imp50160710","https://www.img.imali.biz/Im_mini_1/000002/10297_229427_WkpL1xsjVya.jpg","15 ikanombe kumihanda wamabuye","O","Sun, 25 May 2025 10:22:29","Houses for rent","Kicukiro","RWF 400,000"
"https://imali.biz/isaziso/plot-for-rent/57/229255/imp23341855","https://www.img.imali.biz/Im_mini_1/000002/10333_229255_8vGPbfT18ar.jpg","Ikibanza tugurisha kibagabaga ahantu heza cyane","O","Tue, 20 May 2025 16:16:13","Plot for rent","Gasabo","RWF 80,000,000"
"https://imali.biz/isaziso/houses-for-rent/27/229231/imp6459341","https://www.img.imali.biz/Im_mini_1/000003/7493_229231_sMqiK1tQivu.jpg","Inzu nziza ikodeshwa","O","Mon, 19 May 2025 9:11:34","Houses for rent","Kicukiro","RWF 500,000"
"https://imali.biz/isaziso/houses-for-rent/27/229230/imp38552687","https://www.img.imali.biz/Im_mini_1/000000/7493_229230_PcspxIqUmiG.jpg","Inzu nziza ikodeshwa","O","Mon, 19 May 2025 9:24:04","Houses for rent","Kicukiro","RWF 500,000"
"https://imali.biz/isaziso/houses-for-rent/27/229208/imp25601097","https://www.img.imali.biz/Im_mini_1/000002/7493_229208_APgN5rpT39j.jpg","Inzu nziza ikodeshwa","O","Sat, 17 May 2025 17:51:20","Houses for rent","Kicukiro","RWF 500,000"
"https://imali.biz/isaziso/houses-for-rent/27/229207/imp21226444","https://www.img.imali.biz/Im_mini_1/000003/7493_229207_1quj1cbH76t.jpg","Inzu nziza ikodeshwa","O","Sat, 17 May 2025 18:08:35","Houses for rent","Kicukiro","RWF 500,000"
"https://imali.biz/isaziso/houses-for-rent/27/229206/imp49953058","https://www.img.imali.biz/Im_mini_1/000001/7493_229206_JcmB9OxCWDj.jpg","Inzu nziza ikodeshwa","O","Sat, 17 May 2025 17:51:11","Houses for rent","Kicukiro","RWF 500,000"
"https://imali.biz/isaziso/houses-for-rent/27/229148/imp50696378","https://www.img.imali.biz/Im_mini_1/000005/10297_229148_6kjfAPSvDu6.jpg","Kibagabaga kimironko","O","Fri, 16 May 2025 0:41:58","Houses for rent","Gasabo","RWF 700,000"
"https://imali.biz/isaziso/houses-for-rent/27/229147/imp39893198","https://www.img.imali.biz/Im_mini_1/000008/10297_229147_yY2aGfVujCJ.jpg","Kibagabaga kimironko","O","Fri, 16 May 2025 0:41:57","Houses for rent","Gasabo","RWF 700,000"
"https://imali.biz/isaziso/houses-for-rent/27/229146/imp12019259","https://www.img.imali.biz/Im_mini_1/000005/10297_229146_6EWhjLB1Jig.jpg","Kibagabaga kimironko","O","Fri, 16 May 2025 0:41:58","Houses for rent","Gasabo","RWF 700,000"
"https://imali.biz/isaziso/houses-for-rent/27/229129/imp1628184","https://www.img.imali.biz/Im_mini_1/000009/10297_229129_J9EJriitCVM.jpg","Kimironko","O","Thu, 15 May 2025 23:50:04","Houses for rent","Gasabo","RWF 700,000"
"https://imali.biz/isaziso/houses-for-rent/27/229091/imp4099311","https://www.img.imali.biz/Im_mini_1/000002/10297_229091_Tr36kq2Keo7.jpg","Ikinyinya","O","Wed, 14 May 2025 10:18:51","Houses for rent","Gasabo","RWF 1,000,000"
"https://imali.biz/isaziso/houses-for-rent/27/229090/imp30883329","https://www.img.imali.biz/Im_mini_1/000002/10297_229090_yraEb1JJrsV.jpg","Ikinyinya","O","Wed, 14 May 2025 10:34:13","Houses for rent","Gasabo","$ 800"
"https://imali.biz/isaziso/houses-for-rent/27/229089/imp3342452","https://www.img.imali.biz/Im_mini_1/000004/10297_229089_nJVfetbm0uy.jpg","Ikinyinya","O","Wed, 14 May 2025 10:34:13","Houses for rent","Gasabo","RWF 320,000"
"https://imali.biz/isaziso/houses-for-rent/27/228938/imp8716488","https://www.img.imali.biz/Im_mini_1/000004/10297_228938_iiH0aLLleGA.jpg","Kimironko zindiro","O","Sat, 10 May 2025 17:38:58","Houses for rent","Gasabo","RWF 250,000"
"https://imali.biz/isaziso/houses-for-rent/27/228932/imp56215316","https://www.img.imali.biz/Im_mini_1/000007/8301_228932_RxQN0hAnd8A.jpg","Full furnished house for rent in KIYOVU","O","Sat, 10 May 2025 17:39:37","Houses for rent","Nyarugenge","$ 3,000"
"https://imali.biz/isaziso/apartment-for-rent/91/228806/imp34241851","https://www.img.imali.biz/Im_mini_1/000001/10297_228806_8lJdUXqpWtu.jpg","Kimironko","O","Thu, 08 May 2025 11:58:26","Apartment for rent","Gasabo","RWF 350,000"
"https://imali.biz/isaziso/houses-for-rent/27/228805/imp21977166","https://www.img.imali.biz/Im_mini_1/000006/10297_228805_CGDMIaWxbfx.jpg","zindiro kimironko","O","Thu, 08 May 2025 12:16:18","Houses for rent","Gasabo","RWF 250,000"
"https://imali.biz/isaziso/houses-for-rent/27/228753/imp56838619","https://www.img.imali.biz/Im_mini_1/000006/10297_228753_q0omM9iiENp.jpg","Kimironko","O","Wed, 07 May 2025 17:48:18","Houses for rent","Gasabo","$ 500"
"https://imali.biz/isaziso/houses-for-rent/27/228752/imp15930995","https://www.img.imali.biz/Im_mini_1/000009/10297_228752_fx6RQDj2zx2.jpg","Kimironko munsi yahereza","O","Wed, 07 May 2025 18:02:34","Houses for rent","Gasabo","$ 500"
"https://imali.biz/isaziso/houses-for-rent/27/228751/imp33643829","https://www.img.imali.biz/Im_mini_1/000007/10297_228751_akA204F1ZHZ.jpg","Kimironko munsi yahereza","O","Wed, 07 May 2025 18:02:34","Houses for rent","Gasabo","$ 500"
"https://imali.biz/isaziso/houses-for-rent/27/228748/imp5112217","https://www.img.imali.biz/Im_mini_1/000007/10473_228748_VijZiIZJSWb.jpg","House for rent in kinyanya","O","Wed, 07 May 2025 18:03:39","Houses for rent","Gasabo","$ 5,000"
"https://imali.biz/isaziso/houses-for-rent/27/228746/imp5600960","https://www.img.imali.biz/Im_mini_1/000007/10473_228746_DyYC2JhXLPq.jpg","House for rent in Gacuriro","O","Wed, 07 May 2025 18:03:52","Houses for rent","Gasabo","$ 1,500"
"https://imali.biz/isaziso/houses-for-rent/27/228744/imp14977935","https://www.img.imali.biz/Im_mini_1/000002/10473_228744_p2D7X4fxJKb.jpg","House for rent in Gacuriro","O","Wed, 07 May 2025 18:03:22","Houses for rent","Gasabo","$ 1,500"
"https://imali.biz/isaziso/houses-for-rent/27/228674/imp41928540","https://www.img.imali.biz/Im_mini_1/000001/7493_228674_LPDmBTitIvn.jpg","Inzu nziza ikodeshwa","O","Tue, 06 May 2025 16:39:34","Houses for rent","Kicukiro","RWF 350,000"
"https://imali.biz/isaziso/houses-for-rent/27/228656/imp59165725","https://www.img.imali.biz/Im_mini_1/000007/7493_228656_0O0RBDZXdd4.jpg","Inzu nziza ikodeshwa","O","Tue, 06 May 2025 15:25:17","Houses for rent","Kicukiro","RWF 300,000"
"https://imali.biz/isaziso/houses-for-rent/27/228649/imp35455950","https://www.img.imali.biz/Im_mini_1/000007/7493_228649_zTXkUXgaAj1.jpg","Inzu nziza ikodeshwa","O","Tue, 06 May 2025 15:12:22","Houses for rent","Kicukiro","RWF 500,000"
"https://imali.biz/isaziso/houses-for-rent/27/228622/imp24677840","https://www.img.imali.biz/Im_mini_1/000001/10473_228622_lj572R0Ue6d.jpg","House for rent","O","Sun, 04 May 2025 18:13:20","Houses for rent","Gasabo","$ 5,000"
"https://imali.biz/isaziso/houses-for-rent/27/228613/imp40242039","https://www.img.imali.biz/Im_mini_1/000000/10473_228613_LfIkaX4v9q2.jpg","A beautiful house for rent","O","Sun, 04 May 2025 9:31:28","Houses for rent","Gasabo","$ 5,000"
"https://imali.biz/isaziso/plot-for-rent/57/228462/imp19856514","https://www.img.imali.biz/Im_mini_1/000001/10058_228462_GM6tgU8elyf.jpg","Ikibanza kigurishwa cyiherereye KIBAGABAGA","O","Fri, 02 May 2025 19:08:50","Plot for rent","Gasabo","RWF 65,000,000"
"https://imali.biz/isaziso/houses-for-rent/27/228193/imp15393034","https://www.img.imali.biz/Im_mini_1/000008/10297_228193_P2xgd3Mgo3P.jpg","Kibagabaga kimironko","O","Tue, 29 Apr 2025 20:56:18","Houses for rent","Gasabo","RWF 700,000"
"https://imali.biz/isaziso/houses-for-rent/27/228190/imp20919284","https://www.img.imali.biz/Im_mini_1/000006/10297_228190_Ufb4QQqZgIh.jpg","Kimironko zindiro","O","Tue, 29 Apr 2025 23:54:29","Houses for rent","Gasabo","RWF 300,000"
"https://imali.biz/isaziso/houses-for-rent/27/228187/imp59437901","https://www.img.imali.biz/Im_mini_1/000003/10297_228187_xypvtDoaPt6.jpg","Kimironko zindiro","O","Tue, 29 Apr 2025 20:56:10","Houses for rent","Gasabo","RWF 200,000"
"https://imali.biz/isaziso/houses-for-rent/27/228186/imp15394596","https://www.img.imali.biz/Im_mini_1/000004/10297_228186_E6EIzj0UBwC.jpg","Kibagabaga kimironko","O","Tue, 29 Apr 2025 9:41:57","Houses for rent","Gasabo","RWF 350,000"
"https://imali.biz/isaziso/warehouse/98/228162/imp50301300","https://www.img.imali.biz/Im_mini_1/000002/926_228162_KkKMZ9AveiA.jpg","Warehouses for rent/Depo zikodeshwa I Gikondo& Ma","O","Mon, 28 Apr 2025 17:55:37","Warehouse","Gasabo","$ 8"
"https://imali.biz/isaziso/houses-for-rent/27/228035/imp31999564","https://www.img.imali.biz/Im_mini_1/000006/9562_228035_j77GUKW4wGR.jpg","Kibagabaga house for rent 800k","O","Fri, 25 Apr 2025 22:47:07","Houses for rent","Gasabo","RWF 800,000"
"https://imali.biz/isaziso/houses-for-rent/27/228023/imp51529133","https://www.img.imali.biz/Im_mini_1/000001/7493_228023_TJAQI79BSew.jpg","Inzu nziza ikodeshwa","O","Fri, 25 Apr 2025 22:47:07","Houses for rent","Kicukiro","RWF 350,000"
"https://imali.biz/isaziso/houses-for-rent/27/228017/imp7565383","https://www.img.imali.biz/Im_mini_1/000003/7493_228017_MiYlLsSp3na.jpg","Inzu nziza ikodeshwa","O","Fri, 25 Apr 2025 22:48:01","Houses for rent","Kicukiro","RWF 500,000"
"https://imali.biz/isaziso/houses-for-rent/27/228014/imp50831612","https://www.img.imali.biz/Im_mini_1/000006/10124_228014_epNUAwg6Z7t.jpg","Kibagabaga house for rent 800k","O","Fri, 25 Apr 2025 22:47:52","Houses for rent","Gasabo","RWF 800,000"
"https://imali.biz/isaziso/houses-for-rent/27/227892/imp0808377","https://www.img.imali.biz/Im_mini_1/000003/8851_227892_V2cGDBRxeTv.jpg","Nice house for rent at kanombe","O","Sat, 19 Apr 2025 22:29:43","Houses for rent","Kicukiro","RWF 500,000"
"https://imali.biz/isaziso/houses-for-rent/27/227884/imp5865957","https://www.img.imali.biz/Im_mini_1/000002/8851_227884_udPgXevafDU.jpg","Nice house for rent at kabeza","O","Sat, 19 Apr 2025 22:29:18","Houses for rent","Kicukiro","RWF 500,000"
"https://imali.biz/isaziso/houses-for-rent/27/227879/imp22535177","https://www.img.imali.biz/Im_mini_1/000007/10473_227879_OV8K6kdcGqh.jpg","House for rent at kibagabaga","O","Sat, 19 Apr 2025 22:28:56","Houses for rent","Gasabo","RWF 800,000"
"https://imali.biz/isaziso/houses-for-rent/27/227878/imp52129804","https://www.img.imali.biz/Im_mini_1/000006/10473_227878_ff6ffxS7jd7.jpg","House for rent at kibagabaga","O","Sat, 19 Apr 2025 22:29:30","Houses for rent","Gasabo","RWF 1,500,000"
"https://imali.biz/isaziso/houses-for-rent/27/227877/imp35256740","https://www.img.imali.biz/Im_mini_1/000007/10473_227877_CJfXVvwINOn.jpg","House for rent at kimironko","O","Sat, 19 Apr 2025 22:29:30","Houses for rent","Gasabo","RWF 1,000,000"
"https://imali.biz/isaziso/houses-for-rent/27/227875/imp21193411","https://www.img.imali.biz/Im_mini_1/000009/10473_227875_A4rZ7q3Obfo.jpg","House for rent at kibagabaga","O","Sat, 19 Apr 2025 22:29:18","Houses for rent","Gasabo","RWF 1,500,000"
"https://imali.biz/isaziso/houses-for-rent/27/227874/imp3806093","https://www.img.imali.biz/Im_mini_1/000008/10473_227874_7gmHRFC5Xvw.jpg","House for rent at inyamata","O","Sat, 19 Apr 2025 22:29:05","Houses for rent","Bugesera","RWF 1,000,000"
"https://imali.biz/isaziso/warehouse/98/227812/imp51073577","https://www.img.imali.biz/Im_mini_1/000005/926_227812_sjKd0lE3Iz8.jpg","Warehouses for rent/Depo zikodeshwa I Gikondo& Mas","O","Tue, 15 Apr 2025 23:12:45","Warehouse","Kicukiro","$ 7"
"https://imali.biz/isaziso/warehouse/98/227700/imp58455954","https://www.img.imali.biz/Im_mini_1/000000/926_227700_fnAMoPuTr7E.jpg","Brand New Warehouses for rent/Depo zikodeshwa  Ma","O","Sun, 13 Apr 2025 10:51:48","Warehouse","Gasabo","$ 7"
"https://imali.biz/isaziso/houses-for-rent/27/227687/imp48773876","https://www.img.imali.biz/Im_mini_1/000001/6718_227687_WbfZfSVyhyp.jpg","Nyarugenge house for rent","O","Sat, 12 Apr 2025 22:37:11","Houses for rent","Kicukiro","RWF 500,000"
"https://imali.biz/isaziso/apartment-for-rent/91/227661/imp5486138","https://www.img.imali.biz/Im_mini_1/000005/10297_227661_kuvGoA1ZZ84.jpg","Kimironko bibare","O","Sat, 12 Apr 2025 22:37:11","Apartment for rent","Gasabo","RWF 350,000"
"https://imali.biz/isaziso/houses-for-rent/27/227657/imp4751384","https://www.img.imali.biz/Im_mini_1/000003/10297_227657_pqwc0q2M9K5.jpg","Kimironko","O","Fri, 11 Apr 2025 20:27:18","Houses for rent","Gasabo","RWF 500,000"
"https://imali.biz/isaziso/houses-for-rent/27/227566/imp57145104","https://www.img.imali.biz/Im_mini_1/000004/10297_227566_P5rf46K0gFb.jpg","Kibagabaga munsi yurwibutso","O","Fri, 11 Apr 2025 14:25:16","Houses for rent","Gasabo","$ 1,200"
"https://imali.biz/isaziso/houses-for-rent/27/227565/imp7629861","https://www.img.imali.biz/Im_mini_1/000001/10297_227565_kN5AqpQDtSC.jpg","Kibagabaga kimironko","O","Fri, 11 Apr 2025 14:07:49","Houses for rent","Gasabo","$ 600"
"https://imali.biz/isaziso/houses-for-rent/27/227564/imp25287284","https://www.img.imali.biz/Im_mini_1/000009/10297_227564_kIXCN2GepBB.jpg","Kimironko zindiro","O","Fri, 11 Apr 2025 14:24:38","Houses for rent","Gasabo","RWF 300,000"
"https://imali.biz/isaziso/houses-for-rent/27/227485/imp55741775","https://www.img.imali.biz/Im_mini_1/000007/10297_227485_C5gNWBhf0Ic.jpg","Kibagabaga kimironko","O","Wed, 09 Apr 2025 15:47:19","Houses for rent","Gasabo","$ 500"
"https://imali.biz/isaziso/warehouse/98/227430/imp43248527","https://www.img.imali.biz/Im_mini_1/000007/926_227430_8102cKJJRyP.jpg","Warehouses for rent/Depo zikodeshwa I Gahanga","O","Mon, 07 Apr 2025 22:50:59","Warehouse","Kicukiro","$ 7"
"https://imali.biz/isaziso/houses-for-rent/27/227422/imp47458787","https://www.img.imali.biz/Im_mini_1/000006/10136_227422_FN02sQbtrlD.jpg","Inzu ikodeshwa Remera","O","Sun, 06 Apr 2025 13:06:04","Houses for rent","Gasabo","RWF 1,500,000"
"https://imali.biz/isaziso/houses-for-rent/27/227314/imp53900411","https://www.img.imali.biz/Im_mini_1/000004/10297_227314_IQ18qlIawhb.jpg","Kimironko kwamushimire","O","Fri, 04 Apr 2025 19:19:09","Houses for rent","Gasabo","RWF 350,000"
"https://imali.biz/isaziso/houses-for-rent/27/227312/imp56191893","https://www.img.imali.biz/Im_mini_1/000008/10297_227312_yJSEuCG1D3h.jpg","Kibagabaga munsi yurwibutso","O","Fri, 04 Apr 2025 19:04:36","Houses for rent","Gasabo","RWF 1,500,000"
"https://imali.biz/isaziso/houses-for-rent/27/227229/imp58024323","https://www.img.imali.biz/Im_mini_1/000001/8725_227229_3Jmz2rABLdP.jpg","A HOUSE FOR RENT AT VISION GACURIRO $2500","O","Mon, 16 Jun 2025 12:51:21","Houses for rent","Gasabo","$ 2,500"
"https://imali.biz/isaziso/warehouse/98/227193/imp46171865","https://www.img.imali.biz/Im_mini_1/000008/926_227193_kybYLCWbMOq.jpg","Warehouses for rent/Depo zikodeshwa I Masoro Gikon","O","Tue, 01 Apr 2025 21:04:57","Warehouse","Kicukiro","$ 7"
"https://imali.biz/isaziso/warehouse/98/227192/imp50734693","https://www.img.imali.biz/Im_mini_1/000006/926_227192_zzzUt2koHJT.jpg","Warehouses for rent/Depo zikodeshwa I Masoro Gikon","O","Tue, 01 Apr 2025 21:04:55","Warehouse","Kicukiro","$ 7"
"https://imali.biz/isaziso/warehouse/98/227166/imp42127192","https://www.img.imali.biz/Im_mini_1/000006/926_227166_BFUR34gGmpA.jpg","Warehouses for rent in Masoro/Depo ikodeshwa I Mas","O","Mon, 31 Mar 2025 18:34:17","Warehouse","Gasabo","$ 7"
"https://imali.biz/isaziso/apartment-for-rent/91/227011/imp0625057","https://www.img.imali.biz/Im_mini_1/000001/10457_227011_5OAFxIzhiCM.jpg","Kibagabaga apartments for sale","O","Fri, 28 Mar 2025 11:29:49","Apartment for rent","Gasabo","RWF 1,000,000"
"https://imali.biz/isaziso/apartment-for-rent/91/227010/imp12255278","https://www.img.imali.biz/Im_mini_1/000003/10457_227010_aQ8BxCXyXIe.jpg","Kibagabaga apartments for sale","O","Fri, 28 Mar 2025 11:29:49","Apartment for rent","Gasabo","RWF 1,000,000"
"https://imali.biz/isaziso/apartment-for-rent/91/227009/imp3079734","https://www.img.imali.biz/Im_mini_1/000008/10457_227009_6qOZx1IE1FQ.jpg","Kibagabaga apartments for sale","O","Fri, 28 Mar 2025 11:29:49","Apartment for rent","Gasabo","RWF 1,000,000"
"https://imali.biz/isaziso/apartment-for-rent/91/226992/imp53826584","https://www.img.imali.biz/Im_mini_1/000000/10457_226992_6BLByE9iX0G.jpg","Kibagabaga apartments for rent","O","Fri, 28 Mar 2025 11:29:52","Apartment for rent","Gasabo","$ 1,200"
"https://imali.biz/isaziso/houses-for-rent/27/226919/imp39814021","https://www.img.imali.biz/Im_mini_1/000003/10365_226919_JX84SAzvk8E.jpg","Kibagabaga House For rent /+250791721464","O","Thu, 27 Mar 2025 19:28:18","Houses for rent","Gasabo","RWF 800,000"
"https://imali.biz/isaziso/houses-for-rent/27/226904/imp14004985","https://www.img.imali.biz/Im_mini_1/000009/10124_226904_r6qcCBgLsdl.jpg","Kibagabaga house for rent 800k","O","Thu, 27 Mar 2025 19:24:37","Houses for rent","Gasabo","RWF 800,000"
"https://imali.biz/isaziso/houses-for-rent/27/226768/imp16268120","https://www.img.imali.biz/Im_mini_1/000000/10457_226768_OlZThkDcHPm.jpg","Kibagabaga kaima house for rent","O","Wed, 26 Mar 2025 13:00:55","Houses for rent","Gasabo","$ 1,200"
"https://imali.biz/isaziso/houses-for-rent/27/226765/imp24240325","https://www.img.imali.biz/Im_mini_1/000001/10457_226765_XtTuMNmOzIJ.jpg","Gacuriro full furnished house for rent","O","Wed, 26 Mar 2025 11:07:44","Houses for rent","Gasabo","$ 8,000"
"https://imali.biz/isaziso/other-property/29/226746/imp38880259","https://www.img.imali.biz/Im_mini_1/000005/4392_226746_ya0y0wGOnzw.jpg","Unfurnished house available for rent at kiyovu","O","Tue, 25 Mar 2025 21:45:22","Other property","Nyarugenge","$ 2,500"
"https://imali.biz/isaziso/other-property/29/226745/imp55380702","https://www.img.imali.biz/Im_mini_1/000008/4392_226745_C1UnL4LTNXQ.jpg","Unfurnished house available for rent at kiyovu","O","Tue, 25 Mar 2025 21:45:17","Other property","Nyarugenge","$ 2,500"
"https://imali.biz/isaziso/other-property/29/226744/imp6184117","https://www.img.imali.biz/Im_mini_1/000002/4392_226744_iItS9egB5mO.jpg","Unfurnished house available for rent at kiyovu","O","Tue, 25 Mar 2025 21:45:15","Other property","Nyarugenge","$ 2,500"
"https://imali.biz/isaziso/houses-for-rent/27/226344/imp48163365","https://www.img.imali.biz/Im_mini_1/000003/9237_226344_lJmtI9yaZlS.jpg","Kibagabaga full furnished house for Rent","O","Fri, 14 Mar 2025 13:47:12","Houses for rent","Gasabo","$ 1,000"
"https://imali.biz/isaziso/houses-for-rent/27/226238/imp7717161","https://www.img.imali.biz/Im_mini_1/000007/10297_226238_J7RlrGtuEPM.jpg","Kimironko","O","Wed, 12 Mar 2025 12:57:14","Houses for rent","Gasabo","$ 700"
"https://imali.biz/isaziso/houses-for-rent/27/226220/imp30175133","https://www.img.imali.biz/Im_mini_1/000009/10297_226220_cwl1QPalSvj.jpg","Kibagabaga kimironko","O","Tue, 11 Mar 2025 19:53:15","Houses for rent","Gasabo","$ 1,200"
"https://imali.biz/isaziso/houses-for-rent/27/226219/imp22761754","https://www.img.imali.biz/Im_mini_1/000002/10297_226219_f8KL7CG75wF.jpg","Kibagabaga kimironko","O","Tue, 11 Mar 2025 19:52:53","Houses for rent","Gasabo","$ 1,200"
"https://imali.biz/isaziso/houses-for-rent/27/226218/imp24896090","https://www.img.imali.biz/Im_mini_1/000009/10297_226218_JwyW8CNe7qT.jpg","Kibagabaga kimironko","O","Tue, 11 Mar 2025 19:52:53","Houses for rent","Gasabo","$ 1,200"
"https://imali.biz/isaziso/houses-for-rent/27/226191/imp0192650","https://www.img.imali.biz/Im_mini_1/000004/9237_226191_imHS2IcuCOC.jpg","Kibagabaga full furnished house for rent","O","Tue, 11 Mar 2025 9:38:14","Houses for rent","Gasabo","$ 1,200"
"https://imali.biz/isaziso/houses-for-rent/27/226182/imp37416530","https://www.img.imali.biz/Im_mini_1/000002/10457_226182_3BytECuOE0n.jpg","Kibagabaga full furnished house for Rent","O","Tue, 11 Mar 2025 10:27:49","Houses for rent","Gasabo","$ 1,200"
"https://imali.biz/isaziso/houses-for-rent/27/226175/imp39190869","https://www.img.imali.biz/Im_mini_1/000001/4392_226175_XeDBK2hjHeP.jpg","Unfurnished house available for rent at Kimihurura","O","Mon, 10 Mar 2025 21:57:15","Houses for rent","Gasabo","$ 2,000"
"https://imali.biz/isaziso/houses-for-rent/27/226159/imp48651779","https://www.img.imali.biz/Im_mini_1/000000/7493_226159_JMeIx9aCa7f.jpg","Inzu nziza ikodeshwa","O","Mon, 10 Mar 2025 22:15:01","Houses for rent","Kicukiro","RWF 600,000"
"https://imali.biz/isaziso/houses-for-rent/27/226158/imp37916228","https://www.img.imali.biz/Im_mini_1/000006/7493_226158_zoLmmpZ6CZy.jpg","Inzu nziza ikodeshwa","O","Mon, 10 Mar 2025 22:15:11","Houses for rent","Kicukiro","RWF 600,000"
"https://imali.biz/isaziso/houses-for-rent/27/226153/imp14831143","https://www.img.imali.biz/Im_mini_1/000007/10124_226153_gexSrUJwQ0N.jpg","Kibagabaga house for rent 800$","O","Mon, 10 Mar 2025 22:14:22","Houses for rent","Gasabo","$ 800"
"https://imali.biz/isaziso/houses-for-rent/27/226101/imp29787740","https://www.img.imali.biz/Im_mini_1/000009/10297_226101_ejR8rOwP2Jq.jpg","Kimironko kibagabaga","O","Mon, 10 Mar 2025 16:38:24","Houses for rent","Gasabo","RWF 500,000"
"https://imali.biz/isaziso/houses-for-rent/27/226076/imp11902389","https://www.img.imali.biz/Im_mini_1/000004/9905_226076_wwhGT4t8gOb.jpg","Kibagabaga house for rent 800$","O","Sun, 09 Mar 2025 10:37:47","Houses for rent","Gasabo","$ 800"
"https://imali.biz/isaziso/houses-for-rent/27/226074/imp35353796","https://www.img.imali.biz/Im_mini_1/000008/9905_226074_SmRNmvm17xe.jpg","Inzu dukodesha kanombe kwabadodo 900k","O","Sun, 09 Mar 2025 10:37:58","Houses for rent","Kicukiro","RWF 900,000"
"https://imali.biz/isaziso/houses-for-rent/27/226053/imp11911239","https://www.img.imali.biz/Im_mini_1/000005/10297_226053_3rlqv77Ow19.jpg","Kimironko kibagabaga","O","Sat, 08 Mar 2025 20:12:43","Houses for rent","Gasabo","RWF 150,000"
"https://imali.biz/isaziso/houses-for-rent/27/226051/imp44641336","https://www.img.imali.biz/Im_mini_1/000004/10297_226051_vXdj6YKp9tD.jpg","Kimironko kibagabaga","O","Sat, 08 Mar 2025 20:13:33","Houses for rent","Gasabo","$ 700"
"https://imali.biz/isaziso/plot-for-rent/57/226027/imp45979458","https://www.img.imali.biz/Im_mini_1/000003/10333_226027_t8rBUy0BiMm.jpg","Ikibanza tugurisha Kimironko mwizindiro","O","Fri, 07 Mar 2025 16:22:35","Plot for rent","Gasabo","RWF 17,000,000"
"https://imali.biz/isaziso/houses-for-rent/27/225959/imp6777475","https://www.img.imali.biz/Im_mini_1/000003/9905_225959_51p949kXm6P.jpg","Inzu dukodesha Kibagabaga 800$","O","Fri, 07 Mar 2025 9:05:18","Houses for rent","Gasabo","$ 800"
"https://imali.biz/isaziso/houses-for-rent/27/225957/imp19954101","https://www.img.imali.biz/Im_mini_1/000001/9905_225957_90AWhUfKQvf.jpg","Inzu dukodesha kanombe kwabadodo 900k","O","Fri, 07 Mar 2025 9:20:29","Houses for rent","Kicukiro","RWF 900,000"
"https://imali.biz/isaziso/apartment-for-rent/91/225937/imp7586930","https://www.img.imali.biz/Im_mini_1/000006/10323_225937_hL3qFEBMmSU.jpg","Spacious Bedroom Apartment in Kibagabaga 650$/m","P","Thu, 06 Mar 2025 8:20:37","Apartment for rent","Gasabo","$ 650"
"https://imali.biz/isaziso/houses-for-rent/27/225922/imp34318370","https://www.img.imali.biz/Im_mini_1/000004/7493_225922_jNhUCSFbmRR.jpg","Inzu nziza ikodeshwa","O","Thu, 06 Mar 2025 8:20:16","Houses for rent","Gasabo","RWF 350,000"
"https://imali.biz/isaziso/warehouse/98/225733/imp45848163","https://www.img.imali.biz/Im_mini_1/000007/926_225733_9LaIapUd2VV.jpg","Warehouses for rent/Depo zikodeshwa I Gikondo& Mas","O","Sun, 02 Mar 2025 13:53:50","Warehouse","Gasabo","$ 7"
"https://imali.biz/isaziso/houses-for-rent/27/225720/imp32716398","https://www.img.imali.biz/Im_mini_1/000008/9218_225720_YxKUqnFcPvx.jpg","HOUSE FOR RENT IN NYARUTARAMA","O","Sat, 01 Mar 2025 15:49:30","Houses for rent","Gasabo","$ 1,000"
"https://imali.biz/isaziso/houses-for-rent/27/225715/imp32554430","https://www.img.imali.biz/Im_mini_1/000003/9218_225715_MCBwzJg710F.jpg","kKICUKIRO HOUSE FOR RENT","O","Sat, 01 Mar 2025 15:49:41","Houses for rent","Kicukiro","$ 2,300"
"https://imali.biz/isaziso/houses-for-rent/27/225698/imp15253692","https://www.img.imali.biz/Im_mini_1/000009/9218_225698_wxMDwQI11nw.jpg","HOUSE FOR RENT IN KANOMBE","O","Sat, 01 Mar 2025 15:52:21","Houses for rent","Kicukiro","RWF 600,000"
"https://imali.biz/isaziso/houses-for-rent/27/225685/imp28216718","https://www.img.imali.biz/Im_mini_1/000002/9218_225685_BxRWJawjgBk.jpg","HOUSE FOR RENT IN KANOMBE","O","Sat, 01 Mar 2025 15:51:43","Houses for rent","Kicukiro","RWF 900,000"
"https://imali.biz/isaziso/houses-for-rent/27/225680/imp53881134","https://www.img.imali.biz/Im_mini_1/000001/9218_225680_gOO9s44MgA3.jpg","KIMIHURURA HOUSE FOR RENT","O","Sat, 01 Mar 2025 22:13:47","Houses for rent","Gasabo","RWF 2,000,000"
"https://imali.biz/isaziso/houses-for-rent/27/225666/imp4629779","https://www.img.imali.biz/Im_mini_1/000003/9218_225666_SkuZfXIwiuT.jpg","apartment for rent in kabeza","O","Thu, 06 Mar 2025 12:24:25","Houses for rent","Kicukiro","$ 500"
"https://imali.biz/isaziso/houses-for-rent/27/225654/imp41645334","https://www.img.imali.biz/Im_mini_1/000001/9218_225654_OkpxC5RFL4W.jpg","GIKONDO APARTMENT FOR FENT","O","Thu, 06 Mar 2025 12:24:25","Houses for rent","Kicukiro","$ 600"
"https://imali.biz/isaziso/houses-for-rent/27/225572/imp15599322","https://www.img.imali.biz/Im_mini_1/000000/10124_225572_nYThyZnPL9P.jpg","Kimironko Kibagabaga furnished house for rent","O","Fri, 28 Feb 2025 22:08:36","Houses for rent","Gasabo","$ 1,000"
"https://imali.biz/isaziso/apartment-for-rent/91/225570/imp13590867","https://www.img.imali.biz/Im_mini_1/000007/10124_225570_RHs5CBReZE4.jpg","Kibagabaga apartment for rent 800$","O","Fri, 28 Feb 2025 22:08:28","Apartment for rent","Gasabo","$ 800"
"https://imali.biz/isaziso/houses-for-rent/27/225519/imp43746575","https://www.img.imali.biz/Im_mini_1/000007/10315_225519_DJHPlQDyGnY.jpg","KIBAGABAGA HOUSE FOR rent @1500$","O","Fri, 28 Feb 2025 14:43:27","Houses for rent","Gasabo","$ 1,500"
"https://imali.biz/isaziso/houses-for-rent/27/225518/imp53752444","https://www.img.imali.biz/Im_mini_1/000005/10315_225518_0kHfIrl2Abf.jpg","KICUKIRO HOUSE FOR RENT@500K","O","Fri, 28 Feb 2025 14:23:33","Houses for rent","Kicukiro","RWF 500,000"
"https://imali.biz/isaziso/houses-for-rent/27/225517/imp23163464","https://www.img.imali.biz/Im_mini_1/000002/10315_225517_vWjZ3EHY0YM.jpg","KANOMBE HOUSE FOR RENT @450K","O","Fri, 28 Feb 2025 15:21:37","Houses for rent","Kicukiro","RWF 450,000"
"https://imali.biz/isaziso/houses-for-rent/27/225515/imp31975350","https://www.img.imali.biz/Im_mini_1/000006/10315_225515_TFvaRPGOLNA.jpg","KANOMBE HOUSE FOR RENT @350K","O","Fri, 28 Feb 2025 15:43:35","Houses for rent","Kicukiro","RWF 350,000"
"https://imali.biz/isaziso/houses-for-rent/27/225349/imp30573485","https://www.img.imali.biz/Im_mini_1/000009/9218_225349_uM5U5NjjzNN.jpg","HOUSE FOR RENT IN GACURIRO","O","Tue, 25 Feb 2025 9:51:06","Houses for rent","Gasabo","$ 2,500"
"https://imali.biz/isaziso/houses-for-rent/27/225348/imp7975834","https://www.img.imali.biz/Im_mini_1/000008/9218_225348_8njrZZcTPFr.jpg","HOUSE FOR RENT IN RUBAVU","O","Tue, 25 Feb 2025 9:51:07","Houses for rent","Rubavu","$ 1,500"
"https://imali.biz/isaziso/houses-for-rent/27/225347/imp18827366","https://www.img.imali.biz/Im_mini_1/000007/9218_225347_1Kh935q4a5i.jpg","HOUSE FOR RENT IN RUBAVU","O","Tue, 25 Feb 2025 9:51:07","Houses for rent","Rubavu","RWF 1,000,000"
"https://imali.biz/isaziso/houses-for-rent/27/225346/imp41385764","https://www.img.imali.biz/Im_mini_1/000004/9218_225346_p2IDf0hWPvf.jpg","HOUSE FOR RENT IN RUBAVU","O","Tue, 25 Feb 2025 10:10:28","Houses for rent","Rubavu","$ 1,500"
"https://imali.biz/isaziso/houses-for-rent/27/225345/imp54800245","https://www.img.imali.biz/Im_mini_1/000002/9218_225345_uGmOhRzTdsU.jpg","HOUSE FOR RENT IN NYARUTARAMA","O","Tue, 25 Feb 2025 10:30:23","Houses for rent","Gasabo","$ 1,000"
"https://imali.biz/isaziso/houses-for-rent/27/225344/imp36918427","https://www.img.imali.biz/Im_mini_1/000002/9218_225344_NPfPi93TjSt.jpg","HOUSE FOR rent IN kicukiro","O","Tue, 25 Feb 2025 10:51:05","Houses for rent","Kicukiro","$ 2,300"
"https://imali.biz/isaziso/houses-for-rent/27/225343/imp52176957","https://www.img.imali.biz/Im_mini_1/000008/10457_225343_jOXuzqh5JgJ.jpg","Kanombe house for rent","O","Tue, 25 Feb 2025 9:51:08","Houses for rent","Kicukiro","RWF 500,000"
"https://imali.biz/isaziso/houses-for-rent/27/225334/imp57875437","https://www.img.imali.biz/Im_mini_1/000002/9218_225334_S84JqPqu4GY.jpg","HOUSE FOR RENT IN KANOMBE","O","Tue, 25 Feb 2025 11:52:18","Houses for rent","Kicukiro","RWF 600,000"
"https://imali.biz/isaziso/houses-for-rent/27/225333/imp24303713","https://www.img.imali.biz/Im_mini_1/000007/9218_225333_5KWvsFaLZ5p.jpg","HOUSE FOR RENT IN KANOMBE","O","Tue, 25 Feb 2025 9:51:10","Houses for rent","Kicukiro","RWF 900,000"
"https://imali.biz/isaziso/houses-for-rent/27/225309/imp46670253","https://www.img.imali.biz/Im_mini_1/000002/8575_225309_srbAZ9tBlhY.jpg","House for Rent at kimironko","O","Mon, 24 Feb 2025 14:09:32","Houses for rent","Gasabo","RWF 500,000"
"https://imali.biz/isaziso/houses-for-rent/27/225285/imp3889952","https://www.img.imali.biz/Im_mini_1/000005/9218_225285_ejZrKsPA6ru.jpg","APARTMENT FOR RENT IN KAGUGU","O","Sun, 23 Feb 2025 21:51:48","Houses for rent","Gasabo","$ 950"
"https://imali.biz/isaziso/houses-for-rent/27/225284/imp53610484","https://www.img.imali.biz/Im_mini_1/000008/9218_225284_AUZotDkP2TR.jpg","APARTMENT FOR RENT IN KAGUGU","O","Sun, 23 Feb 2025 21:52:06","Houses for rent","Gasabo","$ 900"
"https://imali.biz/isaziso/houses-for-rent/27/225283/imp43209796","https://www.img.imali.biz/Im_mini_1/000001/7493_225283_cyyd28XJR7H.jpg","Inzu nziza ikodeshwa","O","Sun, 23 Feb 2025 21:52:06","Houses for rent","Kicukiro","RWF 400,000"
"https://imali.biz/isaziso/houses-for-rent/27/225282/imp40977825","https://www.img.imali.biz/Im_mini_1/000009/7493_225282_CWgw1pJ1qDq.jpg","Inzu nziza ikodeshwa","O","Sun, 23 Feb 2025 21:52:06","Houses for rent","Kicukiro","RWF 400,000"
"https://imali.biz/isaziso/houses-for-rent/27/225281/imp48565104","https://www.img.imali.biz/Im_mini_1/000005/7493_225281_KW0xu29CAHV.jpg","Inzu nziza ikodeshwa","O","Sun, 23 Feb 2025 21:52:27","Houses for rent","Kicukiro","RWF 500,000"
"https://imali.biz/isaziso/houses-for-rent/27/225280/imp25517483","https://www.img.imali.biz/Im_mini_1/000006/7493_225280_i3bkOIkwByU.jpg","Inzu nziza ikodeshwa","O","Sun, 23 Feb 2025 21:51:48","Houses for rent","Kicukiro","RWF 400,000"
"https://imali.biz/isaziso/houses-for-rent/27/225262/imp37971301","https://www.img.imali.biz/Im_mini_1/000005/9218_225262_k6GYuAVMvCS.jpg","apartment for rent in kabeza","O","Sun, 23 Feb 2025 15:18:15","Houses for rent","Kicukiro","$ 500"
"https://imali.biz/isaziso/apartment-for-rent/91/225254/imp59661394","https://www.img.imali.biz/Im_mini_1/000005/9237_225254_dOWxd0WR9c4.jpg","Kabeza apartment for rent","O","Sun, 23 Feb 2025 13:15:45","Apartment for rent","Kicukiro","$ 1,200"
"https://imali.biz/isaziso/houses-for-rent/27/225124/imp54688322","https://www.img.imali.biz/Im_mini_1/000000/9237_225124_b9LNA7FWQ8g.jpg","Kabeza kumucyo beautiful house for rent","O","Tue, 18 Feb 2025 22:05:20","Houses for rent","Kicukiro","RWF 500,000"
"https://imali.biz/isaziso/houses-for-rent/27/225074/imp49935529","https://www.img.imali.biz/Im_mini_1/000007/10297_225074_Y57CsGQcnDr.jpg","Kimironko","O","Sat, 15 Feb 2025 21:34:50","Houses for rent","Gasabo","RWF 500,000"
"https://imali.biz/isaziso/houses-for-rent/27/225031/imp49113207","https://www.img.imali.biz/Im_mini_1/000005/7493_225031_fAPIsJNaVJq.jpg","Inzu nziza ikodeshwa","O","Sat, 15 Feb 2025 18:27:31","Houses for rent","Kicukiro","RWF 350,000"
"https://imali.biz/isaziso/houses-for-rent/27/225022/imp34374157","https://www.img.imali.biz/Im_mini_1/000003/7493_225022_uZqbi0hsRyq.jpg","Inzu nziza ikodeshwa","O","Sat, 15 Feb 2025 18:41:59","Houses for rent","Kicukiro","RWF 350,000"
"https://imali.biz/isaziso/houses-for-rent/27/224915/imp9228592","https://www.img.imali.biz/Im_mini_1/000002/10297_224915_XVFUyhr5R33.jpg","Kibagabaga kimironko","O","Wed, 12 Feb 2025 20:37:33","Houses for rent","Gasabo","RWF 500,000"
"https://imali.biz/isaziso/houses-for-rent/27/224877/imp40447682","https://www.img.imali.biz/Im_mini_1/000007/10297_224877_1zNjaiYKPLj.jpg","Kimironko munsi yagereza","O","Wed, 12 Feb 2025 10:55:06","Houses for rent","Gasabo","RWF 500,000"
"https://imali.biz/isaziso/houses-for-rent/27/224857/imp33655817","https://www.img.imali.biz/Im_mini_1/000004/10297_224857_V1Uy5COIO15.jpg","Kimironko","O","Tue, 11 Feb 2025 12:00:32","Houses for rent","Gasabo","RWF 300,000"
"https://imali.biz/isaziso/houses-for-rent/27/224846/imp39939374","https://www.img.imali.biz/Im_mini_1/000006/8851_224846_itTggmAOuRL.jpg","Full furnished house for rent at kanombat kanombe","O","Mon, 10 Feb 2025 9:18:06","Houses for rent","Kicukiro","RWF 900,000"
"https://imali.biz/isaziso/houses-for-rent/27/224751/imp36126700","https://www.img.imali.biz/Im_mini_1/000002/6718_224751_YcBXK6NrmBK.jpg","Gikondo house for rent","O","Fri, 07 Feb 2025 9:15:56","Houses for rent","Kicukiro","$ 600,000"
"https://imali.biz/isaziso/houses-for-rent/27/224607/imp59024197","https://www.img.imali.biz/Im_mini_1/000001/9905_224607_WPm5FNdjLtT.jpg","Kibagabaga house for rent 1M","O","Tue, 04 Feb 2025 14:40:25","Houses for rent","Gasabo","RWF 1,000,000"
"https://imali.biz/isaziso/houses-for-rent/27/224455/imp12898868","https://www.img.imali.biz/Im_mini_1/000004/7493_224455_u6XzDGpgOS9.jpg","Inzu nziza ikodeshwa","O","Sun, 02 Feb 2025 0:04:55","Houses for rent","Kicukiro","RWF 250,000"
"https://imali.biz/isaziso/houses-for-rent/27/224444/imp27104190","https://www.img.imali.biz/Im_mini_1/000006/7493_224444_ZeaU9RkV9jH.jpg","Inzu nziza ikodeshwa","O","Sat, 01 Feb 2025 23:33:29","Houses for rent","Kicukiro","RWF 500,000"
"https://imali.biz/isaziso/houses-for-rent/27/224412/imp9694858","https://www.img.imali.biz/Im_mini_1/000008/10124_224412_Q9jEespePjl.jpg","Inzu ikodeshwa Kibagabaga 1M","O","Sat, 01 Feb 2025 19:18:46","Houses for rent","Gasabo","RWF 1,000,000"
"https://imali.biz/isaziso/houses-for-rent/27/224390/imp22296885","https://www.img.imali.biz/Im_mini_1/000002/9905_224390_BIrwlwfXme9.jpg","Iñzu dukodesha Kibagabaga 1M","O","Sat, 01 Feb 2025 18:00:27","Houses for rent","Gasabo","RWF 1,000,000"
"https://imali.biz/isaziso/houses-for-rent/27/224312/imp51962319","https://www.img.imali.biz/Im_mini_1/000002/9562_224312_KNMtvT3ZEHE.jpg","Kimironko house for rent 3M","O","Thu, 30 Jan 2025 12:58:21","Houses for rent","Gasabo","RWF 3,000,000"
"https://imali.biz/isaziso/houses-for-rent/27/224244/imp44075246","https://www.img.imali.biz/Im_mini_1/000009/8852_224244_kIgteV5vYZM.jpg","Kibagabaga Nice Apartment for rent","O","Wed, 29 Jan 2025 22:54:31","Houses for rent","Gasabo","$ 1,000"
"https://imali.biz/isaziso/houses-for-rent/27/224237/imp46891504","https://www.img.imali.biz/Im_mini_1/000008/9762_224237_TeGoVoDxoeX.jpg","Gacuriro vision city house for rent 3000$","O","Wed, 29 Jan 2025 9:58:39","Houses for rent","Gasabo","$ 3,000"
"https://imali.biz/isaziso/houses-for-rent/27/224235/imp16923776","https://www.img.imali.biz/Im_mini_1/000000/9762_224235_d8yUgMA7rGc.jpg","Kibagabaga house for rent 1300$","O","Wed, 29 Jan 2025 9:58:39","Houses for rent","Gasabo","RWF 1,500,000"
"https://imali.biz/isaziso/houses-for-rent/27/224186/imp3738116","https://www.img.imali.biz/Im_mini_1/000005/7724_224186_ii8dOQWtbee.jpg","Kibagabaga unfurnished house for rent 1500$","O","Tue, 28 Jan 2025 21:56:44","Houses for rent","Gasabo","$ 1,500"
"https://imali.biz/isaziso/houses-for-rent/27/224184/imp35400629","https://www.img.imali.biz/Im_mini_1/000000/7724_224184_KpQ0Y0RyOyR.jpg","Kibagabaga house for rent 2000$","O","Tue, 28 Jan 2025 21:09:35","Houses for rent","Gasabo","$ 2,000"
"https://imali.biz/isaziso/houses-for-rent/27/224182/imp25012088","https://www.img.imali.biz/Im_mini_1/000001/7724_224182_DAESyfSFkY2.jpg","Kibagabaga unfurnished house for rent 2000$","O","Tue, 28 Jan 2025 21:57:01","Houses for rent","Gasabo","$ 2,000"
"https://imali.biz/isaziso/houses-for-rent/27/224178/imp44392919","https://www.img.imali.biz/Im_mini_1/000000/7724_224178_l916A2Y1b8C.jpg","Kibagabaga house for rent 1500$","O","Tue, 28 Jan 2025 22:11:53","Houses for rent","Gasabo","$ 1,500"
"https://imali.biz/isaziso/houses-for-rent/27/224175/imp55184206","https://www.img.imali.biz/Im_mini_1/000000/7724_224175_xr7hUa5fTFe.jpg","Kabeza house for rent 600k","O","Tue, 28 Jan 2025 21:25:01","Houses for rent","Kicukiro","RWF 600,000"
"https://imali.biz/isaziso/houses-for-rent/27/224174/imp56150856","https://www.img.imali.biz/Im_mini_1/000009/7724_224174_lvsCU7vksq6.jpg","Nyarugenge kiyovu unfurnished house for rent 3000$","O","Tue, 28 Jan 2025 22:12:03","Houses for rent","Nyarugenge","$ 3,000"
"https://imali.biz/isaziso/houses-for-rent/27/224172/imp52950100","https://www.img.imali.biz/Im_mini_1/000008/7724_224172_ZRWzvCkeIYi.jpg","Kicukiro niboye house for rent 700k","O","Tue, 28 Jan 2025 21:25:16","Houses for rent","Kicukiro","RWF 700,000"
"https://imali.biz/isaziso/houses-for-rent/27/224171/imp37261116","https://www.img.imali.biz/Im_mini_1/000004/7724_224171_fwkR4ynhUxe.jpg","Kanombe house for rent 600k negotiable","O","Tue, 28 Jan 2025 22:29:08","Houses for rent","Kicukiro","RWF 600,000"
"https://imali.biz/isaziso/houses-for-rent/27/224170/imp10296671","https://www.img.imali.biz/Im_mini_1/000009/7724_224170_DxvNA3IcPYj.jpg","Kicukiro kagarama house for rent 700k","O","Tue, 28 Jan 2025 21:41:02","Houses for rent","Kicukiro","RWF 700,000"
"https://imali.biz/isaziso/houses-for-rent/27/224169/imp23084983","https://www.img.imali.biz/Im_mini_1/000009/7724_224169_E4boQJ9joyf.jpg","Kabeza  house for rent 700k","O","Tue, 28 Jan 2025 20:53:59","Houses for rent","Kicukiro","RWF 600,000"
"https://imali.biz/isaziso/houses-for-rent/27/224168/imp3403840","https://www.img.imali.biz/Im_mini_1/000004/7724_224168_MZP4ZYMYpQM.jpg","Kicukiro kagarama house for rent 700k","O","Tue, 28 Jan 2025 21:09:35","Houses for rent","Kicukiro","RWF 700,000"
"https://imali.biz/isaziso/houses-for-rent/27/224159/imp23824800","https://www.img.imali.biz/Im_mini_1/000006/10124_224159_mg3DY2NdJ8Y.jpg","Kibagabaga house for rent 1M","O","Tue, 28 Jan 2025 14:34:14","Houses for rent","Gasabo","RWF 1,000,000"
"https://imali.biz/isaziso/houses-for-rent/27/224129/imp23123174","https://www.img.imali.biz/Im_mini_1/000003/9479_224129_QTfqKdG4izq.jpg","Kicukiro kagarama near Sport views hotel (600k )","O","Sun, 02 Feb 2025 11:01:50","Houses for rent","Kicukiro","RWF 600,000"
"https://imali.biz/isaziso/houses-for-rent/27/224125/imp18075653","https://www.img.imali.biz/Im_mini_1/000000/9479_224125_0igEq28nKnB.jpg","Kibagabaga house for rent 900$","O","Tue, 28 Jan 2025 10:49:26","Houses for rent","Gasabo","$ 900"
"https://imali.biz/isaziso/houses-for-rent/27/224121/imp45674516","https://www.img.imali.biz/Im_mini_1/000001/9479_224121_0dgRR41eSeI.jpg","Kicukiro rebero house for rent 1200000 frws","O","Tue, 28 Jan 2025 10:48:38","Houses for rent","Kicukiro","RWF 1,200,000"
"https://imali.biz/isaziso/houses-for-rent/27/224074/imp54197178","https://www.img.imali.biz/Im_mini_1/000007/7724_224074_U0sb5LjrHjo.jpg","Kicukiro kagarama house for rent 800k","O","Mon, 27 Jan 2025 21:35:39","Houses for rent","Kicukiro","RWF 800,000"
"https://imali.biz/isaziso/houses-for-rent/27/224073/imp8784318","https://www.img.imali.biz/Im_mini_1/000007/7724_224073_ulzJ3gcNNJQ.jpg","Kicukiro kagarama house for rent 700k","O","Mon, 27 Jan 2025 21:35:39","Houses for rent","Kicukiro","RWF 700,000"
"https://imali.biz/isaziso/houses-for-rent/27/224072/imp58630417","https://www.img.imali.biz/Im_mini_1/000001/7724_224072_nc3tbfoPFxt.jpg","Kicukiro kagarama house for rent 700k","O","Tue, 28 Jan 2025 9:14:53","Houses for rent","Kicukiro","RWF 700,000"
"https://imali.biz/isaziso/houses-for-rent/27/224070/imp4798811","https://www.img.imali.biz/Im_mini_1/000000/9762_224070_VDdZhHI8BOD.jpg","Kibagabaga house for rent 1000$","O","Mon, 27 Jan 2025 10:23:16","Houses for rent","Gasabo","$ 1,000"
"https://imali.biz/isaziso/houses-for-rent/27/224068/imp44775606","https://www.img.imali.biz/Im_mini_1/000007/9762_224068_Miog83pFsqZ.jpg","Kanombe house for rent 600k","O","Mon, 27 Jan 2025 10:38:52","Houses for rent","Kicukiro","RWF 600,000"
"https://imali.biz/isaziso/houses-for-rent/27/224067/imp13601119","https://www.img.imali.biz/Im_mini_1/000001/9762_224067_Nw9JJ6VF4n2.jpg","Kanombe house for rent 600k negotiable","O","Mon, 27 Jan 2025 10:38:43","Houses for rent","Kicukiro","RWF 600,000"
"https://imali.biz/isaziso/houses-for-rent/27/224066/imp22157228","https://www.img.imali.biz/Im_mini_1/000007/9762_224066_MQE6mv4W97e.jpg","Kicukiro furnished  house for rent 1700usd","O","Sun, 26 Jan 2025 17:25:12","Houses for rent","Kicukiro","$ 1,700"
"https://imali.biz/isaziso/houses-for-rent/27/224065/imp2965326","https://www.img.imali.biz/Im_mini_1/000001/9762_224065_MAin3xPZE1E.jpg","Kicukiro niboye  house for rent 700k","O","Sun, 26 Jan 2025 17:24:31","Houses for rent","Kicukiro","RWF 800,000"
"https://imali.biz/isaziso/houses-for-rent/27/224064/imp44893191","https://www.img.imali.biz/Im_mini_1/000007/9762_224064_ATO13Zh2xZh.jpg","Kicukiro kagarama house for rent 700k","O","Sun, 26 Jan 2025 16:49:26","Houses for rent","Kicukiro","RWF 700,000"
"https://imali.biz/isaziso/houses-for-rent/27/224063/imp30322333","https://www.img.imali.biz/Im_mini_1/000009/9762_224063_zTpv1BVqwBg.jpg","Kanombe house for rent 500k","O","Sun, 26 Jan 2025 17:07:15","Houses for rent","Kicukiro","RWF 500,000"
"https://imali.biz/isaziso/houses-for-rent/27/224062/imp28485135","https://www.img.imali.biz/Im_mini_1/000009/9762_224062_FKuBFIRcngy.jpg","Kibagabaga modern furnished house for rent 5000$","O","Sun, 26 Jan 2025 17:23:08","Houses for rent","Gasabo","$ 5,000"
"https://imali.biz/isaziso/houses-for-rent/27/224061/imp50379539","https://www.img.imali.biz/Im_mini_1/000001/9762_224061_YjDgmLxZlwy.jpg","Kibagabaga unfurnished house for rent 1500$","O","Sun, 26 Jan 2025 17:07:23","Houses for rent","Gasabo","$ 1,500"
"https://imali.biz/isaziso/houses-for-rent/27/224060/imp55065883","https://www.img.imali.biz/Im_mini_1/000009/9762_224060_O9R5dxhW4qK.jpg","Kibagabaga furnished  house for rent 1500$","O","Sun, 26 Jan 2025 16:49:56","Houses for rent","Gasabo","$ 1,500"
"https://imali.biz/isaziso/houses-for-rent/27/224049/imp3055985","https://www.img.imali.biz/Im_mini_1/000000/9966_224049_HQEDhZz4rAU.jpg","Inzu nziza ikodeshwa","O","Sun, 26 Jan 2025 17:24:31","Houses for rent","Kicukiro","RWF 400,000"
"https://imali.biz/isaziso/houses-for-rent/27/224046/imp32574525","https://www.img.imali.biz/Im_mini_1/000004/9762_224046_0XZdT94L7QC.jpg","Kicukiro kanombe house for rent 500k","O","Sun, 26 Jan 2025 16:37:19","Houses for rent","Kicukiro","RWF 500,000"
"https://imali.biz/isaziso/houses-for-rent/27/224043/imp27104556","https://www.img.imali.biz/Im_mini_1/000007/9762_224043_CGKmUruA9Zu.jpg","Kimironko zindiro house for rent 800k","O","Sun, 26 Jan 2025 16:49:22","Houses for rent","Gasabo","RWF 800,000"
"https://imali.biz/isaziso/houses-for-rent/27/224042/imp45734936","https://www.img.imali.biz/Im_mini_1/000006/9762_224042_IhpDl53gO8Y.jpg","Kanombe house for rent 500k","O","Sun, 26 Jan 2025 16:49:43","Houses for rent","Kicukiro","RWF 500,000"
"https://imali.biz/isaziso/houses-for-rent/27/224039/imp52552378","https://www.img.imali.biz/Im_mini_1/000007/9762_224039_08ZOkbk6usJ.jpg","Kicukiro kagarama house for rent 700k","O","Sun, 26 Jan 2025 10:34:57","Houses for rent","Kicukiro","RWF 700,000"
"https://imali.biz/isaziso/houses-for-rent/27/223997/imp5154364","https://www.img.imali.biz/Im_mini_1/000009/10124_223997_PnEpI2i7wtR.jpg","Kibagabaga house for rent 800$","O","Sat, 25 Jan 2025 21:54:48","Houses for rent","Gasabo","$ 800"
"https://imali.biz/isaziso/houses-for-rent/27/223983/imp58937063","https://www.img.imali.biz/Im_mini_1/000006/8852_223983_CahnMLe0fUJ.jpg","Kibagabaga beautiful home for rent","O","Sat, 25 Jan 2025 23:00:58","Houses for rent","Gasabo","$ 1,200"
"https://imali.biz/isaziso/houses-for-rent/27/223982/imp1765334","https://www.img.imali.biz/Im_mini_1/000006/8852_223982_QIyRXhYbVKA.jpg","Kibagabaga beautiful home for rent","O","Sat, 25 Jan 2025 22:11:28","Houses for rent","Gasabo","$ 1,200"
"https://imali.biz/isaziso/houses-for-rent/27/223943/imp46520385","https://www.img.imali.biz/Im_mini_1/000003/10360_223943_TLaDwg7B94P.jpg","HOUSE FOR RENT GASANZE","O","Thu, 23 Jan 2025 21:29:43","Houses for rent","Gasabo","$ 800"
"https://imali.biz/isaziso/plot-for-rent/57/223924/imp39346346","https://www.img.imali.biz/Im_mini_1/000000/10333_223924_IzkRZkGaPcY.jpg","Ikibanza tugurisha gasogi hafi Niko ryokumurindi k","O","Fri, 24 Jan 2025 12:14:39","Plot for rent","Gasabo","RWF 8,000,000"
"https://imali.biz/isaziso/houses-for-rent/27/223770/imp31574450","https://www.img.imali.biz/Im_mini_1/000002/8575_223770_f5xH3T76sci.jpg","House for Rent at Remera","O","Tue, 21 Jan 2025 10:42:06","Houses for rent","Gasabo","RWF 2,000,000"
"https://imali.biz/isaziso/houses-for-rent/27/223769/imp52811259","https://www.img.imali.biz/Im_mini_1/000008/8575_223769_QiNZ2hE1Vng.jpg","House for Rent at kimironko","O","Tue, 21 Jan 2025 10:27:01","Houses for rent","Gasabo","RWF 600,000"
"https://imali.biz/isaziso/houses-for-rent/27/223768/imp58572728","https://www.img.imali.biz/Im_mini_1/000004/8575_223768_YHUhdD4c6f6.jpg","House for Rent at kimironko","O","Tue, 21 Jan 2025 10:43:22","Houses for rent","Gasabo","RWF 2,000,000"
"https://imali.biz/isaziso/houses-for-rent/27/223758/imp18308780","https://www.img.imali.biz/Im_mini_1/000002/9905_223758_6XiA7K9Lgry.jpg","Kibagabaga house for rent 1M","O","Tue, 21 Jan 2025 10:27:01","Houses for rent","Gasabo","RWF 1,000,000"
"https://imali.biz/isaziso/houses-for-rent/27/223747/imp30600304","https://www.img.imali.biz/Im_mini_1/000002/10297_223747_P0BMxDw7Nt6.jpg","Kimironko zindiro","O","Tue, 21 Jan 2025 9:57:54","Houses for rent","Gasabo","RWF 500,000"
"https://imali.biz/isaziso/apartment-for-rent/91/223744/imp3566806","https://www.img.imali.biz/Im_mini_1/000005/10297_223744_XBfyS2VAmmY.jpg","Kimironko ahantu heza","O","Tue, 21 Jan 2025 9:57:54","Apartment for rent","Gasabo","RWF 400,000"
"https://imali.biz/isaziso/houses-for-rent/27/223680/imp3373359","https://www.img.imali.biz/Im_mini_1/000004/7493_223680_zCs1J3uGkwy.jpg","Inzu nziza ikodeshwa","O","Mon, 20 Jan 2025 7:51:28","Houses for rent","Kicukiro","RWF 500,000"
"https://imali.biz/isaziso/houses-for-rent/27/223679/imp41239395","https://www.img.imali.biz/Im_mini_1/000004/7493_223679_7fk6Hy5yU6Q.jpg","Inzu nziza ikodeshwa","O","Mon, 20 Jan 2025 7:51:25","Houses for rent","Kicukiro","RWF 400,000"
"https://imali.biz/isaziso/houses-for-rent/27/223648/imp55195478","https://www.img.imali.biz/Im_mini_1/000007/9153_223648_S2WL5q5vSMQ.jpg","lnzu igurishwa","O","Mon, 20 Jan 2025 7:36:26","Houses for rent","Kicukiro","RWF 220,000"
"https://imali.biz/isaziso/houses-for-rent/27/223627/imp56299653","https://www.img.imali.biz/Im_mini_1/000005/9905_223627_o1kkny8ccmI.jpg","Kibagabaga house for rent 1M","O","Sat, 18 Jan 2025 20:57:20","Houses for rent","Gasabo","RWF 1,000,000"
"https://imali.biz/isaziso/houses-for-rent/27/223596/imp28829434","https://www.img.imali.biz/Im_mini_1/000006/8851_223596_pQJTxOcRcyN.jpg","Nice house for rentat kanombe","O","Sat, 18 Jan 2025 20:52:04","Houses for rent","Kicukiro","RWF 350,000"
"https://imali.biz/isaziso/warehouse/98/223558/imp54807835","https://www.img.imali.biz/Im_mini_1/000001/926_223558_NOQtAskscG3.jpg","Warehouses for rent/Depo zikodeshwa I Gikondo& Mas","O","Fri, 17 Jan 2025 10:54:41","Warehouse","Gasabo","$ 4"
"https://imali.biz/isaziso/houses-for-rent/27/223555/imp33234744","https://www.img.imali.biz/Im_mini_1/000000/9218_223555_4bb0MtFTz6p.jpg","HOUSE FOR RENT IN GACURIRO","O","Fri, 17 Jan 2025 10:55:02","Houses for rent","Gasabo","$ 2,500"
"https://imali.biz/isaziso/houses-for-rent/27/223526/imp8084916","https://www.img.imali.biz/Im_mini_1/000000/10315_223526_jjC3MvlHs3r.jpg","Kanombe house for rent @400k","O","Fri, 17 Jan 2025 10:26:47","Houses for rent","Kicukiro","RWF 400,000"
"https://imali.biz/isaziso/houses-for-rent/27/223450/imp25162688","https://www.img.imali.biz/Im_mini_1/000002/9675_223450_eEN6x3DXBLE.jpg","Kicukiro kagarama house for rent 600k","O","Thu, 16 Jan 2025 8:20:47","Houses for rent","Kicukiro","RWF 600,000"
"https://imali.biz/isaziso/houses-for-rent/27/223448/imp30221109","https://www.img.imali.biz/Im_mini_1/000008/9675_223448_XFLE5Sn4MnI.jpg","Kicukiro kagarama house for rent 700k","O","Thu, 16 Jan 2025 9:17:01","Houses for rent","Kicukiro","RWF 700,000"
"https://imali.biz/isaziso/houses-for-rent/27/223432/imp18074491","https://www.img.imali.biz/Im_mini_1/000005/7724_223432_yKIPzo09Xr0.jpg","Kibagabaga available nice house for rent 2500$","O","Thu, 16 Jan 2025 7:39:42","Houses for rent","Gasabo","$ 2,500"
"https://imali.biz/isaziso/houses-for-rent/27/223431/imp4136165","https://www.img.imali.biz/Im_mini_1/000002/7724_223431_BTBuMm0GI2I.jpg","Kibagabaga available unfurnished house for rent","O","Thu, 16 Jan 2025 7:53:34","Houses for rent","Gasabo","$ 2,000"
"https://imali.biz/isaziso/houses-for-rent/27/223430/imp24761700","https://www.img.imali.biz/Im_mini_1/000006/7724_223430_czq1kfu2sAl.jpg","Remera nyabisindu house for rent 800k","O","Thu, 16 Jan 2025 7:53:17","Houses for rent","Gasabo","RWF 800,000"
"https://imali.biz/isaziso/houses-for-rent/27/223390/imp48844452","https://www.img.imali.biz/Im_mini_1/000002/7724_223390_ST47n9g6DtM.jpg","Kibagabaga unfurnished house for rent 1500$","O","Wed, 15 Jan 2025 9:24:21","Houses for rent","Gasabo","$ 1,500"
"https://imali.biz/isaziso/houses-for-rent/27/223374/imp14987082","https://www.img.imali.biz/Im_mini_1/000006/9966_223374_b3v6d0WOVoQ.jpg","Inzu nziza ikodeshwa","O","Mon, 13 Jan 2025 17:52:47","Houses for rent","Kicukiro","RWF 400,000"
"https://imali.biz/isaziso/houses-for-rent/27/223373/imp1204627","https://www.img.imali.biz/Im_mini_1/000005/9966_223373_nQziSchbw33.jpg","Inzu nziza ikodeshwa","O","Mon, 13 Jan 2025 20:06:43","Houses for rent","Kicukiro","RWF 400,000"
"https://imali.biz/isaziso/houses-for-rent/27/223372/imp22001843","https://www.img.imali.biz/Im_mini_1/000000/9966_223372_3gw8tNLFcbG.jpg","Inzu nziza ikodeshwa","O","Mon, 13 Jan 2025 19:38:19","Houses for rent","Kicukiro","RWF 400,000"
"https://imali.biz/isaziso/houses-for-rent/27/223371/imp6364117","https://www.img.imali.biz/Im_mini_1/000009/9966_223371_vQUINYBG87D.jpg","Inzu nziza ikodeshwa","O","Mon, 13 Jan 2025 19:38:18","Houses for rent","Kicukiro","RWF 400,000"
"https://imali.biz/isaziso/houses-for-rent/27/223370/imp4023423","https://www.img.imali.biz/Im_mini_1/000007/9966_223370_N75CFXsasZW.jpg","Inzu nziza ikodeshwa","O","Mon, 13 Jan 2025 19:52:16","Houses for rent","Kicukiro","RWF 400,000"
"https://imali.biz/isaziso/houses-for-rent/27/223367/imp27727243","https://www.img.imali.biz/Im_mini_1/000001/9966_223367_2tqXzJVmaRe.jpg","Inzu nziza ikodeshwa","O","Mon, 13 Jan 2025 19:10:08","Houses for rent","Kicukiro","RWF 400,000"
"https://imali.biz/isaziso/houses-for-rent/27/223366/imp52839677","https://www.img.imali.biz/Im_mini_1/000002/9966_223366_UdaaUXP9nWn.jpg","Inzu nziza ikodeshwa","O","Mon, 13 Jan 2025 19:53:07","Houses for rent","Kicukiro","RWF 500,000"
"https://imali.biz/isaziso/apartment-for-rent/91/223365/imp17161822","https://www.img.imali.biz/Im_mini_1/000007/9218_223365_1CoqJ4JbGP8.jpg","APARTMENT FOR RENT IN NYARUTARAMA","O","Mon, 13 Jan 2025 19:09:39","Apartment for rent","Gasabo","$ 2,000"
"https://imali.biz/isaziso/apartment-for-rent/91/223363/imp32379487","https://www.img.imali.biz/Im_mini_1/000009/9218_223363_CuZtRJLrJZE.jpg","APARTMENT FOR RENT IN KIYOVU","O","Mon, 13 Jan 2025 19:52:16","Apartment for rent","Nyarugenge","$ 3,500"
"https://imali.biz/isaziso/apartment-for-rent/91/223361/imp28853335","https://www.img.imali.biz/Im_mini_1/000004/9218_223361_d19YlTHigtf.jpg","APARTMENT FOR RENT IN KImironko","O","Mon, 13 Jan 2025 19:09:59","Apartment for rent","Gasabo","$ 600"
"https://imali.biz/isaziso/apartment-for-rent/91/223356/imp52521240","https://www.img.imali.biz/Im_mini_1/000000/9218_223356_68QCKDf2GO9.jpg","apartment for rent in kimihurura","O","Mon, 13 Jan 2025 10:56:53","Apartment for rent","Gasabo","$ 1,800"
"https://imali.biz/isaziso/apartment-for-rent/91/223355/imp23484540","https://www.img.imali.biz/Im_mini_1/000007/9218_223355_8YpXJZZVelm.jpg","APARTMENT FOR RENT IN KICUKIRO","O","Mon, 13 Jan 2025 18:50:25","Apartment for rent","Kicukiro","$ 900"
"https://imali.biz/isaziso/apartment-for-rent/91/223352/imp40712999","https://www.img.imali.biz/Im_mini_1/000009/9218_223352_xdDaPAoQqSy.jpg","APARTMENT FOR RENT IN  KAGUGU","O","Mon, 13 Jan 2025 10:41:24","Apartment for rent","Gasabo","$ 950"
"https://imali.biz/isaziso/apartment-for-rent/91/223351/imp52527472","https://www.img.imali.biz/Im_mini_1/000008/9218_223351_2kSLjbLr2D6.jpg","APARTMENT FOR RENT IN RUBAVU","O","Mon, 13 Jan 2025 17:52:25","Apartment for rent","Rubavu","$ 1,000"
"https://imali.biz/isaziso/houses-for-rent/27/223333/imp58601841","https://www.img.imali.biz/Im_mini_1/000002/10297_223333_qFpT5xcpJoo.jpg","Kimironko","O","Sun, 12 Jan 2025 11:15:53","Houses for rent","Gasabo","RWF 500,000"
"https://imali.biz/isaziso/houses-for-rent/27/223331/imp25238057","https://www.img.imali.biz/Im_mini_1/000008/10297_223331_rLxdr99WCEE.jpg","Kimironko","O","Sun, 12 Jan 2025 11:27:24","Houses for rent","Gasabo","RWF 250,000"
"https://imali.biz/isaziso/houses-for-rent/27/223329/imp38880269","https://www.img.imali.biz/Im_mini_1/000003/9218_223329_G5ljznOzkkR.jpg","KIMIHURURA HOUSE FOR RENT","O","Sun, 12 Jan 2025 11:27:54","Houses for rent","Gasabo","RWF 2,000,000"
"https://imali.biz/isaziso/houses-for-rent/27/223328/imp28969372","https://www.img.imali.biz/Im_mini_1/000003/9218_223328_F1PuE1mpksq.jpg","KACYIRU HOUSE FOR RENT","O","Sun, 12 Jan 2025 11:42:17","Houses for rent","Gasabo","$ 1,200"
"https://imali.biz/isaziso/houses-for-rent/27/223322/imp13850139","https://www.img.imali.biz/Im_mini_1/000005/7493_223322_MhT2QvELQQC.jpg","Inzu nziza ikodeshwa","O","Sat, 11 Jan 2025 18:53:33","Houses for rent","Kicukiro","RWF 400,000"
"https://imali.biz/isaziso/houses-for-rent/27/223209/imp16765574","https://www.img.imali.biz/Im_mini_1/000003/9905_223209_A67dqSbwX1k.jpg","Kibagabaga house for rent 900$","O","Fri, 10 Jan 2025 8:19:26","Houses for rent","Gasabo","$ 900"
"https://imali.biz/isaziso/houses-for-rent/27/223121/imp14698904","https://www.img.imali.biz/Im_mini_1/000002/7493_223121_2X2ZYytkSUx.jpg","Inzu nziza ikodeshwa","O","Wed, 08 Jan 2025 14:52:25","Houses for rent","Gasabo","RWF 400,000"
"https://imali.biz/isaziso/houses-for-rent/27/223120/imp11843246","https://www.img.imali.biz/Im_mini_1/000002/7493_223120_IdopRqjhxMj.jpg","Inzu nziza ikodeshwa","O","Wed, 08 Jan 2025 14:52:26","Houses for rent","Gasabo","RWF 400,000"
"https://imali.biz/isaziso/houses-for-rent/27/223119/imp39168872","https://www.img.imali.biz/Im_mini_1/000001/7493_223119_GYEZmwsn7Ca.jpg","Inzu nziza ikodeshwa","O","Wed, 08 Jan 2025 14:52:26","Houses for rent","Gasabo","RWF 400,000"
"https://imali.biz/isaziso/apartment-for-rent/91/223070/imp54500449","https://www.img.imali.biz/Im_mini_1/000009/7493_223070_X4ZYeDiWIQE.jpg","Apartment nziza ikodeshwa","O","Wed, 08 Jan 2025 7:27:34","Apartment for rent","Kicukiro","$ 700"
"https://imali.biz/isaziso/houses-for-rent/27/223062/imp32008307","https://www.img.imali.biz/Im_mini_1/000005/8852_223062_A1We4MR4wsg.jpg","Remera Cozy House for rent","O","Tue, 07 Jan 2025 7:24:26","Houses for rent","Gasabo","$ 900"
"https://imali.biz/isaziso/houses-for-rent/27/223055/imp13670728","https://www.img.imali.biz/Im_mini_1/000002/7493_223055_prap0ptLpZe.jpg","Inzu nziza ikodeshwa","O","Mon, 06 Jan 2025 22:04:16","Houses for rent","Kicukiro","RWF 400,000"
"https://imali.biz/isaziso/houses-for-rent/27/223053/imp18767572","https://www.img.imali.biz/Im_mini_1/000002/10315_223053_mxKGOcQQHRB.jpg","Kicukiro house for rent @600k","O","Tue, 07 Jan 2025 7:37:43","Houses for rent","Kicukiro","RWF 600,000"
"https://imali.biz/isaziso/plot-for-rent/57/223040/imp26260134","https://www.img.imali.biz/Im_mini_1/000009/10333_223040_VxgEDovvDLi.jpg","Ikibanza tugurisha kibagabaga ahantu heza cyane","O","Tue, 07 Jan 2025 8:18:11","Plot for rent","Gasabo","RWF 15,000,000"
"https://imali.biz/isaziso/houses-for-rent/27/223039/imp25541890","https://www.img.imali.biz/Im_mini_1/000006/9966_223039_MIkKgZfQKLH.jpg","Inzu nziza ikodeshwa","O","Mon, 06 Jan 2025 21:01:55","Houses for rent","Kicukiro","RWF 400,000"
"https://imali.biz/isaziso/houses-for-rent/27/222934/imp51918482","https://www.img.imali.biz/Im_mini_1/000002/10297_222934_hmIy98X4sOP.jpg","Kimironko","O","Mon, 06 Jan 2025 6:47:29","Houses for rent","Gasabo","RWF 800,000"
"https://imali.biz/isaziso/houses-for-rent/27/222931/imp2591472","https://www.img.imali.biz/Im_mini_1/000004/8851_222931_Jqfl3C7D7GH.jpg","Nice house for rent at kicukiro kagarama","O","Mon, 06 Jan 2025 6:47:32","Houses for rent","Kicukiro","RWF 500,000"
"https://imali.biz/isaziso/houses-for-rent/27/222929/imp7418731","https://www.img.imali.biz/Im_mini_1/000009/8851_222929_5KpqInPrM7G.jpg","Nice house for rent at kanombe","O","Mon, 06 Jan 2025 6:47:32","Houses for rent","Kicukiro","RWF 4,500,000"
"https://imali.biz/isaziso/houses-for-rent/27/222925/imp10204659","https://www.img.imali.biz/Im_mini_1/000009/10315_222925_TPcQazqnKFO.jpg","Kanombe house for rent @500k","O","Fri, 03 Jan 2025 17:56:35","Houses for rent","Kicukiro","RWF 500,000"
"https://imali.biz/isaziso/houses-for-rent/27/222886/imp24554129","https://www.img.imali.biz/Im_mini_1/000003/10210_222886_PSDKNNl11kh.jpg","House for rent kicukiro","O","Fri, 03 Jan 2025 17:54:48","Houses for rent","Kicukiro","RWF 500,000"
"https://imali.biz/isaziso/houses-for-rent/27/222846/imp28149100","https://www.img.imali.biz/Im_mini_1/000004/7493_222846_ClsQoWjHUg3.jpg","Inzu nziza ikodeshwa","O","Wed, 01 Jan 2025 6:54:48","Houses for rent","Kicukiro","RWF 400,000"
"https://imali.biz/isaziso/houses-for-rent/27/222845/imp27411111","https://www.img.imali.biz/Im_mini_1/000007/10297_222845_u9aWyZ9Vb3M.jpg","Kimironko munsi yagereza","O","Wed, 01 Jan 2025 6:54:48","Houses for rent","Gasabo","RWF 400,000"
"https://imali.biz/isaziso/houses-for-rent/27/222836/imp49113024","https://www.img.imali.biz/Im_mini_1/000007/7493_222836_M6JnvkB9bKL.jpg","Inzu nziza ikodeshwa","O","Tue, 31 Dec 2024 13:38:27","Houses for rent","Kicukiro","RWF 500,000"
"https://imali.biz/isaziso/apartment-for-rent/91/222771/imp24059885","https://www.img.imali.biz/Im_mini_1/000009/9966_222771_DpenrfhOgok.jpg","Apartment for rent","O","Mon, 30 Dec 2024 8:20:20","Apartment for rent","Kicukiro","$ 1,000"
"https://imali.biz/isaziso/houses-for-rent/27/222690/imp7855254","https://www.img.imali.biz/Im_mini_1/000005/7493_222690_JSZ4LdOHmN9.jpg","Inzu nziza ikodeshwa","O","Fri, 27 Dec 2024 8:25:06","Houses for rent","Kicukiro","RWF 400,000"
"https://imali.biz/isaziso/houses-for-rent/27/222679/imp13250721","https://www.img.imali.biz/Im_mini_1/000003/7493_222679_7Ox7oANqmVW.jpg","Inzu nziza ikodeshwa","O","Fri, 27 Dec 2024 8:11:09","Houses for rent","Kicukiro","RWF 300,000"
"https://imali.biz/isaziso/houses-for-rent/27/222657/imp16207374","https://www.img.imali.biz/Im_mini_1/000009/7493_222657_U0CfQ7F65zD.jpg","Inzu nziza ikodeshwa","O","Thu, 26 Dec 2024 8:11:40","Houses for rent","Kicukiro","RWF 400,000"
"https://imali.biz/isaziso/houses-for-rent/27/222607/imp36246693","https://www.img.imali.biz/Im_mini_1/000004/10360_222607_umPeTbAqhHg.jpg","House for rent KIMIRONKO","O","Tue, 24 Dec 2024 9:38:16","Houses for rent","Gasabo","$ 1,500"
"https://imali.biz/isaziso/houses-for-rent/27/222484/imp59795195","https://www.img.imali.biz/Im_mini_1/000001/10297_222484_nONYEpSz6fX.jpg","Kimironko","O","Fri, 20 Dec 2024 12:56:49","Houses for rent","Gasabo","RWF 400,000"
"https://imali.biz/isaziso/apartment-for-rent/91/222478/imp46981547","https://www.img.imali.biz/Im_mini_1/000000/9562_222478_qb048hTJ8iO.jpg","Apartment for rent from Kimironko 1M","O","Fri, 20 Dec 2024 12:55:17","Apartment for rent","Gasabo","RWF 1,000,000"
"https://imali.biz/isaziso/houses-for-rent/27/222394/imp54104570","https://www.img.imali.biz/Im_mini_1/000000/7493_222394_T8k1hF81aK3.jpg","Inzu nziza ikodeshwa","O","Thu, 19 Dec 2024 7:54:14","Houses for rent","Kicukiro","RWF 200,000"
"https://imali.biz/isaziso/houses-for-rent/27/222389/imp46462837","https://www.img.imali.biz/Im_mini_1/000004/7493_222389_sLxObBJKPxv.jpg","Inzu nziza ikodeshwa","O","Wed, 18 Dec 2024 12:15:46","Houses for rent","Kicukiro","$ 1,000"
"https://imali.biz/isaziso/apartment-for-rent/91/222385/imp48618951","https://www.img.imali.biz/Im_mini_1/000005/7493_222385_vRcFwKCTPCu.jpg","Apartment nziza ikodeshwa","O","Wed, 18 Dec 2024 12:15:33","Apartment for rent","Kicukiro","$ 700"
"https://imali.biz/isaziso/houses-for-rent/27/222217/imp41663342","https://www.img.imali.biz/Im_mini_1/000002/6718_222217_cUVwnMx86aH.jpg","Zindiro house for rent","O","Sun, 15 Dec 2024 9:19:46","Houses for rent","Gasabo","RWF 600,000"
"https://imali.biz/isaziso/houses-for-rent/27/222181/imp0910106","https://www.img.imali.biz/Im_mini_1/000006/7493_222181_ZbePIUmIXeK.jpg","Inzu nziza ikodeshwa","O","Sat, 14 Dec 2024 20:28:35","Houses for rent","Kicukiro","RWF 700,000"
"https://imali.biz/isaziso/houses-for-rent/27/222180/imp34588643","https://www.img.imali.biz/Im_mini_1/000006/7493_222180_XCHbMpCjP2J.jpg","Inzu nziza ikodeshwa","O","Sat, 14 Dec 2024 20:00:56","Houses for rent","Kicukiro","RWF 450,000"
"https://imali.biz/isaziso/houses-for-rent/27/222179/imp17169589","https://www.img.imali.biz/Im_mini_1/000009/7493_222179_NTjvYA3hQw3.jpg","Inzu nziza ikodeshwa","O","Sat, 14 Dec 2024 19:33:48","Houses for rent","Kicukiro","RWF 450,000"
"https://imali.biz/isaziso/houses-for-rent/27/222178/imp33916285","https://www.img.imali.biz/Im_mini_1/000005/7493_222178_Khrfmp9L2Ot.jpg","Inzu nziza ikodeshwa","O","Sat, 14 Dec 2024 19:47:13","Houses for rent","Kicukiro","RWF 450,000"
"https://imali.biz/isaziso/houses-for-rent/27/222168/imp2709649","https://www.img.imali.biz/Im_mini_1/000006/7493_222168_35jRVLafiZf.jpg","Inzu nziza ikodeshwa","O","Sat, 14 Dec 2024 15:57:15","Houses for rent","Kicukiro","RWF 400,000"
"https://imali.biz/isaziso/apartment-for-rent/91/222047/imp34429888","https://www.img.imali.biz/Im_mini_1/000009/8927_222047_dJiSdCM8waE.jpg","fully furnished apartment for rent in kibagabaga","O","Fri, 13 Dec 2024 11:32:14","Apartment for rent","Gasabo","$ 700"
"https://imali.biz/isaziso/houses-for-rent/27/222043/imp30584954","https://www.img.imali.biz/Im_mini_1/000002/8927_222043_MzFYzaNU3nH.jpg","House for rent in kigali kimironko kibagabaga","O","Thu, 12 Dec 2024 17:09:45","Houses for rent","Gasabo","RWF 800,000"
"https://imali.biz/isaziso/houses-for-rent/27/221991/imp9789732","https://www.img.imali.biz/Im_mini_1/000000/7493_221991_pfDP78zsxCe.jpg","Inzu nziza ikodeshwa","O","Wed, 11 Dec 2024 21:16:46","Houses for rent","Kicukiro","RWF 700,000"
"https://imali.biz/isaziso/houses-for-rent/27/221990/imp35601992","https://www.img.imali.biz/Im_mini_1/000009/7493_221990_CZFuSFlazZ3.jpg","Inzu nziza ikodeshwa","O","Wed, 11 Dec 2024 21:09:20","Houses for rent","Kicukiro","RWF 500,000"
"https://imali.biz/isaziso/houses-for-rent/27/221978/imp25576005","https://www.img.imali.biz/Im_mini_1/000002/10297_221978_lnB76wIqGvC.jpg","Kimironko kwamushimire","O","Wed, 11 Dec 2024 12:15:59","Houses for rent","Gasabo","RWF 1,000,000"
"https://imali.biz/isaziso/apartment-for-rent/91/221971/imp55389747","https://www.img.imali.biz/Im_mini_1/000003/10297_221971_FDBgRuoCapi.jpg","Kimironko munsi yagereza","O","Wed, 11 Dec 2024 12:01:49","Apartment for rent","Gasabo","RWF 300,000"
"https://imali.biz/isaziso/houses-for-rent/27/221884/imp6676375","https://www.img.imali.biz/Im_mini_1/000005/10136_221884_WBaQ9kE9d4F.jpg","Inzu ikodeshwa mubirembo byakinyinya","O","Mon, 09 Dec 2024 16:49:13","Houses for rent","Gasabo","RWF 300,000"
"https://imali.biz/isaziso/houses-for-rent/27/221883/imp30874579","https://www.img.imali.biz/Im_mini_1/000008/10136_221883_V3b9rmy8MxM.jpg","Inzu ikodeshwa kimironko","O","Mon, 09 Dec 2024 16:49:17","Houses for rent","Gasabo","RWF 300,000"
"https://imali.biz/isaziso/houses-for-rent/27/221832/imp51126806","https://www.img.imali.biz/Im_mini_1/000005/9905_221832_fEPrcfPPNoo.jpg","Kibagabaga house for sale 1M","O","Sun, 08 Dec 2024 13:51:12","Houses for rent","Gasabo","RWF 1,000,000"
"https://imali.biz/isaziso/houses-for-rent/27/221773/imp39588818","https://www.img.imali.biz/Im_mini_1/000006/9905_221773_HB8AiBODeZe.jpg","Gisozi house for rent 1000$","O","Sat, 07 Dec 2024 14:37:00","Houses for rent","Gasabo","$ 1,000"
"https://imali.biz/isaziso/houses-for-rent/27/221701/imp39693213","https://www.img.imali.biz/Im_mini_1/000003/9905_221701_rYAEdslGhAH.jpg","Kibagabaga house for rent 800$","O","Thu, 05 Dec 2024 15:28:13","Houses for rent","Gasabo","$ 800"
"https://imali.biz/isaziso/houses-for-rent/27/221679/imp5306026","https://www.img.imali.biz/Im_mini_1/000002/9218_221679_A4FG90J6HGN.jpg","HOUSE FOR RENT IN KIBAGABAGA","O","Thu, 05 Dec 2024 10:44:11","Houses for rent","Gasabo","$ 3,000"
"https://imali.biz/isaziso/houses-for-rent/27/221656/imp47964913","https://www.img.imali.biz/Im_mini_1/000000/9218_221656_cIdPlc9awAD.jpg","KIYOVU HOUSE FOR RENT","O","Thu, 05 Dec 2024 10:40:23","Houses for rent","Nyarugenge","$ 6,500"
"https://imali.biz/isaziso/houses-for-rent/27/221612/imp27153106","https://www.img.imali.biz/Im_mini_1/000001/9905_221612_UasEPoqOlnR.jpg","Kibagabaga house for rent 800$","O","Wed, 04 Dec 2024 14:35:23","Houses for rent","Gasabo","$ 800"
"https://imali.biz/isaziso/houses-for-rent/27/221604/imp14810801","https://www.img.imali.biz/Im_mini_1/000003/9218_221604_waBoGioSizD.jpg","HOUSE FOR RENT IN KIYOVU","O","Tue, 03 Dec 2024 17:20:39","Houses for rent","Nyarugenge","$ 1,500"
"https://imali.biz/isaziso/houses-for-rent/27/221603/imp5053298","https://www.img.imali.biz/Im_mini_1/000009/9218_221603_mwISH8kxhus.jpg","HOUSE FOR RENT IN KIBAGABAGA","O","Tue, 03 Dec 2024 17:20:40","Houses for rent","Gasabo","$ 3,000"
"https://imali.biz/isaziso/houses-for-rent/27/221594/imp34990973","https://www.img.imali.biz/Im_mini_1/000002/9218_221594_W4MVbGRV2Bx.jpg","HOUSE FOR RENT IN KABEZA","O","Tue, 03 Dec 2024 17:20:45","Houses for rent","Kicukiro","$ 800"
"https://imali.biz/isaziso/apartment-for-rent/91/221556/imp46330956","https://www.img.imali.biz/Im_mini_1/000008/9601_221556_lwqlQKf3MZ1.jpg","Fully furnished apartment for rent Gisozi on 450$","O","Tue, 03 Dec 2024 10:30:16","Apartment for rent","Gasabo","$ 450"
"https://imali.biz/isaziso/apartment-for-rent/91/221547/imp51478855","https://www.img.imali.biz/Im_mini_1/000003/9601_221547_aEFBggOMmaz.jpg","Fully furnished apartment for rent Gisozi on 450$","O","Tue, 03 Dec 2024 9:10:04","Apartment for rent","Gasabo","$ 450"
"https://imali.biz/isaziso/houses-for-rent/27/221540/imp20658664","https://www.img.imali.biz/Im_mini_1/000008/10297_221540_TiXlmpTSoO9.jpg","Kimironko","O","Tue, 03 Dec 2024 8:25:43","Houses for rent","Gasabo","RWF 300,000"
"https://imali.biz/isaziso/houses-for-rent/27/221538/imp45784957","https://www.img.imali.biz/Im_mini_1/000002/10297_221538_N3iVj2EhuQ9.jpg","Kibagabaga kimironko","O","Tue, 03 Dec 2024 8:25:25","Houses for rent","Gasabo","$ 1,000"
"https://imali.biz/isaziso/houses-for-rent/27/221537/imp49403702","https://www.img.imali.biz/Im_mini_1/000007/10297_221537_9r3lxQKPVS7.jpg","Kibagabaga kimironko","O","Tue, 03 Dec 2024 8:25:25","Houses for rent","Gasabo","$ 1,000"
"https://imali.biz/isaziso/houses-for-rent/27/221536/imp55613626","https://www.img.imali.biz/Im_mini_1/000009/10297_221536_OCtiW3OO1r2.jpg","Kimironko munsi yagereza","O","Tue, 03 Dec 2024 8:19:18","Houses for rent","Gasabo","RWF 600,000"
"https://imali.biz/isaziso/houses-for-rent/27/221409/imp30820821","https://www.img.imali.biz/Im_mini_1/000002/10136_221409_naxUYVhS6mW.jpg","Inzu igurishwa bumbogo","O","Wed, 27 Nov 2024 10:41:51","Houses for rent","Gasabo","RWF 800,000"
"https://imali.biz/isaziso/houses-for-rent/27/221386/imp57720245","https://www.img.imali.biz/Im_mini_1/000006/9923_221386_bAqpT1g6Zaq.jpg","Wonderful house for rent at RUSORORO","O","Wed, 27 Nov 2024 10:41:30","Houses for rent","Gasabo","RWF 500,000"
"https://imali.biz/isaziso/houses-for-rent/27/221376/imp48523310","https://www.img.imali.biz/Im_mini_1/000001/8575_221376_dociG3EDsnZ.jpg","House for Rent at kibagabaga","O","Tue, 26 Nov 2024 10:02:12","Houses for rent","Gasabo","RWF 1,000,000"
"https://imali.biz/isaziso/houses-for-rent/27/221375/imp43869049","https://www.img.imali.biz/Im_mini_1/000002/8575_221375_dLM74wC7KE5.jpg","House for Rent at kibagabaga","O","Tue, 26 Nov 2024 10:08:04","Houses for rent","Gasabo","RWF 800,000"
"https://imali.biz/isaziso/warehouse/98/221326/imp57975926","https://www.img.imali.biz/Im_mini_1/000003/926_221326_uxvNopLnXlF.jpg","Warehouses for sale/rent in Free zone-Masoro/Depo","O","Mon, 25 Nov 2024 10:56:07","Warehouse","Gasabo","$ 4"
"https://imali.biz/isaziso/houses-for-rent/27/221188/imp5222931","https://www.img.imali.biz/Im_mini_1/000003/9905_221188_yNtAzDuwGwC.jpg","Kibagabaga house for rent 700k","O","Thu, 21 Nov 2024 13:42:07","Houses for rent","Gasabo","RWF 700,000"
"https://imali.biz/isaziso/warehouse/98/221059/imp29845166","https://www.img.imali.biz/Im_mini_1/000007/926_221059_bjtavxN2oCO.jpg","Warehouses for rent/Depo zikodeshwa I Masoro& Gaha","O","Sun, 17 Nov 2024 12:43:10","Warehouse","Gasabo","$ 7"
"https://imali.biz/isaziso/houses-for-rent/27/220922/imp27305414","https://www.img.imali.biz/Im_mini_1/000000/9905_220922_mVFyQwFtPBz.jpg","Kibagabaga house for rent 800$","O","Sat, 16 Nov 2024 18:40:58","Houses for rent","Gasabo","$ 800"
"https://imali.biz/isaziso/houses-for-rent/27/220824/imp37094981","https://www.img.imali.biz/Im_mini_1/000001/9923_220824_1ScPK4VWl8L.jpg","House for rent at RUSORORO","O","Fri, 15 Nov 2024 13:14:11","Houses for rent","Gasabo","RWF 500,000"
"https://imali.biz/isaziso/houses-for-rent/27/220784/imp21252012","https://www.img.imali.biz/Im_mini_1/000005/10058_220784_93KDzzvwV1M.jpg","Iyinzu irakodeshwa iherereye KIBAGABAGA 800k","O","Thu, 14 Nov 2024 18:06:34","Houses for rent","Gasabo","RWF 800,000"
"https://imali.biz/isaziso/houses-for-rent/27/220778/imp25030313","https://www.img.imali.biz/Im_mini_1/000008/10058_220778_epF1akPURBt.jpg","Iyinzu irakodeshwa iherereye KIBAGABAGA 800k","O","Thu, 14 Nov 2024 10:57:14","Houses for rent","Gasabo","RWF 800,000"
"https://imali.biz/isaziso/houses-for-rent/27/220777/imp43774974","https://www.img.imali.biz/Im_mini_1/000005/10058_220777_DqNK3zrIGIh.jpg","Iyinzu irakodeshwa iherereye KIBAGABAGA 800k","O","Thu, 14 Nov 2024 10:57:14","Houses for rent","Gasabo","RWF 800,000"
"https://imali.biz/isaziso/houses-for-rent/27/220774/imp21584169","https://www.img.imali.biz/Im_mini_1/000007/10297_220774_WFPjgIaksnY.jpg","Kimironko zindiro","O","Thu, 14 Nov 2024 10:57:14","Houses for rent","Gasabo","RWF 300,000"
"https://imali.biz/isaziso/houses-for-rent/27/220773/imp8375423","https://www.img.imali.biz/Im_mini_1/000004/10297_220773_5KfX2IobdPW.jpg","Kimironko zindiro","O","Thu, 14 Nov 2024 10:57:15","Houses for rent","Gasabo","RWF 250,000"
"https://imali.biz/isaziso/houses-for-rent/27/220759/imp44581634","https://www.img.imali.biz/Im_mini_1/000007/10297_220759_vdyvk1oBKpF.jpg","Gacuriro","O","Thu, 14 Nov 2024 10:57:18","Houses for rent","Gasabo","$ 1,300"
"https://imali.biz/isaziso/houses-for-rent/27/220722/imp21583621","https://www.img.imali.biz/Im_mini_1/000007/10058_220722_jcx1hE7RqOT.jpg","Inozu irakodeshwa iherereye KIBAGABAGA","O","Wed, 13 Nov 2024 19:54:26","Houses for rent","Gasabo","RWF 800,000"
"https://imali.biz/isaziso/houses-for-rent/27/220529/imp32463249","https://www.img.imali.biz/Im_mini_1/000004/7724_220529_H35scx7E7D9.jpg","Kimironko house for rent  700k","O","Sun, 10 Nov 2024 18:26:22","Houses for rent","Gasabo","RWF 700,000"
"https://imali.biz/isaziso/houses-for-rent/27/220518/imp18624594","https://www.img.imali.biz/Im_mini_1/000006/8575_220518_aLAyOXWP60w.jpg","House for Rent at kinyinya","O","Sun, 10 Nov 2024 10:08:32","Houses for rent","Gasabo","RWF 350,000"
"https://imali.biz/isaziso/houses-for-rent/27/220467/imp11960671","https://www.img.imali.biz/Im_mini_1/000006/8575_220467_bZYey8WeA1J.jpg","House for Rent at Kanombe","O","Mon, 11 Nov 2024 13:42:27","Houses for rent","Kicukiro","RWF 350,000"
"https://imali.biz/isaziso/houses-for-rent/27/220455/imp8892488","https://www.img.imali.biz/Im_mini_1/000007/8575_220455_QoliBkBbVKv.jpg","House for Rent at Nyarutarama","O","Sat, 09 Nov 2024 17:08:41","Houses for rent","Gasabo","RWF 5,000,000"
"https://imali.biz/isaziso/houses-for-rent/27/220439/imp5334344","https://www.img.imali.biz/Im_mini_1/000002/10297_220439_LELXDUw3R6T.jpg","Cumi nakabiri kote yakanombe","O","Fri, 08 Nov 2024 13:39:59","Houses for rent","Kicukiro","RWF 500,000"
"https://imali.biz/isaziso/houses-for-rent/27/220400/imp19600217","https://www.img.imali.biz/Im_mini_1/000006/10297_220400_TJ3564HdAHA.jpg","cumi nakabiri kote yakanombe","O","Fri, 08 Nov 2024 9:20:59","Houses for rent","Kicukiro","RWF 500,000"
"https://imali.biz/isaziso/houses-for-rent/27/220398/imp51533389","https://www.img.imali.biz/Im_mini_1/000008/10297_220398_UCxpZN1eTGj.jpg","Kimironko ahantu heza","O","Fri, 08 Nov 2024 9:21:15","Houses for rent","Gasabo","RWF 500,000"
"https://imali.biz/isaziso/apartment-for-rent/91/220219/imp52045007","https://www.img.imali.biz/Im_mini_1/000009/8927_220219_9q4jCnRh4WZ.jpg","house for rent located  in kibagabaga","O","Wed, 06 Nov 2024 20:21:05","Apartment for rent","Gasabo","$ 1,000"
"https://imali.biz/isaziso/apartment-for-rent/91/220218/imp1612648","https://www.img.imali.biz/Im_mini_1/000002/8927_220218_54PZoE9DjAl.jpg","fully furnished house for rent located  kibagabaga","O","Wed, 06 Nov 2024 20:29:09","Apartment for rent","Gasabo","$ 5,000"
"https://imali.biz/isaziso/houses-for-rent/27/220213/imp23511925","https://www.img.imali.biz/Im_mini_1/000003/10297_220213_MJCDP7XI1R7.jpg","Kimironko munsi yageraza","O","Wed, 06 Nov 2024 20:14:14","Houses for rent","Gasabo","RWF 500,000"
"https://imali.biz/isaziso/houses-for-rent/27/220209/imp48362419","https://www.img.imali.biz/Im_mini_1/000009/10376_220209_dWfFZR1As8O.jpg","A Modern 4-Bedroom Furnished House for Rent in Kim","O","Wed, 06 Nov 2024 13:36:16","Houses for rent","Gasabo","$ 1,200"
"https://imali.biz/isaziso/houses-for-rent/27/220125/imp40393482","https://www.img.imali.biz/Im_mini_1/000009/8575_220125_BU32PjNwksi.jpg","House for Rent at kimironko","O","Wed, 06 Nov 2024 10:29:52","Houses for rent","Gasabo","RWF 600,000"
"https://imali.biz/isaziso/houses-for-rent/27/220049/imp33179518","https://www.img.imali.biz/Im_mini_1/000004/10273_220049_7OHEo1psorm.jpg","Iyinzu irakodeshwa kibagabaga","O","Thu, 14 Nov 2024 18:03:50","Houses for rent","Gasabo","$ 1,700"
"https://imali.biz/isaziso/houses-for-rent/27/220048/imp12687772","https://www.img.imali.biz/Im_mini_1/000006/10273_220048_WQPquy5KW2z.jpg","Iyinzu irakodeshwa kibagabaga","O","Thu, 14 Nov 2024 18:03:47","Houses for rent","Gasabo","$ 1,000"
"https://imali.biz/isaziso/houses-for-rent/27/220047/imp3262262","https://www.img.imali.biz/Im_mini_1/000001/10273_220047_EV0VaPf7dmx.jpg","Iyinzu irakodeshwa kibagabaga","O","Tue, 05 Nov 2024 10:02:15","Houses for rent","Gasabo","RWF 5,000"
"https://imali.biz/isaziso/houses-for-rent/27/220046/imp32095399","https://www.img.imali.biz/Im_mini_1/000002/10273_220046_l03hWF9tIA1.jpg","Iyinzu irakodeshwa kibagabaga","O","Tue, 05 Nov 2024 10:02:15","Houses for rent","Gasabo","RWF 2,500"
"https://imali.biz/isaziso/houses-for-rent/27/220045/imp24370975","https://www.img.imali.biz/Im_mini_1/000007/10273_220045_0DF5FNoqEJw.jpg","Iyinzu irakodeshwa kimironko kibagabaga","O","Tue, 05 Nov 2024 10:02:15","Houses for rent","Gasabo","RWF 800"
"https://imali.biz/isaziso/houses-for-rent/27/220044/imp2544044","https://www.img.imali.biz/Im_mini_1/000005/10273_220044_eID6TiB9lJD.jpg","Iyinzu irakodeshwa kibagabaga","O","Tue, 05 Nov 2024 10:02:15","Houses for rent","Gasabo","RWF 800"
"https://imali.biz/isaziso/houses-for-rent/27/220043/imp1745804","https://www.img.imali.biz/Im_mini_1/000009/10273_220043_dk5lJWVrVVo.jpg","Iyinzu irakodeshwa kimironko","O","Thu, 14 Nov 2024 18:03:42","Houses for rent","Gasabo","RWF 400,000"
"https://imali.biz/isaziso/houses-for-rent/27/220042/imp32615066","https://www.img.imali.biz/Im_mini_1/000005/10273_220042_nuyW1ez1Dn1.jpg","Iyinzu irakodeshwa kibagabaga","O","Tue, 05 Nov 2024 10:02:15","Houses for rent","Gasabo","RWF 1,600"
"https://imali.biz/isaziso/houses-for-rent/27/220041/imp2208083","https://www.img.imali.biz/Im_mini_1/000002/10273_220041_IN8Vsa8uXCp.jpg","Iyinzu irakodeshwa kibagabaga","O","Thu, 14 Nov 2024 18:03:40","Houses for rent","Gasabo","$ 700"
"https://imali.biz/isaziso/houses-for-rent/27/220040/imp17675904","https://www.img.imali.biz/Im_mini_1/000008/10273_220040_3UUhAKLCns7.jpg","Iyinzu irakodeshwa kibagabaga","O","Thu, 14 Nov 2024 18:03:37","Houses for rent","Gasabo","$ 1,200"
"https://imali.biz/isaziso/houses-for-rent/27/220039/imp42863508","https://www.img.imali.biz/Im_mini_1/000003/10273_220039_7Z2tQU0PAP1.jpg","Iyinzu irakodeshwa kibagabaga","O","Thu, 14 Nov 2024 18:03:34","Houses for rent","Gasabo","$ 1,000"
"https://imali.biz/isaziso/houses-for-rent/27/220032/imp3427663","https://www.img.imali.biz/Im_mini_1/000005/8575_220032_t7aJ2LgSp4b.jpg","House for Rent at kimironko","O","Tue, 05 Nov 2024 10:02:40","Houses for rent","Gasabo","RWF 350,000"
"https://imali.biz/isaziso/houses-for-rent/27/219967/imp47746338","https://www.img.imali.biz/Im_mini_1/000007/8575_219967_UC8HCNwmc1Q.jpg","House for Rent at kimironko","O","Sun, 03 Nov 2024 10:39:25","Houses for rent","Gasabo","RWF 1,000,000"
"https://imali.biz/isaziso/houses-for-rent/27/219947/imp1401253","https://www.img.imali.biz/Im_mini_1/000001/10297_219947_2dyPruhuQDq.jpg","Kimironko kuri kaburimbo nkuru","O","Sat, 02 Nov 2024 21:24:34","Houses for rent","Gasabo","RWF 700,000"
"https://imali.biz/isaziso/houses-for-rent/27/219846/imp16178491","https://www.img.imali.biz/Im_mini_1/000006/10136_219846_Rt2lrCrfcRO.jpg","Inzu ikodeshwa kibagabaga kurikaburimbo","O","Sat, 02 Nov 2024 19:47:56","Houses for rent","Gasabo","RWF 700,000"
"https://imali.biz/isaziso/houses-for-rent/27/219841/imp17881639","https://www.img.imali.biz/Im_mini_1/000000/9762_219841_IN10O4ASGdY.jpg","Kibagabaga unfurnished house for rent 1200000frws","O","Sat, 02 Nov 2024 19:47:56","Houses for rent","Gasabo","RWF 1,200,000"
"https://imali.biz/isaziso/houses-for-rent/27/219796/imp55132668","https://www.img.imali.biz/Im_mini_1/000006/10136_219796_2AnwdLnijPI.jpg","Inzu ikodeshwa kimironko kibagabaga","O","Sat, 02 Nov 2024 17:46:44","Houses for rent","Gasabo","RWF 350,000"
"https://imali.biz/isaziso/houses-for-rent/27/219548/imp4848815","https://www.img.imali.biz/Im_mini_1/000006/10136_219548_XPlCv0gbeVq.jpg","House for rent at Kimironko","O","Thu, 31 Oct 2024 19:28:23","Houses for rent","Gasabo","RWF 1,000,000"
"https://imali.biz/isaziso/houses-for-rent/27/219543/imp9830779","https://www.img.imali.biz/Im_mini_1/000004/10136_219543_w8bpS3zSF9u.jpg","House for rent at Kibagabaga","O","Thu, 31 Oct 2024 19:28:14","Houses for rent","Gasabo","RWF 700,000"
"https://imali.biz/isaziso/houses-for-rent/27/219463/imp2127085","https://www.img.imali.biz/Im_mini_1/000005/10297_219463_72f0x6GnlFp.jpg","Kimironko ahantu heza","O","Wed, 30 Oct 2024 9:43:52","Houses for rent","Gasabo","$ 1,000"
"https://imali.biz/isaziso/houses-for-rent/27/219387/imp54017747","https://www.img.imali.biz/Im_mini_1/000000/9141_219387_rJVedtXilJe.jpg","Fully furnished freshly renovated house in Niboye","O","Tue, 29 Oct 2024 9:17:21","Houses for rent","Kicukiro","$ 2,500"
"https://imali.biz/isaziso/houses-for-rent/27/219264/imp18957044","https://www.img.imali.biz/Im_mini_1/000001/7724_219264_zjRdefLIt5b.jpg","Gacuriro vision city house for rent 2500$","O","Sun, 27 Oct 2024 13:08:50","Houses for rent","Gasabo","$ 2,500"
"https://imali.biz/isaziso/apartment-for-rent/91/219261/imp30516416","https://www.img.imali.biz/Im_mini_1/000007/8575_219261_FifLem6G3cX.jpg","Apartment for rent at Kicukiro","O","Sun, 27 Oct 2024 13:16:45","Apartment for rent","Kicukiro","RWF 1,200,000"
"https://imali.biz/isaziso/houses-for-rent/27/219260/imp17936252","https://www.img.imali.biz/Im_mini_1/000004/8575_219260_VdtiqGgR280.jpg","House for Rent at Remera","O","Sun, 27 Oct 2024 12:52:57","Houses for rent","Gasabo","RWF 700,000"
"https://imali.biz/isaziso/houses-for-rent/27/219256/imp27061037","https://www.img.imali.biz/Im_mini_1/000002/7724_219256_9G8QPhp19Q5.jpg","Kanombe house for rent 600k","O","Sun, 27 Oct 2024 12:52:43","Houses for rent","Kicukiro","RWF 600,000"
"https://imali.biz/isaziso/houses-for-rent/27/219254/imp46972988","https://www.img.imali.biz/Im_mini_1/000004/8575_219254_JQBs3pioJOF.jpg","House for Rent at Kanombe","O","Sun, 27 Oct 2024 12:52:41","Houses for rent","Kicukiro","RWF 350,000"
"https://imali.biz/isaziso/houses-for-rent/27/219253/imp13150153","https://www.img.imali.biz/Im_mini_1/000002/8575_219253_Ob2qaqQFwyB.jpg","House for Rent at Rusororo","O","Sun, 27 Oct 2024 12:52:32","Houses for rent","Gasabo","RWF 500,000"
"https://imali.biz/isaziso/houses-for-rent/27/219252/imp51226615","https://www.img.imali.biz/Im_mini_1/000005/7724_219252_4znPRMYJXoh.jpg","Kigali vision city house for rent 4000","O","Sun, 27 Oct 2024 12:52:41","Houses for rent","Gasabo","$ 40,000"
"https://imali.biz/isaziso/houses-for-rent/27/219251/imp36397308","https://www.img.imali.biz/Im_mini_1/000003/7724_219251_mO58DvU5qGV.jpg","Kibagabaga unfurnished house for rent 6000$","O","Sun, 27 Oct 2024 12:52:32","Houses for rent","Gasabo","$ 6,000"
"https://imali.biz/isaziso/houses-for-rent/27/219250/imp41351827","https://www.img.imali.biz/Im_mini_1/000001/7724_219250_PJiBx5bUrXH.jpg","Kibagabaga unfurnished house for rent 2 millions","O","Sun, 27 Oct 2024 12:52:37","Houses for rent","Gasabo","RWF 2,000,000"
"https://imali.biz/isaziso/houses-for-rent/27/219249/imp56347888","https://www.img.imali.biz/Im_mini_1/000001/7724_219249_MYigpZIt6IK.jpg","Kibagabaga unfurnished house for rent 2000$","O","Sun, 27 Oct 2024 12:52:30","Houses for rent","Gasabo","$ 2,000"
"https://imali.biz/isaziso/houses-for-rent/27/219248/imp51626114","https://www.img.imali.biz/Im_mini_1/000003/7724_219248_KBSnSKyBTaM.jpg","Kicukiro kagarama house for rent 600k","O","Sun, 27 Oct 2024 12:52:26","Houses for rent","Kicukiro","RWF 600,000"
"https://imali.biz/isaziso/houses-for-rent/27/219247/imp47031113","https://www.img.imali.biz/Im_mini_1/000001/8575_219247_dvHlFul3AiE.jpg","House for Rent at Kanombe","O","Sun, 27 Oct 2024 12:52:04","Houses for rent","Kicukiro","RWF 350,000"
"https://imali.biz/isaziso/houses-for-rent/27/219068/imp12155928","https://www.img.imali.biz/Im_mini_1/000006/8851_219068_7CMLBQEAfr4.jpg","Nice house for rent at kanombe","O","Fri, 25 Oct 2024 14:46:40","Houses for rent","Kicukiro","RWF 500,000"
"https://imali.biz/isaziso/houses-for-rent/27/219061/imp17641186","https://www.img.imali.biz/Im_mini_1/000004/10273_219061_h3hJg5hmsF8.jpg","Iyinzu irakodeshwa kimironko zindiro","O","Fri, 25 Oct 2024 14:29:56","Houses for rent","Gasabo","RWF 500"
"https://imali.biz/isaziso/houses-for-rent/27/219060/imp42543115","https://www.img.imali.biz/Im_mini_1/000007/10273_219060_5J8k3aaJhl0.jpg","Iyinzu irakodeshwa kibagabaga","O","Fri, 25 Oct 2024 14:37:49","Houses for rent","Gasabo","RWF 600"
"https://imali.biz/isaziso/houses-for-rent/27/219059/imp37467752","https://www.img.imali.biz/Im_mini_1/000008/10273_219059_c1uS1JUUm8p.jpg","Iyinzu irakodeshwa kibagabaga","O","Fri, 25 Oct 2024 12:51:24","Houses for rent","Gasabo","RWF 700"
"https://imali.biz/isaziso/houses-for-rent/27/219058/imp22752846","https://www.img.imali.biz/Im_mini_1/000001/10273_219058_BFdy38WKYyM.jpg","Iyinzu irakodeshwa kibagabaga","O","Fri, 25 Oct 2024 12:51:24","Houses for rent","Gasabo","RWF 600"
"https://imali.biz/isaziso/houses-for-rent/27/219056/imp15244099","https://www.img.imali.biz/Im_mini_1/000009/10273_219056_r8GhonmoQvI.jpg","Iyinzu irakodeshwa kibagabaga","O","Fri, 25 Oct 2024 14:28:18","Houses for rent","Gasabo","RWF 1,500"
"https://imali.biz/isaziso/houses-for-rent/27/219054/imp28683458","https://www.img.imali.biz/Im_mini_1/000000/10273_219054_fKtNoxFGSms.jpg","Iyinzu irakodeshwa kibagabaga","O","Fri, 25 Oct 2024 14:29:10","Houses for rent","Gasabo","RWF 1,000"
"https://imali.biz/isaziso/houses-for-rent/27/219053/imp51931954","https://www.img.imali.biz/Im_mini_1/000005/10273_219053_5RkssAifgIh.jpg","Iyinzu irakodeshwa kibagabaga","O","Fri, 25 Oct 2024 14:29:08","Houses for rent","Gasabo","RWF 600"
"https://imali.biz/isaziso/houses-for-rent/27/219050/imp38955985","https://www.img.imali.biz/Im_mini_1/000005/10273_219050_nPfXwJiFGrU.jpg","Iyinzu irakodeshwa kibagabaga","O","Fri, 25 Oct 2024 14:29:08","Houses for rent","Gasabo","RWF 1,200"
"https://imali.biz/isaziso/houses-for-rent/27/219048/imp12048496","https://www.img.imali.biz/Im_mini_1/000003/10273_219048_OmJ5wyhLEeA.jpg","Iyinzu irakodeshwa kibagabaga","O","Fri, 25 Oct 2024 14:28:43","Houses for rent","Gasabo","RWF 1,700"
"https://imali.biz/isaziso/houses-for-rent/27/219047/imp39841874","https://www.img.imali.biz/Im_mini_1/000005/10273_219047_x6wj5Gbska6.jpg","Iyinzu irakodeshwa kibagabaga","O","Fri, 25 Oct 2024 14:29:31","Houses for rent","Gasabo","RWF 1,700"
"https://imali.biz/isaziso/houses-for-rent/27/219046/imp5006246","https://www.img.imali.biz/Im_mini_1/000005/10273_219046_Y9HhKhrccW4.jpg","Iyinzu irakodeshwa kibagabaga","O","Fri, 25 Oct 2024 14:28:18","Houses for rent","Gasabo","RWF 900"
"https://imali.biz/isaziso/houses-for-rent/27/219006/imp50302057","https://www.img.imali.biz/Im_mini_1/000004/10376_219006_2Y629pf2rcl.jpg","Beautiful Fully Furnished House in Kanombe","O","Thu, 24 Oct 2024 17:44:21","Houses for rent","Kicukiro","$ 1,000"
"https://imali.biz/isaziso/houses-for-rent/27/219005/imp46578196","https://www.img.imali.biz/Im_mini_1/000009/10376_219005_WHTCe5fw3C9.jpg","Beautiful 4-Bedroom Fully Furnished House in Busan","O","Thu, 24 Oct 2024 17:43:55","Houses for rent","Kicukiro","$ 800"
"https://imali.biz/isaziso/houses-for-rent/27/218933/imp18648851","https://www.img.imali.biz/Im_mini_1/000004/10124_218933_FMsAa0H0yd4.jpg","Kibagabaga house for rent 400k","O","Wed, 23 Oct 2024 19:20:54","Houses for rent","Gasabo","RWF 400,000"
"https://imali.biz/isaziso/houses-for-rent/27/218801/imp59611418","https://www.img.imali.biz/Im_mini_1/000000/10297_218801_4tmCqp8aIHp.jpg","Kim gali parensi cumi nakabiri","O","Tue, 22 Oct 2024 15:38:37","Houses for rent","Gasabo","RWF 600,000"
"https://imali.biz/isaziso/houses-for-rent/27/218799/imp7679031","https://www.img.imali.biz/Im_mini_1/000005/10297_218799_SeZC918GHxT.jpg","Kimironko kwmushimire","O","Tue, 22 Oct 2024 15:38:34","Houses for rent","Gasabo","RWF 500,000"
"https://imali.biz/isaziso/houses-for-rent/27/218782/imp46905062","https://www.img.imali.biz/Im_mini_1/000008/10297_218782_6WvIR4ZFEYF.jpg","Kimironko","O","Tue, 22 Oct 2024 15:38:00","Houses for rent","Gasabo","RWF 600,000"
"https://imali.biz/isaziso/houses-for-rent/27/218759/imp59511683","https://www.img.imali.biz/Im_mini_1/000007/10297_218759_VvWMBKgpick.jpg","Ikinyinya","O","Tue, 22 Oct 2024 12:35:07","Houses for rent","Gasabo","RWF 250,000"
"https://imali.biz/isaziso/houses-for-rent/27/218758/imp57112776","https://www.img.imali.biz/Im_mini_1/000005/10297_218758_lTcBqjbAooF.jpg","Ikinyinya","O","Tue, 22 Oct 2024 12:35:07","Houses for rent","Gasabo","$ 1,000"
"https://imali.biz/isaziso/houses-for-rent/27/218757/imp41134005","https://www.img.imali.biz/Im_mini_1/000003/10297_218757_trydD3v46TZ.jpg","Kinyinya","O","Tue, 22 Oct 2024 12:35:07","Houses for rent","Gasabo","RWF 350,000"
"https://imali.biz/isaziso/houses-for-rent/27/218756/imp55471277","https://www.img.imali.biz/Im_mini_1/000008/10136_218756_dIiqlOXL4og.jpg","House for Rent at kimironko","O","Tue, 22 Oct 2024 12:35:04","Houses for rent","Gasabo","RWF 400,000"
"https://imali.biz/isaziso/houses-for-rent/27/218755/imp7545695","https://www.img.imali.biz/Im_mini_1/000006/10136_218755_8TcZU1ZNdWh.jpg","House for rent at kimironko","O","Tue, 22 Oct 2024 12:35:01","Houses for rent","Gasabo","RWF 1,000,000"
"https://imali.biz/isaziso/houses-for-rent/27/218712/imp1387194","https://www.img.imali.biz/Im_mini_1/000001/10297_218712_iY2V9kEyLIw.jpg","Ikinyinya kuri kaburimbo","O","Sun, 20 Oct 2024 22:21:14","Houses for rent","Gasabo","RWF 500,000"
"https://imali.biz/isaziso/houses-for-rent/27/218711/imp1726394","https://www.img.imali.biz/Im_mini_1/000004/10297_218711_2re23IjvHNn.jpg","Ikinyinya kuri kaburimbo","O","Sun, 20 Oct 2024 22:21:14","Houses for rent","Gasabo","RWF 500,000"
"https://imali.biz/isaziso/houses-for-rent/27/218680/imp4954417","https://www.img.imali.biz/Im_mini_1/000006/6300_218680_xwYHAAGBY3m.jpg","RUSORORO Near INTARE PLOT FOR RENT/0784338161","O","Sun, 20 Oct 2024 10:33:17","Houses for rent","Gasabo","$ 1,000"
"https://imali.biz/isaziso/houses-for-rent/27/218310/imp10838740","https://www.img.imali.biz/Im_mini_1/000009/8851_218310_BLivLhz9zsP.jpg","Nice house for rent at kanombe","O","Thu, 17 Oct 2024 15:44:34","Houses for rent","Kicukiro","RWF 500,000"
"https://imali.biz/isaziso/houses-for-rent/27/218302/imp18684880","https://www.img.imali.biz/Im_mini_1/000006/10297_218302_svlyLlL0WnJ.jpg","Kimironko munsi yagereza","O","Thu, 17 Oct 2024 14:43:04","Houses for rent","Gasabo","RWF 500,000"
"https://imali.biz/isaziso/houses-for-rent/27/218301/imp49511585","https://www.img.imali.biz/Im_mini_1/000009/10297_218301_GK8YVblf2H2.jpg","Kimironko kibagabaga","O","Thu, 17 Oct 2024 14:43:02","Houses for rent","Gasabo","RWF 400,000"
"https://imali.biz/isaziso/houses-for-rent/27/218300/imp56238066","https://www.img.imali.biz/Im_mini_1/000002/10297_218300_iPGBJvmg0oD.jpg","Kimironko kibagabaga","O","Thu, 17 Oct 2024 14:43:02","Houses for rent","Gasabo","$ 1,000"
"https://imali.biz/isaziso/houses-for-rent/27/218284/imp40464453","https://www.img.imali.biz/Im_mini_1/000003/10136_218284_G2pAKkm3gpw.jpg","Inzu ikodeshwa kibagabaga","O","Thu, 17 Oct 2024 15:46:06","Houses for rent","Gasabo","RWF 700,000"
"https://imali.biz/isaziso/houses-for-rent/27/218279/imp22980973","https://www.img.imali.biz/Im_mini_1/000002/10136_218279_CB5Ow0YPJjK.jpg","Inzu ikodeshwa kibagabaga","O","Thu, 17 Oct 2024 21:59:31","Houses for rent","Gasabo","RWF 350,000"
"https://imali.biz/isaziso/houses-for-rent/27/218263/imp49065279","https://www.img.imali.biz/Im_mini_1/000009/6718_218263_FtdEKueXTBi.jpg","KICUKIRO HOUSE FOR rent @600frws","O","Thu, 17 Oct 2024 22:00:06","Houses for rent","Kicukiro","RWF 600,000"
"https://imali.biz/isaziso/houses-for-rent/27/218235/imp23953428","https://www.img.imali.biz/Im_mini_1/000005/10376_218235_pRpKHBWYPnb.jpg","Discover The Epitome of Luxury Living in the Heart","O","Wed, 16 Oct 2024 12:52:05","Houses for rent","Nyarugenge","$ 3,000"
"https://imali.biz/isaziso/houses-for-rent/27/218160/imp8775858","https://www.img.imali.biz/Im_mini_1/000008/10136_218160_qlknxodfZU3.jpg","Inzu ikodeshwa kimironko","O","Wed, 16 Oct 2024 16:39:47","Houses for rent","Gasabo","RWF 1,000,000"
"https://imali.biz/isaziso/houses-for-rent/27/218158/imp9096776","https://www.img.imali.biz/Im_mini_1/000000/9762_218158_ZVv95odvtYd.jpg","Kicukiro kagarama house for rent 600k","O","Wed, 16 Oct 2024 16:39:56","Houses for rent","Kicukiro","RWF 600,000"
"https://imali.biz/isaziso/houses-for-rent/27/218157/imp32738043","https://www.img.imali.biz/Im_mini_1/000003/9762_218157_X3BiaOOA5LI.jpg","Kanombe near Kigali parents school, house for rent","O","Wed, 16 Oct 2024 16:31:52","Houses for rent","Kicukiro","RWF 600,000"
"https://imali.biz/isaziso/houses-for-rent/27/218156/imp44418616","https://www.img.imali.biz/Im_mini_1/000003/9762_218156_S7V8Cr1jCZ1.jpg","Kicukiro kagarama house for rent 800k","O","Wed, 16 Oct 2024 15:57:46","Houses for rent","Kicukiro","RWF 800,000"
"https://imali.biz/isaziso/houses-for-rent/27/218155/imp47429007","https://www.img.imali.biz/Im_mini_1/000008/9762_218155_QBsO4HP9zch.jpg","Kicukiro kagarama house for rent 700k","O","Wed, 16 Oct 2024 15:57:57","Houses for rent","Kicukiro","RWF 700,000"
"https://imali.biz/isaziso/houses-for-rent/27/218154/imp35694642","https://www.img.imali.biz/Im_mini_1/000008/9762_218154_NwtH5tudjzf.jpg","Kimironko unfurnished house for rent 700k","O","Wed, 16 Oct 2024 15:57:37","Houses for rent","Gasabo","RWF 700,000"
"https://imali.biz/isaziso/houses-for-rent/27/218153/imp12750146","https://www.img.imali.biz/Im_mini_1/000008/9762_218153_7Iq769QFw7d.jpg","Kicukiro kagarama house for rent 600k","O","Wed, 16 Oct 2024 15:57:37","Houses for rent","Kicukiro","RWF 600,000"
"https://imali.biz/isaziso/houses-for-rent/27/218152/imp56211637","https://www.img.imali.biz/Im_mini_1/000004/9762_218152_UlG5eUP9f4d.jpg","Kibagabaga unfurnished house for rent 2000$","O","Wed, 16 Oct 2024 15:57:33","Houses for rent","Gasabo","$ 2,000"
"https://imali.biz/isaziso/houses-for-rent/27/218151/imp21990217","https://www.img.imali.biz/Im_mini_1/000005/9762_218151_gqZ29G8lOXr.jpg","Kibagabaga available furnished house for rent","O","Wed, 16 Oct 2024 15:57:33","Houses for rent","Gasabo","$ 3,000"
"https://imali.biz/isaziso/houses-for-rent/27/218148/imp37008426","https://www.img.imali.biz/Im_mini_1/000000/9762_218148_IecIoSrcS0A.jpg","Kanombe beautiful house for rent 400k","O","Wed, 16 Oct 2024 17:08:59","Houses for rent","Kicukiro","RWF 400,000"
"https://imali.biz/isaziso/houses-for-rent/27/218127/imp41205651","https://www.img.imali.biz/Im_mini_1/000005/9762_218127_Sb7S4MLMub7.jpg","Kanombe beautiful house for rent 400k","O","Tue, 15 Oct 2024 14:31:26","Houses for rent","Kicukiro","RWF 400,000"
"https://imali.biz/isaziso/houses-for-rent/27/218126/imp57147097","https://www.img.imali.biz/Im_mini_1/000009/9762_218126_Fn66rM2dIER.jpg","Kanombe house for rent 400k","O","Tue, 15 Oct 2024 14:32:01","Houses for rent","Kicukiro","RWF 400,000"
"https://imali.biz/isaziso/houses-for-rent/27/218123/imp56583574","https://www.img.imali.biz/Im_mini_1/000006/8851_218123_b96j5o5TcGY.jpg","Nice house for rent at kicukiro kagarama","O","Tue, 15 Oct 2024 14:31:26","Houses for rent","Kicukiro","RWF 600,000"
"https://imali.biz/isaziso/houses-for-rent/27/218120/imp25159740","https://www.img.imali.biz/Im_mini_1/000006/8851_218120_f13Fz3FjTmy.jpg","Nice house for rent at kanombe","O","Tue, 15 Oct 2024 14:32:01","Houses for rent","Kicukiro","RWF 400,000"
"https://imali.biz/isaziso/houses-for-rent/27/218107/imp11055416","https://www.img.imali.biz/Im_mini_1/000004/10376_218107_s39KmS3PP7S.jpg","Gisozi Unfurnished House For Rent  on Tarmac Road","O","Tue, 15 Oct 2024 14:32:48","Houses for rent","Gasabo","RWF 400,000"
"https://imali.biz/isaziso/houses-for-rent/27/218073/imp40169446","https://www.img.imali.biz/Im_mini_1/000002/10124_218073_VzFAcO4GU69.jpg","Kanombe nyarugunga house for rent 500k","O","Tue, 15 Oct 2024 11:09:28","Houses for rent","Kicukiro","RWF 500,000"
"https://imali.biz/isaziso/houses-for-rent/27/218070/imp59163510","https://www.img.imali.biz/Im_mini_1/000008/10136_218070_kBLOLUKD1TH.jpg","Inzu ikodeshwa kimironko","O","Tue, 15 Oct 2024 11:09:28","Houses for rent","Gasabo","RWF 1,000,000"
"https://imali.biz/isaziso/houses-for-rent/27/218047/imp13212450","https://www.img.imali.biz/Im_mini_1/000001/8575_218047_vyaqrqyVodd.jpg","House for Rent at kimihurura","O","Mon, 14 Oct 2024 19:03:20","Houses for rent","Gasabo","RWF 1,500,000"
"https://imali.biz/isaziso/houses-for-rent/27/218041/imp52531627","https://www.img.imali.biz/Im_mini_1/000005/8575_218041_v16uy7nwkgR.jpg","House for Rent at kwaryambabaje","O","Mon, 14 Oct 2024 14:25:18","Houses for rent","Gasabo","RWF 200,000"
"https://imali.biz/isaziso/houses-for-rent/27/218037/imp10088295","https://www.img.imali.biz/Im_mini_1/000000/10124_218037_F6mX0xMt3lj.jpg","Kimironko house for rent 800k","O","Mon, 14 Oct 2024 14:25:56","Houses for rent","Gasabo","RWF 800,000"
"https://imali.biz/isaziso/houses-for-rent/27/218021/imp17834694","https://www.img.imali.biz/Im_mini_1/000007/8575_218021_67kDi9rOUIO.jpg","House for Rent at Rusororo","O","Mon, 14 Oct 2024 14:26:15","Houses for rent","Gasabo","RWF 700,000"
"https://imali.biz/isaziso/houses-for-rent/27/218020/imp2478616","https://www.img.imali.biz/Im_mini_1/000000/8575_218020_QuiJg96IMlz.jpg","House for Rent at Rusororo","O","Mon, 14 Oct 2024 14:26:18","Houses for rent","Gasabo","RWF 700,000"
"https://imali.biz/isaziso/houses-for-rent/27/218019/imp38821693","https://www.img.imali.biz/Im_mini_1/000008/8575_218019_kXPR8pMeJOH.jpg","House for Rent at Rusororo","O","Mon, 14 Oct 2024 14:26:18","Houses for rent","Gasabo","RWF 700,000"
"https://imali.biz/isaziso/houses-for-rent/27/217978/imp7587645","https://www.img.imali.biz/Im_mini_1/000003/8575_217978_SE9KocT7gcx.jpg","House for Rent at kibagabaga","O","Mon, 14 Oct 2024 16:18:21","Houses for rent","Gasabo","RWF 700,000"
"https://imali.biz/isaziso/houses-for-rent/27/217966/imp0650365","https://www.img.imali.biz/Im_mini_1/000001/8575_217966_tHDaJdU6bW8.jpg","House for Rent at kicukiro","O","Mon, 14 Oct 2024 17:35:07","Houses for rent","Kicukiro","RWF 600,000"
"https://imali.biz/isaziso/houses-for-rent/27/217965/imp18962794","https://www.img.imali.biz/Im_mini_1/000009/9923_217965_A1Yo6MgsCEb.jpg","House for rent in kicukiro KAGARAMA/500k","O","Mon, 14 Oct 2024 17:38:41","Houses for rent","Kicukiro","RWF 500,000"
"https://imali.biz/isaziso/houses-for-rent/27/217916/imp51654656","https://www.img.imali.biz/Im_mini_1/000003/10124_217916_1HaNVTdLvvm.jpg","Kimironko house for rent 700k","O","Sun, 13 Oct 2024 17:43:36","Houses for rent","Gasabo","RWF 700,000"
"https://imali.biz/isaziso/houses-for-rent/27/217902/imp46879997","https://www.img.imali.biz/Im_mini_1/000004/10124_217902_bC9a1jl3j67.jpg","Remera kumushumba mwiza inzu ikodeshwa 600k","O","Sun, 13 Oct 2024 17:51:33","Houses for rent","Kicukiro","RWF 600,000"
"https://imali.biz/isaziso/houses-for-rent/27/217873/imp28689156","https://www.img.imali.biz/Im_mini_1/000007/10297_217873_l1wrviUWoRz.jpg","Kuri azamu","O","Sat, 12 Oct 2024 18:27:21","Houses for rent","Gasabo","RWF 600,000"
"https://imali.biz/isaziso/houses-for-rent/27/217870/imp31918674","https://www.img.imali.biz/Im_mini_1/000007/10297_217870_3cTmNJNYvG3.jpg","Kimironko","O","Sat, 12 Oct 2024 18:43:31","Houses for rent","Gasabo","RWF 800,000"
"https://imali.biz/isaziso/houses-for-rent/27/217844/imp13286207","https://www.img.imali.biz/Im_mini_1/000002/10370_217844_xcN9ps60Rra.jpg","Inzu igurishwa kibagabaga","O","Sat, 12 Oct 2024 19:54:28","Houses for rent","Kicukiro","RWF 110,000,000"
"https://imali.biz/isaziso/houses-for-rent/27/217843/imp30251589","https://www.img.imali.biz/Im_mini_1/000000/8927_217843_QZqKGh8lf5c.jpg","fully furnished house for rent located Niboyi","O","Sat, 12 Oct 2024 19:54:28","Houses for rent","Kicukiro","RWF 800,000"
"https://imali.biz/isaziso/houses-for-rent/27/217842/imp13528781","https://www.img.imali.biz/Im_mini_1/000006/8927_217842_CHycM2Lsuy4.jpg","Full furnished Apartment for rent at Kimironko","O","Sat, 12 Oct 2024 19:54:29","Houses for rent","Gasabo","RWF 800"
"https://imali.biz/isaziso/houses-for-rent/27/217841/imp6726780","https://www.img.imali.biz/Im_mini_1/000002/8927_217841_1JptpBuJ3Dx.jpg","House for rent in kigali kabeza","O","Sat, 12 Oct 2024 19:54:30","Houses for rent","Kicukiro","RWF 500,000"
"https://imali.biz/isaziso/houses-for-rent/27/217839/imp59535792","https://www.img.imali.biz/Im_mini_1/000005/8927_217839_oOb0x8vtzYA.jpg","House for rent in kigali kabeza","O","Sat, 12 Oct 2024 19:54:34","Houses for rent","Kicukiro","RWF 700,000"
"https://imali.biz/isaziso/houses-for-rent/27/217838/imp59446203","https://www.img.imali.biz/Im_mini_1/000005/7724_217838_hjXsmgu639w.jpg","Kicukiro kagarama house for rent 700k","O","Sat, 12 Oct 2024 19:54:34","Houses for rent","Kicukiro","RWF 700,000"
"https://imali.biz/isaziso/houses-for-rent/27/217837/imp8588390","https://www.img.imali.biz/Im_mini_1/000000/8927_217837_2xXdIBKT33a.jpg","House for rent in kigali kabeza","O","Sat, 12 Oct 2024 19:54:34","Houses for rent","Kicukiro","RWF 500,000"
"https://imali.biz/isaziso/houses-for-rent/27/217836/imp28089843","https://www.img.imali.biz/Im_mini_1/000009/8927_217836_92XjKTEcLNs.jpg","House for rent in kigali kanombe","O","Sat, 12 Oct 2024 19:54:35","Houses for rent","Kicukiro","RWF 700,000"
"https://imali.biz/isaziso/houses-for-rent/27/217835/imp58434088","https://www.img.imali.biz/Im_mini_1/000009/7724_217835_yPlF6wdQHj5.jpg","Kimironko house for rent  800k  negotiable","O","Sat, 12 Oct 2024 19:54:34","Houses for rent","Gasabo","RWF 800,000"
"https://imali.biz/isaziso/houses-for-rent/27/217830/imp18140666","https://www.img.imali.biz/Im_mini_1/000008/7724_217830_ZneX20fqgGK.jpg","Kicukiro kagarama house for rent 700k","O","Sat, 12 Oct 2024 19:54:36","Houses for rent","Kicukiro","RWF 700,000"
"https://imali.biz/isaziso/houses-for-rent/27/217828/imp54940842","https://www.img.imali.biz/Im_mini_1/000006/7724_217828_fkTGJE5KKCR.jpg","Kanombe nyarugunga house for rent 400k","O","Sat, 12 Oct 2024 19:54:37","Houses for rent","Kicukiro","RWF 400,000"
"https://imali.biz/isaziso/houses-for-rent/27/217823/imp32902115","https://www.img.imali.biz/Im_mini_1/000000/7724_217823_7koKY4AH68t.jpg","Kicukiro house for rent 700k","O","Sat, 12 Oct 2024 19:54:37","Houses for rent","Kicukiro","RWF 700,000"
"https://imali.biz/isaziso/houses-for-rent/27/217821/imp27594013","https://www.img.imali.biz/Im_mini_1/000006/7724_217821_ikbFm1JjEt1.jpg","Kicukiro kagarama house for rent 800k","O","Sat, 12 Oct 2024 19:54:37","Houses for rent","Kicukiro","RWF 800,000"
"https://imali.biz/isaziso/houses-for-rent/27/217738/imp7027002","https://www.img.imali.biz/Im_mini_1/000006/8575_217738_lcBtz39pcMb.jpg","House for Rent at Rusororo","O","Fri, 11 Oct 2024 10:00:34","Houses for rent","Gasabo","RWF 700,000"
"https://imali.biz/isaziso/houses-for-rent/27/217732/imp20086417","https://www.img.imali.biz/Im_mini_1/000002/8575_217732_tCrprizjJdX.jpg","House for Rent at kicukiro","O","Fri, 11 Oct 2024 11:17:27","Houses for rent","Kicukiro","RWF 600,000"
"https://imali.biz/isaziso/houses-for-rent/27/217566/imp16233374","https://www.img.imali.biz/Im_mini_1/000009/10124_217566_bzxnZbNHdwq.jpg","Rusororo full furnished apartment for rent 1000$","O","Thu, 10 Oct 2024 16:15:34","Houses for rent","Gasabo","$ 1,000"
"https://imali.biz/isaziso/houses-for-rent/27/217563/imp28629588","https://www.img.imali.biz/Im_mini_1/000009/10124_217563_FqqgaI8xO6c.jpg","Kimironko house for rent 800k","O","Thu, 10 Oct 2024 16:16:01","Houses for rent","Gasabo","RWF 800,000"
"https://imali.biz/isaziso/houses-for-rent/27/217488/imp39527241","https://www.img.imali.biz/Im_mini_1/000000/9675_217488_THn14O00QPH.jpg","Kicukiro kagarama house for rent 700k","O","Wed, 09 Oct 2024 22:04:13","Houses for rent","Kicukiro","RWF 700,000"
"https://imali.biz/isaziso/houses-for-rent/27/217482/imp40392849","https://www.img.imali.biz/Im_mini_1/000001/9675_217482_EPp0O8A5Vmx.jpg","Kimironko house for rent  800k","O","Wed, 09 Oct 2024 22:16:22","Houses for rent","Gasabo","RWF 800,000"
"https://imali.biz/isaziso/houses-for-rent/27/217481/imp23499435","https://www.img.imali.biz/Im_mini_1/000008/9675_217481_EsSxcCI5kpb.jpg","Kimironko house for rent  800k","O","Wed, 09 Oct 2024 22:16:22","Houses for rent","Gasabo","RWF 800,000"
"https://imali.biz/isaziso/houses-for-rent/27/217441/imp5012491","https://www.img.imali.biz/Im_mini_1/000005/9675_217441_AHVJcpLthJz.jpg","Kabeza itunda house for rent 600k","O","Wed, 09 Oct 2024 22:19:57","Houses for rent","Kicukiro","RWF 600,000"
"https://imali.biz/isaziso/houses-for-rent/27/217439/imp45675846","https://www.img.imali.biz/Im_mini_1/000009/9675_217439_DkKuq69o9FK.jpg","Kicukiro niboye house for rent 600k","O","Wed, 09 Oct 2024 22:19:42","Houses for rent","Kicukiro","RWF 600,000"
"https://imali.biz/isaziso/houses-for-rent/27/217411/imp22439892","https://www.img.imali.biz/Im_mini_1/000006/10376_217411_R1sLxXuQCGv.jpg","Unfurnished House for rent in Kanombe","O","Wed, 09 Oct 2024 14:23:19","Houses for rent","Kicukiro","RWF 400,000"
"https://imali.biz/isaziso/apartment-for-rent/91/217409/imp50245498","https://www.img.imali.biz/Im_mini_1/000004/10376_217409_PQ1yNYVZa9G.jpg","Furnished apartment for rent in Kibagabaga","O","Wed, 09 Oct 2024 14:23:09","Apartment for rent","Gasabo","$ 900"
"https://imali.biz/isaziso/apartment-for-rent/91/217407/imp8791847","https://www.img.imali.biz/Im_mini_1/000000/10376_217407_U9TfD8u1Vei.jpg","Unfurnished Apartment For Rent in Kimironko","O","Wed, 09 Oct 2024 14:23:09","Apartment for rent","Gasabo","RWF 400,000"
"https://imali.biz/isaziso/apartment-for-rent/91/217400/imp58882229","https://www.img.imali.biz/Im_mini_1/000002/9675_217400_txKYJAJebBg.jpg","Kicukiro kagarama unfurnished apartments for rent","O","Wed, 09 Oct 2024 14:23:09","Apartment for rent","Kicukiro","RWF 600,000"
"https://imali.biz/isaziso/houses-for-rent/27/217398/imp21121705","https://www.img.imali.biz/Im_mini_1/000002/9675_217398_3mGXC2K2ong.jpg","Kanombe house for rent 500k","O","Wed, 09 Oct 2024 14:22:43","Houses for rent","Kicukiro","RWF 500,000"
"https://imali.biz/isaziso/houses-for-rent/27/217395/imp21723079","https://www.img.imali.biz/Im_mini_1/000003/9675_217395_XjNrAzjakih.jpg","Kicukiro niboye house for rent 800k","O","Wed, 09 Oct 2024 14:22:40","Houses for rent","Kicukiro","RWF 800,000"
"https://imali.biz/isaziso/houses-for-rent/27/217392/imp29978630","https://www.img.imali.biz/Im_mini_1/000001/9675_217392_vdVtRUqxWNi.jpg","Kibagabaga house for rent 1500$ , nearest pilipili","O","Wed, 09 Oct 2024 14:11:57","Houses for rent","Gasabo","$ 1,500"
"https://imali.biz/isaziso/houses-for-rent/27/217387/imp36419659","https://www.img.imali.biz/Im_mini_1/000007/10124_217387_klVo6H3vnc1.jpg","Kanombe nyarugunga house for rent 500k","O","Wed, 09 Oct 2024 14:11:59","Houses for rent","Kicukiro","RWF 500,000"
"https://imali.biz/isaziso/houses-for-rent/27/217378/imp50187588","https://www.img.imali.biz/Im_mini_1/000000/10124_217378_3cmLZ8exUOW.jpg","Kimironko Kibagabaga house for rent 800k","O","Wed, 09 Oct 2024 14:13:00","Houses for rent","Gasabo","RWF 800,000"
"https://imali.biz/isaziso/houses-for-rent/27/217327/imp22295658","https://www.img.imali.biz/Im_mini_1/000006/10124_217327_LLlWsXb8Edm.jpg","Kimironko house for rent 700k","O","Tue, 08 Oct 2024 12:22:31","Houses for rent","Gasabo","RWF 7,000,000"
"https://imali.biz/isaziso/houses-for-rent/27/217324/imp13545413","https://www.img.imali.biz/Im_mini_1/000002/10124_217324_89CnCg3n0at.jpg","Kimironko house for rent 800k","O","Tue, 08 Oct 2024 12:22:39","Houses for rent","Gasabo","RWF 800,000"
"https://imali.biz/isaziso/houses-for-rent/27/217300/imp31030655","https://www.img.imali.biz/Im_mini_1/000006/10297_217300_kwDxCDpi9hL.jpg","Kimironko ahantu heza","O","Tue, 08 Oct 2024 12:24:11","Houses for rent","Gasabo","RWF 350,000"
"https://imali.biz/isaziso/houses-for-rent/27/217242/imp49193799","https://www.img.imali.biz/Im_mini_1/000003/10297_217242_8k6crBheKGc.jpg","Kimironko kibagabaga","O","Tue, 08 Oct 2024 13:05:47","Houses for rent","Gasabo","RWF 350,000"
"https://imali.biz/isaziso/houses-for-rent/27/217236/imp19360731","https://www.img.imali.biz/Im_mini_1/000009/8851_217236_wJB3afRXpoM.jpg","Nice house for rent at kanombe","O","Tue, 08 Oct 2024 12:49:06","Houses for rent","Kicukiro","RWF 500,000"
"https://imali.biz/isaziso/houses-for-rent/27/217129/imp15559705","https://www.img.imali.biz/Im_mini_1/000003/10297_217129_4wY73GMoiWB.jpg","Kimironko","O","Sun, 06 Oct 2024 11:49:22","Houses for rent","Gasabo","RWF 500,000"
"https://imali.biz/isaziso/houses-for-rent/27/217007/imp18674796","https://www.img.imali.biz/Im_mini_1/000008/9923_217007_Ih3sOHvuxGj.jpg","House for rent in kicukiro KAGARAMA","O","Sat, 05 Oct 2024 19:26:12","Houses for rent","Kicukiro","RWF 500,000"
"https://imali.biz/isaziso/plot-for-rent/57/216951/imp34970458","https://www.img.imali.biz/Im_mini_1/000002/10370_216951_YbFeSplg9zw.jpg","Ikibanza kigurishwa kicukiro kagarama muyange","O","Sat, 05 Oct 2024 20:30:27","Plot for rent","Kicukiro","RWF 60,000,000"
"https://imali.biz/isaziso/houses-for-rent/27/216920/imp31042689","https://www.img.imali.biz/Im_mini_1/000003/10093_216920_ls83M4dTKDr.jpg","Kicukiro Kagarama beautiful house for rent 700k","O","Fri, 04 Oct 2024 14:48:19","Houses for rent","Kicukiro","RWF 700,000"
"https://imali.biz/isaziso/houses-for-rent/27/216917/imp21791149","https://www.img.imali.biz/Im_mini_1/000006/10093_216917_em8GuZG6miJ.jpg","Kicukiro Kagarama beautiful house for rent 600k","O","Fri, 04 Oct 2024 11:20:09","Houses for rent","Kicukiro","RWF 600,000"
"https://imali.biz/isaziso/houses-for-rent/27/216915/imp38239351","https://www.img.imali.biz/Im_mini_1/000005/10093_216915_rWzlPy1gKdv.jpg","Kanombe house for rent 600k","O","Fri, 04 Oct 2024 11:20:08","Houses for rent","Kicukiro","RWF 600,000"
"https://imali.biz/isaziso/houses-for-rent/27/216912/imp55973813","https://www.img.imali.biz/Im_mini_1/000006/10093_216912_JN1iTNIv7vH.jpg","Kabeza house for rent 600k","O","Fri, 04 Oct 2024 11:03:27","Houses for rent","Kicukiro","RWF 600,000"
"https://imali.biz/isaziso/houses-for-rent/27/216909/imp6107662","https://www.img.imali.biz/Im_mini_1/000007/10093_216909_yNC7Oo61SUP.jpg","Kimironko Zindiro house for rent 600k","O","Fri, 04 Oct 2024 11:03:18","Houses for rent","Gasabo","RWF 600,000"
"https://imali.biz/isaziso/houses-for-rent/27/216906/imp33538464","https://www.img.imali.biz/Im_mini_1/000009/10093_216906_r5fknEDFlfT.jpg","Kicukiro Kagarama beautiful house for rent 700k","O","Fri, 04 Oct 2024 11:03:16","Houses for rent","Kicukiro","RWF 700,000"
"https://imali.biz/isaziso/houses-for-rent/27/216905/imp30677813","https://www.img.imali.biz/Im_mini_1/000004/10093_216905_Fp6YdAS5mhY.jpg","Kanombe house for rent 500k","O","Fri, 04 Oct 2024 11:03:16","Houses for rent","Kicukiro","RWF 500,000"
"https://imali.biz/isaziso/houses-for-rent/27/216902/imp40859496","https://www.img.imali.biz/Im_mini_1/000005/10093_216902_ok8XDzXKx4M.jpg","Kabeza house for rent 500k","O","Fri, 04 Oct 2024 11:03:09","Houses for rent","Kicukiro","RWF 500,000"
"https://imali.biz/isaziso/houses-for-rent/27/216900/imp10546585","https://www.img.imali.biz/Im_mini_1/000002/10093_216900_LRc7dr7cXhr.jpg","Kicukiro niboye house for rent 800k","O","Fri, 04 Oct 2024 11:02:48","Houses for rent","Kicukiro","RWF 800,000"
"https://imali.biz/isaziso/houses-for-rent/27/216808/imp18861239","https://www.img.imali.biz/Im_mini_1/000008/9562_216808_CwxfH0YOCET.jpg","Inzunziza igurishwa kanombe nyarugunga ahantu","O","Thu, 03 Oct 2024 22:08:50","Houses for rent","Kicukiro","RWF 75,000,000"
"https://imali.biz/isaziso/houses-for-rent/27/216800/imp23322650","https://www.img.imali.biz/Im_mini_1/000002/6718_216800_q72sydBi8yr.jpg","KIBAGABAGA HOUSE FOR RENT @400K","O","Thu, 03 Oct 2024 19:39:03","Houses for rent","Gasabo","RWF 400,000"
"https://imali.biz/isaziso/office/95/216784/imp44785134","https://www.img.imali.biz/Im_mini_1/000002/926_216784_Dj507gtsAzP.jpg","Un nice house for rent in kiyovu / 2000$ per mont","O","Thu, 03 Oct 2024 16:21:16","Office","Nyarugenge","$ 2,500"
"https://imali.biz/isaziso/office/95/216783/imp56000202","https://www.img.imali.biz/Im_mini_1/000000/926_216783_WPvmb6NbHmt.jpg","Un nice house for rent in kiyovu / 2000$ per mont","O","Thu, 03 Oct 2024 15:26:39","Office","Nyarugenge","$ 2,500"
"https://imali.biz/isaziso/houses-for-rent/27/216586/imp20851723","https://www.img.imali.biz/Im_mini_1/000002/7724_216586_8vGw1T7HcD8.jpg","Nyarutarama unfurnished house for rent 3000$","O","Tue, 01 Oct 2024 10:11:40","Houses for rent","Gasabo","$ 3,000"
"https://imali.biz/isaziso/houses-for-rent/27/216585/imp35721149","https://www.img.imali.biz/Im_mini_1/000005/7724_216585_hTXvc6VtiWh.jpg","Kibagabaga nice new modern house for rent 1500$","O","Tue, 01 Oct 2024 10:12:07","Houses for rent","Gasabo","$ 1,500"
"https://imali.biz/isaziso/houses-for-rent/27/216584/imp36506611","https://www.img.imali.biz/Im_mini_1/000002/7724_216584_MeS0qDTxVpH.jpg","Kibagabaga available house for rent 1300$","O","Tue, 01 Oct 2024 10:12:08","Houses for rent","Gasabo","$ 1,300"
"https://imali.biz/isaziso/houses-for-rent/27/216583/imp2866471","https://www.img.imali.biz/Im_mini_1/000006/7724_216583_Okp3clZ3o0j.jpg","Kacyiru unfurnished house for rent 2 millions","O","Tue, 01 Oct 2024 10:11:28","Houses for rent","Gasabo","RWF 2,000,000"
"https://imali.biz/isaziso/houses-for-rent/27/216582/imp3339081","https://www.img.imali.biz/Im_mini_1/000000/7724_216582_i0ofY9zS5JP.jpg","Kicukiro kagarama house for rent 800k","O","Tue, 01 Oct 2024 10:11:28","Houses for rent","Kicukiro","RWF 800,000"
"https://imali.biz/isaziso/houses-for-rent/27/216581/imp59853184","https://www.img.imali.biz/Im_mini_1/000008/7724_216581_Iwp2ep4XXPo.jpg","Kibagabaga available house for rent 1300$","O","Tue, 01 Oct 2024 10:11:40","Houses for rent","Gasabo","$ 1,300"
"https://imali.biz/isaziso/houses-for-rent/27/216580/imp42423722","https://www.img.imali.biz/Im_mini_1/000000/7724_216580_eo8JeLUWnmN.jpg","Kicukiro kagarama house for rent 600k","O","Tue, 01 Oct 2024 10:11:28","Houses for rent","Kicukiro","RWF 600,000"
"https://imali.biz/isaziso/houses-for-rent/27/216579/imp1619355","https://www.img.imali.biz/Im_mini_1/000001/7724_216579_lKCXlRO9GRw.jpg","Kicukiro kagarama house for rent 700k","O","Tue, 01 Oct 2024 10:03:15","Houses for rent","Kicukiro","RWF 700,000"
"https://imali.biz/isaziso/houses-for-rent/27/216474/imp44258809","https://www.img.imali.biz/Im_mini_1/000009/7724_216474_Z7HGFmSOQZM.jpg","Kicukiro kagarama house for rent 700k","O","Mon, 30 Sep 2024 13:54:07","Houses for rent","Kicukiro","RWF 700,000"
"https://imali.biz/isaziso/houses-for-rent/27/216473/imp29283623","https://www.img.imali.biz/Im_mini_1/000002/7724_216473_Pyc4909k3rS.jpg","Gisozi house for rent 500k negotiable","O","Mon, 30 Sep 2024 13:45:48","Houses for rent","Gasabo","RWF 500,000"
"https://imali.biz/isaziso/houses-for-rent/27/216472/imp36652424","https://www.img.imali.biz/Im_mini_1/000006/7724_216472_Vq7XUJE6oSY.jpg","Kicukiro kagarama house for rent 500k","O","Mon, 30 Sep 2024 13:53:50","Houses for rent","Kicukiro","RWF 500,000"
"https://imali.biz/isaziso/houses-for-rent/27/216471/imp37239280","https://www.img.imali.biz/Im_mini_1/000008/7724_216471_RrSd3W7SR2G.jpg","Kanombe airport house for rent 600k","O","Mon, 30 Sep 2024 14:01:55","Houses for rent","Kicukiro","RWF 600,000"
"https://imali.biz/isaziso/houses-for-rent/27/216470/imp45191363","https://www.img.imali.biz/Im_mini_1/000004/7724_216470_cSowXZGbymn.jpg","Kicukiro kagarama house for rent 600k","O","Mon, 30 Sep 2024 13:53:58","Houses for rent","Kicukiro","RWF 600,000"
"https://imali.biz/isaziso/houses-for-rent/27/216469/imp38612592","https://www.img.imali.biz/Im_mini_1/000000/7724_216469_s24g9wVmBIO.jpg","Kanombe airport house for rent 600k","O","Mon, 30 Sep 2024 13:54:07","Houses for rent","Kicukiro","RWF 600,000"
"https://imali.biz/isaziso/houses-for-rent/27/216468/imp16830829","https://www.img.imali.biz/Im_mini_1/000009/7724_216468_OaFzikvL21I.jpg","Kanombe airport house for rent 600k","O","Mon, 30 Sep 2024 13:53:46","Houses for rent","Kicukiro","RWF 600,000"
"https://imali.biz/isaziso/apartment-for-rent/91/216323/imp19704981","https://www.img.imali.biz/Im_mini_1/000003/6718_216323_sFckwOLk8bV.jpg","REMERA-GISHUSHU APARTMENT FOR SALE @1200$","O","Fri, 27 Sep 2024 15:01:21","Apartment for rent","Gasabo","$ 1,200"
"https://imali.biz/isaziso/apartment-for-rent/91/216322/imp50933943","https://www.img.imali.biz/Im_mini_1/000006/6718_216322_beaz7ILT1Ab.jpg","REMERA-GISHUSHU APARTMENT FOR SALE @1200$","O","Fri, 27 Sep 2024 15:01:47","Apartment for rent","Gasabo","$ 1,200"
"https://imali.biz/isaziso/apartment-for-rent/91/216319/imp14534862","https://www.img.imali.biz/Im_mini_1/000003/6718_216319_LDvCRWKAnSa.jpg","NYARUTARAMA APARTMENT FOR RENT @2000$","O","Fri, 27 Sep 2024 15:01:28","Apartment for rent","Gasabo","$ 2,000"
"https://imali.biz/isaziso/houses-for-rent/27/216318/imp57096559","https://www.img.imali.biz/Im_mini_1/000002/6718_216318_Ssj5XqzP3ok.jpg","KIBAGABAGA HOUSE FOR RENT @400K","O","Fri, 27 Sep 2024 15:02:00","Houses for rent","Gasabo","RWF 400,000"
"https://imali.biz/isaziso/houses-for-rent/27/216310/imp52710047","https://www.img.imali.biz/Im_mini_1/000001/8575_216310_gwWi7H5GPTl.jpg","House for Rent at kunyange","O","Fri, 27 Sep 2024 9:26:49","Houses for rent","Kicukiro","RWF 300,000"
"https://imali.biz/isaziso/houses-for-rent/27/216251/imp55961314","https://www.img.imali.biz/Im_mini_1/000002/10124_216251_tAcAYxFN7KV.jpg","Kanombe nyarugunga house for rent 500k","O","Fri, 27 Sep 2024 9:39:59","Houses for rent","Kicukiro","RWF 500,000"
"https://imali.biz/isaziso/houses-for-rent/27/216232/imp35123550","https://www.img.imali.biz/Im_mini_1/000000/10124_216232_OgQgV7jJRY8.jpg","Kimironko house for rent 800k","O","Fri, 27 Sep 2024 10:57:35","Houses for rent","Gasabo","RWF 800,000"
"https://imali.biz/isaziso/houses-for-rent/27/216220/imp49591531","https://www.img.imali.biz/Im_mini_1/000000/10124_216220_81OVm72Um2y.jpg","Kimironko house for rent 500k","O","Fri, 27 Sep 2024 9:49:40","Houses for rent","Gasabo","RWF 500,000"
"https://imali.biz/isaziso/apartment-for-rent/91/216217/imp24632875","https://www.img.imali.biz/Im_mini_1/000002/8927_216217_9HdCNw7koYr.jpg","fully furnished house for rent located Remera","O","Thu, 26 Sep 2024 21:58:36","Apartment for rent","Gasabo","$ 650"
"https://imali.biz/isaziso/apartment-for-rent/91/216214/imp33727860","https://www.img.imali.biz/Im_mini_1/000001/8927_216214_4g0hcVvUy1W.jpg","fully furnished house for rent located  kibagabaga","O","Thu, 26 Sep 2024 22:14:29","Apartment for rent","Gasabo","$ 1,600"
"https://imali.biz/isaziso/houses-for-rent/27/216212/imp1304028","https://www.img.imali.biz/Im_mini_1/000000/8927_216212_wAZAVA9swex.jpg","full furnished House for rent in kigali kimironko","O","Thu, 26 Sep 2024 22:14:29","Houses for rent","Gasabo","$ 1,000"
"https://imali.biz/isaziso/houses-for-rent/27/216211/imp58208017","https://www.img.imali.biz/Im_mini_1/000002/8927_216211_6K5IjFojFH2.jpg","fully furnished house for rent located kimironko","O","Thu, 26 Sep 2024 22:06:48","Houses for rent","Gasabo","$ 1,000"
"https://imali.biz/isaziso/apartment-for-rent/91/216210/imp49505178","https://www.img.imali.biz/Im_mini_1/000003/8927_216210_MCbWgHYNVwS.jpg","fully furnished house for rent in kigali kanombe","O","Thu, 26 Sep 2024 22:22:32","Apartment for rent","Kicukiro","$ 1,500"
"https://imali.biz/isaziso/apartment-for-rent/91/216207/imp4686168","https://www.img.imali.biz/Im_mini_1/000002/8927_216207_JN0DtASaC98.jpg","Apartment for rent at kanombe near keem","O","Thu, 26 Sep 2024 22:06:42","Apartment for rent","Kicukiro","$ 800"
"https://imali.biz/isaziso/houses-for-rent/27/216200/imp48411825","https://www.img.imali.biz/Im_mini_1/000004/10124_216200_8HtdgCHTihF.jpg","Kibagabaga full furnished house for rent 800$","O","Thu, 26 Sep 2024 22:23:24","Houses for rent","Gasabo","$ 800"
"https://imali.biz/isaziso/houses-for-rent/27/216103/imp1126195","https://www.img.imali.biz/Im_mini_1/000002/10297_216103_tSDyItsAUip.jpg","Kimironko","O","Wed, 25 Sep 2024 20:58:10","Houses for rent","Gasabo","RWF 400,000"
"https://imali.biz/isaziso/houses-for-rent/27/216098/imp38533409","https://www.img.imali.biz/Im_mini_1/000005/10058_216098_wV2dqRthNPH.jpg","Inozu irakodeshwa iherereye rusororo","O","Wed, 25 Sep 2024 20:58:25","Houses for rent","Gasabo","RWF 1,000"
"https://imali.biz/isaziso/houses-for-rent/27/216077/imp55005283","https://www.img.imali.biz/Im_mini_1/000000/10124_216077_pJ4mc7kWZyr.jpg","Kimironko house for rent 800k","O","Wed, 25 Sep 2024 11:51:11","Houses for rent","Gasabo","RWF 800,000"
"https://imali.biz/isaziso/houses-for-rent/27/216048/imp12015210","https://www.img.imali.biz/Im_mini_1/000006/10124_216048_cNAKLYG9JxL.jpg","Kimironko house for rent 800k","O","Wed, 25 Sep 2024 17:40:39","Houses for rent","Gasabo","RWF 800,000"
"https://imali.biz/isaziso/houses-for-rent/27/216019/imp29192684","https://www.img.imali.biz/Im_mini_1/000001/10122_216019_9820qkoAPdY.jpg","Iyinzu irakodeshwa iri kimironko","O","Wed, 25 Sep 2024 14:25:04","Houses for rent","Gasabo","RWF 800,000,000"
"https://imali.biz/isaziso/houses-for-rent/27/215876/imp9500705","https://www.img.imali.biz/Im_mini_1/000007/10303_215876_OeYObWVVti6.jpg","Kanombe house for rent 500k","O","Sun, 22 Sep 2024 20:30:27","Houses for rent","Kicukiro","RWF 500,000"
"https://imali.biz/isaziso/houses-for-rent/27/215875/imp36906459","https://www.img.imali.biz/Im_mini_1/000001/10303_215875_mdT5U3jMWsM.jpg","Kanombe house for rent 600k","O","Sun, 22 Sep 2024 20:38:00","Houses for rent","Kicukiro","RWF 600,000"
"https://imali.biz/isaziso/houses-for-rent/27/215841/imp54113647","https://www.img.imali.biz/Im_mini_1/000009/8927_215841_7FTMtfPOiOh.jpg","House for rent in kigali kimironko","O","Sun, 22 Sep 2024 20:39:10","Houses for rent","Gasabo","RWF 800,000"
"https://imali.biz/isaziso/houses-for-rent/27/215772/imp14357354","https://www.img.imali.biz/Im_mini_1/000007/10297_215772_fkeb5TU9uia.jpg","Kibagabaga","O","Sun, 22 Sep 2024 20:56:35","Houses for rent","Gasabo","RWF 800,000"
"https://imali.biz/isaziso/houses-for-rent/27/215676/imp42450838","https://www.img.imali.biz/Im_mini_1/000001/10124_215676_vFqalPk0qHM.jpg","Kanombe house for rent 500k","O","Sun, 22 Sep 2024 21:12:17","Houses for rent","Kicukiro","RWF 500,000"
"https://imali.biz/isaziso/apartment-for-rent/91/215628/imp42401126","https://www.img.imali.biz/Im_mini_1/000008/10124_215628_4GNEqVrtHc8.jpg","Rusororo full furnished apartment for rent 1000$","O","Thu, 19 Sep 2024 23:48:31","Apartment for rent","Gasabo","$ 1,000"
"https://imali.biz/isaziso/houses-for-rent/27/215627/imp29821155","https://www.img.imali.biz/Im_mini_1/000007/10124_215627_42KpK80moSp.jpg","Kimironko house for rent 800k","O","Thu, 19 Sep 2024 23:48:32","Houses for rent","Gasabo","RWF 800,000"
"https://imali.biz/isaziso/houses-for-rent/27/215538/imp44233339","https://www.img.imali.biz/Im_mini_1/000000/10297_215538_mS97V0zOs9m.jpg","Kibagabaga munsi yibitaro","O","Wed, 18 Sep 2024 17:46:10","Houses for rent","Gasabo","$ 1,200"
"https://imali.biz/isaziso/houses-for-rent/27/215537/imp22488741","https://www.img.imali.biz/Im_mini_1/000008/10297_215537_hxe2CCZwWWP.jpg","Kibagabaga kimironko","O","Wed, 18 Sep 2024 17:46:10","Houses for rent","Gasabo","RWF 800,000"
"https://imali.biz/isaziso/houses-for-rent/27/215534/imp56029509","https://www.img.imali.biz/Im_mini_1/000004/7724_215534_dcEZGzDe5Im.jpg","Kanombe house for rent 400k","O","Wed, 18 Sep 2024 21:53:15","Houses for rent","Kicukiro","RWF 400,000"
"https://imali.biz/isaziso/houses-for-rent/27/215520/imp12335247","https://www.img.imali.biz/Im_mini_1/000007/10124_215520_H6HhfHsL50E.jpg","Iñzu ikodeshwa kanombe nyarugunga 600k","O","Wed, 18 Sep 2024 22:37:00","Houses for rent","Kicukiro","RWF 600,000"
"https://imali.biz/isaziso/houses-for-rent/27/215519/imp34352630","https://www.img.imali.biz/Im_mini_1/000003/10093_215519_XGYUPoSOoCh.jpg","Kanombe house for rent 600k","O","Wed, 18 Sep 2024 22:37:00","Houses for rent","Kicukiro","RWF 600,000"
"https://imali.biz/isaziso/houses-for-rent/27/215518/imp24738480","https://www.img.imali.biz/Im_mini_1/000001/10093_215518_w67Xmg92IAY.jpg","Kanombe house for rent 500k","O","Wed, 18 Sep 2024 22:01:27","Houses for rent","Kicukiro","RWF 500,000"
"https://imali.biz/isaziso/houses-for-rent/27/215500/imp0746442","https://www.img.imali.biz/Im_mini_1/000009/10124_215500_ScVLKhdlZKa.jpg","Full furnished hoouse for rent from Rusororo 1000$","O","Wed, 18 Sep 2024 9:32:38","Houses for rent","Gasabo","$ 1,000"
"https://imali.biz/isaziso/houses-for-rent/27/215491/imp18395892","https://www.img.imali.biz/Im_mini_1/000004/10093_215491_spBEqyXX656.jpg","Kicukiro Kagarama beautiful house for rent 600k","O","Wed, 18 Sep 2024 9:33:35","Houses for rent","Kicukiro","RWF 600,000"
"https://imali.biz/isaziso/houses-for-rent/27/215490/imp16312671","https://www.img.imali.biz/Im_mini_1/000000/9762_215490_QF4fzJ0khj8.jpg","Kanombe house for rent 600k","O","Wed, 18 Sep 2024 9:33:38","Houses for rent","Kicukiro","RWF 600,000"
"https://imali.biz/isaziso/houses-for-rent/27/215489/imp9284226","https://www.img.imali.biz/Im_mini_1/000004/9762_215489_VByePbtgA0A.jpg","Kanombe house for rent 600k","O","Wed, 18 Sep 2024 9:33:42","Houses for rent","Kicukiro","RWF 600,000"
"https://imali.biz/isaziso/houses-for-rent/27/215488/imp25180193","https://www.img.imali.biz/Im_mini_1/000009/9762_215488_zCgltCTlYKO.jpg","Kanombe house for rent 400k","O","Wed, 18 Sep 2024 9:33:45","Houses for rent","Kicukiro","RWF 400,000"
"https://imali.biz/isaziso/houses-for-rent/27/215481/imp37179340","https://www.img.imali.biz/Im_mini_1/000006/9762_215481_Hxq7vPVjbBm.jpg","Kicukiro kagarama house for rent 700k","O","Tue, 17 Sep 2024 18:42:56","Houses for rent","Kicukiro","RWF 700,000"
"https://imali.biz/isaziso/houses-for-rent/27/215480/imp40625745","https://www.img.imali.biz/Im_mini_1/000000/9762_215480_nmg0NZPH7mJ.jpg","Kanombe house for rent 800k","O","Tue, 17 Sep 2024 18:59:20","Houses for rent","Kicukiro","RWF 800,000"
"https://imali.biz/isaziso/warehouse/98/215418/imp40485244","https://www.img.imali.biz/Im_mini_1/000007/926_215418_w1iJITt894L.jpg","Warehouses for rent/Depo zikodeshwa I Masoro Giko","O","Tue, 17 Sep 2024 9:39:28","Warehouse","Kicukiro","$ 7"
"https://imali.biz/isaziso/houses-for-rent/27/215393/imp27385883","https://www.img.imali.biz/Im_mini_1/000001/10136_215393_ZGpkOo2pisw.jpg","House for rent at kinyinya mubirembo","O","Tue, 17 Sep 2024 9:45:02","Houses for rent","Gasabo","RWF 250,000"
"https://imali.biz/isaziso/houses-for-rent/27/215352/imp30465081","https://www.img.imali.biz/Im_mini_1/000009/10136_215352_49R49owDEFZ.jpg","Inzu ikodeshwa mubirembo byakinyinya","O","Mon, 16 Sep 2024 14:57:53","Houses for rent","Gasabo","RWF 250,000"
"https://imali.biz/isaziso/shop/96/215243/imp31815786","https://www.img.imali.biz/Im_mini_1/000007/926_215243_cq8im2Wju3C.jpg","Furnished Hause for rent in kiyovu","O","Sat, 14 Sep 2024 20:11:14","Shop","Nyarugenge","$ 2,500"
"https://imali.biz/isaziso/houses-for-rent/27/215241/imp41417406","https://www.img.imali.biz/Im_mini_1/000004/8851_215241_swdSMuhDKY7.jpg","Nice house for rent at kanombe","O","Fri, 13 Sep 2024 16:36:07","Houses for rent","Kicukiro","RWF 600,000"
"https://imali.biz/isaziso/houses-for-rent/27/215067/imp47274014","https://www.img.imali.biz/Im_mini_1/000005/10297_215067_O2yowyzN2dm.jpg","Kibagabaga munsi ya piripiri","O","Wed, 11 Sep 2024 15:20:06","Houses for rent","Gasabo","$ 1,200"
"https://imali.biz/isaziso/houses-for-rent/27/215064/imp36161989","https://www.img.imali.biz/Im_mini_1/000005/10297_215064_VOShIjVG9q0.jpg","Kibagabaga kayima","O","Wed, 11 Sep 2024 15:20:06","Houses for rent","Gasabo","$ 2,000"
"https://imali.biz/isaziso/houses-for-rent/27/215063/imp22946746","https://www.img.imali.biz/Im_mini_1/000007/10297_215063_wHoByU5EI82.jpg","Kibagabaga kayima","O","Wed, 11 Sep 2024 15:13:24","Houses for rent","Gasabo","RWF 700,000"
"https://imali.biz/isaziso/houses-for-rent/27/215028/imp51647733","https://www.img.imali.biz/Im_mini_1/000002/9675_215028_59ob8SJIJSW.jpg","Kicukiro kagarama house for rent 700k","O","Wed, 11 Sep 2024 10:19:28","Houses for rent","Kicukiro","RWF 700,000"
"https://imali.biz/isaziso/houses-for-rent/27/215027/imp27009930","https://www.img.imali.biz/Im_mini_1/000001/9675_215027_ZXdLb8UmIVd.jpg","Kicukiro kagarama house for rent 700k","O","Wed, 11 Sep 2024 10:35:15","Houses for rent","Kicukiro","RWF 700,000"
"https://imali.biz/isaziso/houses-for-rent/27/215026/imp5608500","https://www.img.imali.biz/Im_mini_1/000002/9675_215026_5YyeUHt5mkX.jpg","Gisozi house for rent 2500$ negotiable for long","O","Wed, 11 Sep 2024 10:35:58","Houses for rent","Gasabo","$ 2,500"
"https://imali.biz/isaziso/houses-for-rent/27/215025/imp50709077","https://www.img.imali.biz/Im_mini_1/000006/9675_215025_imXR5ZvomDw.jpg","Kibagabaga house for rent 2500$ negotiable","O","Wed, 11 Sep 2024 10:19:34","Houses for rent","Gasabo","$ 2,500"
"https://imali.biz/isaziso/houses-for-rent/27/215023/imp58229764","https://www.img.imali.biz/Im_mini_1/000008/9675_215023_8h7nG5ZraCe.jpg","Kibagabaga house for rent 1200$","O","Wed, 11 Sep 2024 10:35:34","Houses for rent","Gasabo","$ 1,200"
"https://imali.biz/isaziso/houses-for-rent/27/215022/imp44429366","https://www.img.imali.biz/Im_mini_1/000001/9675_215022_ICTTyg1ve5v.jpg","Kicukiro kanombe beautiful house for rent 600k","O","Wed, 11 Sep 2024 10:35:55","Houses for rent","Kicukiro","RWF 600,000"
"https://imali.biz/isaziso/houses-for-rent/27/215021/imp23152429","https://www.img.imali.biz/Im_mini_1/000001/9675_215021_4EgnKJZJtk8.jpg","Kibagabaga house for rent 1200$","O","Wed, 11 Sep 2024 10:35:15","Houses for rent","Gasabo","$ 1,200"
"https://imali.biz/isaziso/houses-for-rent/27/214998/imp44687888","https://www.img.imali.biz/Im_mini_1/000000/10093_214998_lFDAmaao9f1.jpg","Kibagabaga house for rent 1300$ negotiable","O","Tue, 10 Sep 2024 21:13:17","Houses for rent","Gasabo","$ 1,300"
"https://imali.biz/isaziso/houses-for-rent/27/214997/imp19803037","https://www.img.imali.biz/Im_mini_1/000009/10093_214997_I8Jz8sEK4Ii.jpg","Kimironko unfurnished house for rent 800$","O","Tue, 10 Sep 2024 19:01:25","Houses for rent","Gasabo","$ 800"
"https://imali.biz/isaziso/houses-for-rent/27/214995/imp7913965","https://www.img.imali.biz/Im_mini_1/000008/10093_214995_NbVi8QBrbUJ.jpg","Kibagabaga house for rent 1400$ negotiable","O","Tue, 10 Sep 2024 19:07:28","Houses for rent","Gasabo","$ 1,400"
"https://imali.biz/isaziso/houses-for-rent/27/214994/imp12707090","https://www.img.imali.biz/Im_mini_1/000002/10093_214994_q5h2Bp7Hzsk.jpg","Kanombe house for rent 700k negotiable","O","Tue, 10 Sep 2024 19:32:41","Houses for rent","Kicukiro","RWF 700,000"
"https://imali.biz/isaziso/houses-for-rent/27/214993/imp56207409","https://www.img.imali.biz/Im_mini_1/000004/10093_214993_H2O31GYRIVx.jpg","Kicukiro Kagarama beautiful house for rent 700k","O","Tue, 10 Sep 2024 19:07:28","Houses for rent","Kicukiro","RWF 700,000"
"https://imali.biz/isaziso/houses-for-rent/27/214990/imp54688291","https://www.img.imali.biz/Im_mini_1/000009/10093_214990_ma3EWTR0ZxJ.jpg","Kicukiro Kagarama house for rent 700k","O","Tue, 10 Sep 2024 21:05:46","Houses for rent","Kicukiro","RWF 700,000"
"https://imali.biz/isaziso/houses-for-rent/27/214989/imp48848364","https://www.img.imali.biz/Im_mini_1/000009/10093_214989_l6G3MLRJdg3.jpg","Kicukiro Kagarama beautiful house for rent 700k","O","Tue, 10 Sep 2024 19:07:30","Houses for rent","Kicukiro","RWF 700,000"
"https://imali.biz/isaziso/houses-for-rent/27/214988/imp29505696","https://www.img.imali.biz/Im_mini_1/000008/10093_214988_CGt91ahA0Jc.jpg","Kanombe house for rent 600k","O","Tue, 10 Sep 2024 19:16:07","Houses for rent","Kicukiro","RWF 600,000"
"https://imali.biz/isaziso/other-property/29/214970/imp14936595","https://www.img.imali.biz/Im_mini_1/000004/926_214970_ErKMJl2Ps8W.jpg","A BIG GENERAL INDUSTRIAL PLOT FOR RENT IN MASORO F","O","Thu, 12 Sep 2024 21:52:43","Other property","Gasabo","$ 1"
"https://imali.biz/isaziso/warehouse/98/214964/imp14639381","https://www.img.imali.biz/Im_mini_1/000001/926_214964_QVhqKdGMb00.jpg","Warehouses for rent/Depo zikodeshwa I Masoro& Gaha","O","Tue, 10 Sep 2024 9:16:10","Warehouse","Gasabo","$ 7"
"https://imali.biz/isaziso/houses-for-rent/27/214917/imp37880157","https://www.img.imali.biz/Im_mini_1/000001/9479_214917_jIPZzWqknPX.jpg","Kanombe house for rent 700k","O","Sat, 07 Sep 2024 14:40:52","Houses for rent","Kicukiro","RWF 700,000"
"https://imali.biz/isaziso/warehouse/98/214900/imp52389108","https://www.img.imali.biz/Im_mini_1/000007/926_214900_mefTjUb2MDO.jpg","Warehouses for rent/Depo zikodeshwa I Gikondo& Ma","O","Sat, 07 Sep 2024 14:21:42","Warehouse","Gasabo","$ 6"
"https://imali.biz/isaziso/warehouse/98/214899/imp40711979","https://www.img.imali.biz/Im_mini_1/000009/926_214899_txKy4F7aKo6.jpg","Warehouses for rent/Depo zikodeshwa I Gikondo& Ma","O","Sat, 07 Sep 2024 13:28:54","Warehouse","Gasabo","$ 6"
"https://imali.biz/isaziso/office/95/214840/imp41818855","https://www.img.imali.biz/Im_mini_1/000009/926_214840_HUbSKWB6wKd.jpg","FURNISHED HOUSE FOR RENT IN KIYOVU","O","Fri, 06 Sep 2024 13:22:46","Office","Nyarugenge","RWF 20,000"
"https://imali.biz/isaziso/office/95/214839/imp39195195","https://www.img.imali.biz/Im_mini_1/000004/926_214839_BLq4wcki8oS.jpg","FURNISHED HOUSE FOR RENT IN KIYOVU","O","Fri, 06 Sep 2024 13:22:55","Office","Nyarugenge","RWF 20,000"
"https://imali.biz/isaziso/office/95/214838/imp17489215","https://www.img.imali.biz/Im_mini_1/000003/926_214838_E3sS7DG9rCu.jpg","FURNISHED HOUSE FOR RENT IN KIYOVU","O","Fri, 06 Sep 2024 13:17:47","Office","Nyarugenge","$ 2,000"
"https://imali.biz/isaziso/office/95/214837/imp6867925","https://www.img.imali.biz/Im_mini_1/000005/926_214837_R7E49rGwPuK.jpg","FURNISHED HOUSE FOR RENT IN KIYOVU","O","Fri, 06 Sep 2024 11:49:13","Office","Nyarugenge","RWF 20,000"
"https://imali.biz/isaziso/houses-for-rent/27/214797/imp47267619","https://www.img.imali.biz/Im_mini_1/000004/10149_214797_o11iKNhJNya.jpg","Full furnished Apartment for rent at Kabeza","O","Thu, 05 Sep 2024 15:37:06","Houses for rent","Kicukiro","$ 700"
"https://imali.biz/isaziso/houses-for-rent/27/214796/imp24282684","https://www.img.imali.biz/Im_mini_1/000005/10149_214796_EoEpZ00QE9c.jpg","House for rent in kigali kabeza","O","Thu, 05 Sep 2024 15:37:07","Houses for rent","Kicukiro","RWF 1,000,000"
"https://imali.biz/isaziso/houses-for-rent/27/214781/imp58782888","https://www.img.imali.biz/Im_mini_1/000007/7724_214781_8cM7MyPSWBl.jpg","Kicukiro kagarama house for rent 700k","O","Thu, 05 Sep 2024 10:46:11","Houses for rent","Kicukiro","RWF 700,000"
"https://imali.biz/isaziso/houses-for-rent/27/214780/imp31698913","https://www.img.imali.biz/Im_mini_1/000007/7724_214780_VhvI8fPwgoe.jpg","Kanombe house for rent 500k","O","Thu, 05 Sep 2024 10:27:51","Houses for rent","Kicukiro","RWF 500,000"
"https://imali.biz/isaziso/houses-for-rent/27/214779/imp31154015","https://www.img.imali.biz/Im_mini_1/000003/7724_214779_QeDQFbVjUuh.jpg","Kanombe house for rent 500k","O","Thu, 05 Sep 2024 10:27:27","Houses for rent","Kicukiro","RWF 500,000"
"https://imali.biz/isaziso/houses-for-rent/27/214778/imp16150839","https://www.img.imali.biz/Im_mini_1/000007/7724_214778_YA6IEqEo3gk.jpg","Kicukiro kagarama house for rent 700k","O","Thu, 05 Sep 2024 10:27:27","Houses for rent","Kicukiro","RWF 700,000"
"https://imali.biz/isaziso/houses-for-rent/27/214775/imp23985678","https://www.img.imali.biz/Im_mini_1/000006/7724_214775_23bigFkmJCY.jpg","Kanombe house for rent 500k","O","Thu, 05 Sep 2024 10:27:42","Houses for rent","Kicukiro","RWF 500,000"
"https://imali.biz/isaziso/houses-for-rent/27/214773/imp43248702","https://www.img.imali.biz/Im_mini_1/000006/7724_214773_CduZylWunxj.jpg","Kanombe house for rent 500k","O","Thu, 05 Sep 2024 10:27:57","Houses for rent","Kicukiro","RWF 500,000"
"https://imali.biz/isaziso/houses-for-rent/27/214739/imp3052416","https://www.img.imali.biz/Im_mini_1/000006/10297_214739_YIT8DZDXd4m.jpg","Kabeza","O","Wed, 04 Sep 2024 13:04:37","Houses for rent","Kicukiro","RWF 400,000"
"https://imali.biz/isaziso/houses-for-rent/27/214728/imp20239915","https://www.img.imali.biz/Im_mini_1/000009/10149_214728_uV3A1iXH2vZ.jpg","fully furnished house for rent located kagarama","O","Tue, 03 Sep 2024 16:33:49","Houses for rent","Kicukiro","$ 1,300"
"https://imali.biz/isaziso/houses-for-rent/27/214727/imp34455097","https://www.img.imali.biz/Im_mini_1/000004/10149_214727_tDnvGDmm2Sv.jpg","fully furnished house for rent in kimironko","O","Tue, 03 Sep 2024 16:22:44","Houses for rent","Gasabo","$ 800"
"https://imali.biz/isaziso/houses-for-rent/27/214724/imp46335832","https://www.img.imali.biz/Im_mini_1/000008/10149_214724_gZt0BZU77fv.jpg","Inzu ikodeshwa kigali kabeza","O","Tue, 03 Sep 2024 16:18:31","Houses for rent","Kicukiro","RWF 500,000"
"https://imali.biz/isaziso/houses-for-rent/27/214723/imp6967260","https://www.img.imali.biz/Im_mini_1/000007/10149_214723_KbRTcDXo1iV.jpg","fully furnished house for rent located  kibagabaga","O","Tue, 03 Sep 2024 16:18:35","Houses for rent","Gasabo","$ 2,000"
"https://imali.biz/isaziso/houses-for-rent/27/214722/imp13393945","https://www.img.imali.biz/Im_mini_1/000007/10149_214722_Yu3cCCu6UzT.jpg","House for rent in kigali kabeza","O","Tue, 03 Sep 2024 16:18:38","Houses for rent","Kicukiro","RWF 650,000"
"https://imali.biz/isaziso/houses-for-rent/27/214718/imp31775591","https://www.img.imali.biz/Im_mini_1/000002/10297_214718_U3a5KqY8ln1.jpg","Kicukiro kagarama","O","Tue, 03 Sep 2024 14:22:52","Houses for rent","Kicukiro","$ 1,000"
"https://imali.biz/isaziso/houses-for-rent/27/214717/imp0875867","https://www.img.imali.biz/Im_mini_1/000003/10297_214717_MMhRKsiwfpX.jpg","Kibagabaga kimironko","O","Tue, 03 Sep 2024 14:22:52","Houses for rent","Gasabo","RWF 700,000"
"https://imali.biz/isaziso/plot-for-rent/57/214679/imp8214948","https://www.img.imali.biz/Im_mini_1/000009/6718_214679_gb4Cy82S41E.jpg","ndera plot for sale","O","Sun, 01 Sep 2024 22:44:11","Plot for rent","Gasabo","RWF 8,000,000"
"https://imali.biz/isaziso/houses-for-rent/27/214655/imp8306365","https://www.img.imali.biz/Im_mini_1/000006/8575_214655_qWjUts8teGx.jpg","House for Rent at Nyarutarama","O","Sat, 31 Aug 2024 17:58:48","Houses for rent","Gasabo","RWF 700,000"
"https://imali.biz/isaziso/houses-for-rent/27/214654/imp29274975","https://www.img.imali.biz/Im_mini_1/000005/8575_214654_qHBMHxGf8Sr.jpg","House for Rent at Kabeza","O","Sat, 31 Aug 2024 18:05:30","Houses for rent","Kicukiro","RWF 300,000"
"https://imali.biz/isaziso/houses-for-rent/27/214616/imp33203986","https://www.img.imali.biz/Im_mini_1/000002/8575_214616_LxtiTU3lpE0.jpg","House for Rent at Gasogi","O","Sat, 31 Aug 2024 18:14:27","Houses for rent","Kicukiro","RWF 400,000"
"https://imali.biz/isaziso/houses-for-rent/27/214576/imp51452053","https://www.img.imali.biz/Im_mini_1/000000/7724_214576_pxeQ6vBhQfN.jpg","Kimironko house for rent 1000$","O","Fri, 30 Aug 2024 15:07:53","Houses for rent","Gasabo","$ 1,000"
"https://imali.biz/isaziso/houses-for-rent/27/214574/imp29815396","https://www.img.imali.biz/Im_mini_1/000004/7724_214574_RZhFgKZmV43.jpg","Kicukiro rebero house for rent 1 Million per month","O","Fri, 30 Aug 2024 14:43:46","Houses for rent","Kicukiro","RWF 1,000,000"
"https://imali.biz/isaziso/houses-for-rent/27/214572/imp0104245","https://www.img.imali.biz/Im_mini_1/000006/7724_214572_eyY13w5rnma.jpg","Kabeza house for rent 600k","O","Fri, 30 Aug 2024 14:35:17","Houses for rent","Kicukiro","RWF 600,000"
"https://imali.biz/isaziso/houses-for-rent/27/214571/imp3133094","https://www.img.imali.biz/Im_mini_1/000002/7724_214571_fIFxZtOeh6y.jpg","Nice house for rent location at kibagabaga","O","Fri, 30 Aug 2024 14:10:54","Houses for rent","Gasabo","$ 1,000"
"https://imali.biz/isaziso/houses-for-rent/27/214534/imp35685747","https://www.img.imali.biz/Im_mini_1/000000/8575_214534_zhZe9ge7fMz.jpg","House for Rent at kimihurura","O","Thu, 29 Aug 2024 14:50:08","Houses for rent","Gasabo","RWF 700,000"
"https://imali.biz/isaziso/houses-for-rent/27/214532/imp14400496","https://www.img.imali.biz/Im_mini_1/000000/8575_214532_UMKkEjLKczt.jpg","House for Rent at Remera","O","Thu, 29 Aug 2024 14:50:09","Houses for rent","Gasabo","RWF 700,000"
"https://imali.biz/isaziso/houses-for-rent/27/214509/imp43651884","https://www.img.imali.biz/Im_mini_1/000006/10136_214509_5q7rthBoEON.jpg","Inzu ikodeshwa kagarama muyange","O","Wed, 28 Aug 2024 13:41:40","Houses for rent","Kicukiro","RWF 4,500,000"
"https://imali.biz/isaziso/houses-for-rent/27/214482/imp43257787","https://www.img.imali.biz/Im_mini_1/000005/9675_214482_QmKKVTjLQiV.jpg","Kacyiru furnished house for rent 2500$","O","Wed, 28 Aug 2024 13:40:30","Houses for rent","Gasabo","$ 2,500"
"https://imali.biz/isaziso/houses-for-rent/27/214479/imp55678989","https://www.img.imali.biz/Im_mini_1/000009/9675_214479_0XYUVXKuAzo.jpg","Kigali Rwanda, Kagugu house for rent 800$","O","Wed, 28 Aug 2024 13:40:37","Houses for rent","Gasabo","$ 800"
"https://imali.biz/isaziso/houses-for-rent/27/214422/imp47004803","https://www.img.imali.biz/Im_mini_1/000006/8575_214422_Kj6smt4rPDR.jpg","House for Rent at kimironko","O","Tue, 27 Aug 2024 20:10:41","Houses for rent","Gasabo","RWF 1,000,000"
"https://imali.biz/isaziso/houses-for-rent/27/214421/imp11076703","https://www.img.imali.biz/Im_mini_1/000000/8575_214421_o3y9pfDtDkZ.jpg","House for Rent at Kacyiru","O","Tue, 27 Aug 2024 20:10:40","Houses for rent","Gasabo","RWF 850,000"
"https://imali.biz/isaziso/houses-for-rent/27/214419/imp11855165","https://www.img.imali.biz/Im_mini_1/000003/8575_214419_F0EeClvv6vB.jpg","House for Rent at Kacyiru","O","Tue, 27 Aug 2024 19:07:10","Houses for rent","Gasabo","RWF 800,000"
"https://imali.biz/isaziso/houses-for-rent/27/214417/imp4218006","https://www.img.imali.biz/Im_mini_1/000005/8575_214417_WCA5wdOmTGF.jpg","House for Rent at kanombe","O","Tue, 27 Aug 2024 19:00:32","Houses for rent","Kicukiro","RWF 1,000,000"
"https://imali.biz/isaziso/houses-for-rent/27/214407/imp11260674","https://www.img.imali.biz/Im_mini_1/000000/10297_214407_jFeXqQ2dxAf.jpg","Kimironko kibagabaga","O","Tue, 27 Aug 2024 14:10:59","Houses for rent","Gasabo","RWF 500,000"
"https://imali.biz/isaziso/houses-for-rent/27/214391/imp59626454","https://www.img.imali.biz/Im_mini_1/000002/10124_214391_kid6wN1jtOX.jpg","Iñzu dukodesha Kibagabaga 700k","O","Tue, 27 Aug 2024 11:20:51","Houses for rent","Gasabo","RWF 700,000"
"https://imali.biz/isaziso/houses-for-rent/27/214193/imp7652782","https://www.img.imali.biz/Im_mini_1/000007/10297_214193_xwtHUH5ISrm.jpg","Kimironko zindiro","O","Mon, 26 Aug 2024 20:01:23","Houses for rent","Gasabo","RWF 250,000"
"https://imali.biz/isaziso/houses-for-rent/27/214107/imp27124343","https://www.img.imali.biz/Im_mini_1/000002/7724_214107_kVHKp0dk41Y.jpg","Kicukiro kagarama house for rent 700k","O","Sat, 24 Aug 2024 9:30:06","Houses for rent","Kicukiro","RWF 700,000"
"https://imali.biz/isaziso/houses-for-rent/27/214106/imp58127174","https://www.img.imali.biz/Im_mini_1/000001/10297_214106_KHuQQTzemf9.jpg","Kimironko kibagabaga","O","Sat, 24 Aug 2024 9:38:21","Houses for rent","Gasabo","RWF 500,000"
"https://imali.biz/isaziso/houses-for-rent/27/214082/imp21415719","https://www.img.imali.biz/Im_mini_1/000006/10297_214082_75Kwu8CIzTE.jpg","Kuri azamu","O","Sat, 24 Aug 2024 9:17:15","Houses for rent","Gasabo","RWF 700,000"
"https://imali.biz/isaziso/apartment-for-rent/91/214081/imp28662795","https://www.img.imali.biz/Im_mini_1/000007/10297_214081_Gld1dMbUP3p.jpg","Kimironko azamu","O","Sat, 24 Aug 2024 9:16:15","Apartment for rent","Gasabo","RWF 500,000"
"https://imali.biz/isaziso/apartment-for-rent/91/214080/imp23513564","https://www.img.imali.biz/Im_mini_1/000002/10297_214080_jBtNEvzc1Bf.jpg","Kimironko azamu kurikaburimbo","O","Sat, 24 Aug 2024 18:51:06","Apartment for rent","Gasabo","RWF 300,000"
"https://imali.biz/isaziso/houses-for-rent/27/214070/imp29699826","https://www.img.imali.biz/Im_mini_1/000005/10297_214070_tOUOkeVrgqN.jpg","Kuri AZAMU","O","Fri, 23 Aug 2024 17:34:05","Houses for rent","Gasabo","$ 500"
"https://imali.biz/isaziso/houses-for-rent/27/214045/imp40486623","https://www.img.imali.biz/Im_mini_1/000001/10315_214045_7VMLA399YuW.jpg","MASAKA HOUSE FOR RENT @300K","O","Fri, 23 Aug 2024 13:21:16","Houses for rent","Kicukiro","RWF 300,000"
"https://imali.biz/isaziso/houses-for-rent/27/214043/imp23323336","https://www.img.imali.biz/Im_mini_1/000007/10315_214043_cM7OjdLYVmq.jpg","KINYINYA HOUSE FOR RENT @350K","O","Fri, 23 Aug 2024 13:05:53","Houses for rent","Gasabo","RWF 350,000"
"https://imali.biz/isaziso/houses-for-rent/27/214042/imp13153825","https://www.img.imali.biz/Im_mini_1/000008/10315_214042_r3CZCQvoODD.jpg","KIBAGABAGA HOUSE FOR RENT@400K","O","Fri, 23 Aug 2024 13:28:40","Houses for rent","Gasabo","RWF 400,000"
"https://imali.biz/isaziso/houses-for-rent/27/214020/imp8801262","https://www.img.imali.biz/Im_mini_1/000003/7724_214020_NnUxLaWYPbm.jpg","Kicukiro niboye near come again bar,  3000$","O","Fri, 23 Aug 2024 14:11:56","Houses for rent","Kicukiro","$ 3,000"
"https://imali.biz/isaziso/houses-for-rent/27/214019/imp23712505","https://www.img.imali.biz/Im_mini_1/000006/7724_214019_gAjysuwrR7J.jpg","Kimironko unfurnished  house for rent 1200$","O","Fri, 23 Aug 2024 14:11:56","Houses for rent","Gasabo","RWF 1,200,000"
"https://imali.biz/isaziso/houses-for-rent/27/214011/imp11450431","https://www.img.imali.biz/Im_mini_1/000004/7724_214011_xPGFp950hTf.jpg","Kicukiro kagarama house for rent 700k","O","Fri, 23 Aug 2024 15:25:36","Houses for rent","Kicukiro","RWF 700,000"
"https://imali.biz/isaziso/houses-for-rent/27/213830/imp37077628","https://www.img.imali.biz/Im_mini_1/000007/10273_213830_7KvFxTogc85.jpg","Iyinzu irakodeshwa kibagabaga","O","Thu, 22 Aug 2024 20:59:21","Houses for rent","Gasabo","RWF 800"
"https://imali.biz/isaziso/houses-for-rent/27/213829/imp56656851","https://www.img.imali.biz/Im_mini_1/000000/10273_213829_c5eh5xKEnHf.jpg","Iyinzu irakodeshwa kimironko","O","Thu, 22 Aug 2024 20:20:48","Houses for rent","Gasabo","RWF 700"
"https://imali.biz/isaziso/houses-for-rent/27/213828/imp18065462","https://www.img.imali.biz/Im_mini_1/000006/10273_213828_AE6zz9WKWfl.jpg","Iyinzu irakodeshwa kimironko","O","Thu, 22 Aug 2024 20:20:47","Houses for rent","Gasabo","RWF 1,200"
"https://imali.biz/isaziso/houses-for-rent/27/213827/imp46298867","https://www.img.imali.biz/Im_mini_1/000002/10273_213827_UIyn0IEUC7H.jpg","Iyinzu irakodeshwa kibagabaga","O","Thu, 22 Aug 2024 20:20:33","Houses for rent","Gasabo","RWF 700"
"https://imali.biz/isaziso/houses-for-rent/27/213826/imp34811964","https://www.img.imali.biz/Im_mini_1/000004/10273_213826_C69wiAbPDf9.jpg","Iyinzu irakodeshwa kimironko 12","O","Thu, 22 Aug 2024 20:15:36","Houses for rent","Gasabo","RWF 500"
"https://imali.biz/isaziso/houses-for-rent/27/213825/imp29119515","https://www.img.imali.biz/Im_mini_1/000008/10273_213825_AE2HvC7M1ma.jpg","Iyinzu irakodeshwa kibagabaga kubitaro","O","Thu, 22 Aug 2024 22:50:34","Houses for rent","Gasabo","RWF 700"
"https://imali.biz/isaziso/warehouse/98/213726/imp52219570","https://www.img.imali.biz/Im_mini_1/000004/926_213726_kubxC3o8vhw.jpg","Warehouses for rent/Depo zikodeshwa I Gikondo& Mas","O","Wed, 21 Aug 2024 17:13:06","Warehouse","Gasabo","$ 7"
"https://imali.biz/isaziso/houses-for-rent/27/213686/imp23180807","https://www.img.imali.biz/Im_mini_1/000005/8575_213686_e4d8kyKo4TQ.jpg","House for Rent at Zindiro","O","Wed, 21 Aug 2024 22:36:40","Houses for rent","Gasabo","RWF 350,000"
"https://imali.biz/isaziso/houses-for-rent/27/213675/imp21060825","https://www.img.imali.biz/Im_mini_1/000009/9479_213675_EBZbucNGTYo.jpg","NYARUTARAMA BIG HOUSE FOR RENT 4000$","O","Tue, 20 Aug 2024 12:47:14","Houses for rent","Gasabo","RWF 4,500,000"
"https://imali.biz/isaziso/apartment-for-rent/91/213650/imp6116826","https://www.img.imali.biz/Im_mini_1/000002/10297_213650_3FDssT8AkR4.jpg","Kimironko kwamushimire","O","Wed, 21 Aug 2024 22:28:09","Apartment for rent","Gasabo","RWF 300"
"https://imali.biz/isaziso/houses-for-rent/27/213649/imp13058535","https://www.img.imali.biz/Im_mini_1/000001/10297_213649_H7jAQT9x50M.jpg","Kimironko kuri kaburimbo","O","Wed, 21 Aug 2024 22:45:44","Houses for rent","Gasabo","RWF 250,000"
"https://imali.biz/isaziso/houses-for-rent/27/213647/imp25444093","https://www.img.imali.biz/Im_mini_1/000007/8318_213647_f2mwKZtBEm6.jpg","NYAMIRAMBO HOUSE FOR RENT 150,000FRW","O","Wed, 21 Aug 2024 22:45:45","Houses for rent","Nyarugenge","RWF 150,000"
"https://imali.biz/isaziso/houses-for-rent/27/213642/imp42648268","https://www.img.imali.biz/Im_mini_1/000000/10297_213642_FBJ2ZGzDWud.jpg","Kimironko","O","Mon, 19 Aug 2024 19:56:13","Houses for rent","Gasabo","RWF 300,000"
"https://imali.biz/isaziso/houses-for-rent/27/213639/imp22225481","https://www.img.imali.biz/Im_mini_1/000008/10297_213639_fYvK85GcqRF.jpg","Kimironko kurigereza","O","Mon, 19 Aug 2024 18:16:51","Houses for rent","Gasabo","RWF 500,000"
"https://imali.biz/isaziso/houses-for-rent/27/213588/imp25915262","https://www.img.imali.biz/Im_mini_1/000007/9479_213588_Xjcsp7suBuE.jpg","Kimironko house for rent 800k","O","Mon, 19 Aug 2024 10:41:13","Houses for rent","Gasabo","RWF 800,000"
"https://imali.biz/isaziso/houses-for-rent/27/213583/imp41603023","https://www.img.imali.biz/Im_mini_1/000001/9479_213583_RmN0Xy0oQsF.jpg","Kicukiro kagarama house for rent 900k","O","Mon, 19 Aug 2024 10:48:34","Houses for rent","Kicukiro","RWF 900,000"
"https://imali.biz/isaziso/houses-for-rent/27/213581/imp22557252","https://www.img.imali.biz/Im_mini_1/000008/9479_213581_JVGjzq8CMJe.jpg","Kibagabaga fully furnished house for rent 5000$","O","Mon, 19 Aug 2024 10:48:44","Houses for rent","Gasabo","RWF 5,000,000"
"https://imali.biz/isaziso/houses-for-rent/27/213579/imp53451399","https://www.img.imali.biz/Im_mini_1/000007/9479_213579_jKdfW3y0eqr.jpg","Kibagabaga furnished house for rent 1200$","O","Mon, 19 Aug 2024 12:07:32","Houses for rent","Gasabo","$ 120,000"
"https://imali.biz/isaziso/houses-for-rent/27/213578/imp27810623","https://www.img.imali.biz/Im_mini_1/000003/9479_213578_bf3fTQ6NeXt.jpg","Kicukiro kagarama house for rent 800k","O","Mon, 19 Aug 2024 11:13:16","Houses for rent","Kicukiro","RWF 800,000"
"https://imali.biz/isaziso/houses-for-rent/27/213577/imp33278193","https://www.img.imali.biz/Im_mini_1/000008/9479_213577_oexJ2ksIFfN.jpg","Kicukiro full furnished house for rent 1500$","O","Mon, 19 Aug 2024 10:57:11","Houses for rent","Kicukiro","RWF 1,500,000"
"https://imali.biz/isaziso/houses-for-rent/27/213576/imp56407674","https://www.img.imali.biz/Im_mini_1/000007/9479_213576_UtfGXZFyVqw.jpg","Kicukiro kagarama house for rent 800k","O","Mon, 19 Aug 2024 12:14:44","Houses for rent","Kicukiro","RWF 800,000"
"https://imali.biz/isaziso/houses-for-rent/27/213575/imp14423126","https://www.img.imali.biz/Im_mini_1/000001/10297_213575_mx2OpVSnBht.jpg","Kimironko kurigereza","O","Mon, 19 Aug 2024 13:10:06","Houses for rent","Gasabo","RWF 500,000"
"https://imali.biz/isaziso/houses-for-rent/27/213565/imp11603340","https://www.img.imali.biz/Im_mini_1/000008/8575_213565_m18Eugfhs7O.jpg","House for Rent at Gisozi","O","Sun, 18 Aug 2024 13:54:51","Houses for rent","Gasabo","RWF 350,000"
"https://imali.biz/isaziso/houses-for-rent/27/213562/imp15421400","https://www.img.imali.biz/Im_mini_1/000000/10273_213562_mzRSRO7hRgk.jpg","Iyinzu irakodeshwa kibagabaga","O","Sun, 18 Aug 2024 13:55:02","Houses for rent","Gasabo","RWF 900"
"https://imali.biz/isaziso/houses-for-rent/27/213561/imp16628727","https://www.img.imali.biz/Im_mini_1/000000/10273_213561_zYXlg9JqYmP.jpg","Iyinzu irakodeshwa kimironko","O","Sun, 18 Aug 2024 13:55:04","Houses for rent","Gasabo","RWF 500"
"https://imali.biz/isaziso/houses-for-rent/27/213560/imp22087565","https://www.img.imali.biz/Im_mini_1/000005/10273_213560_Fez8pbaKEvw.jpg","Iyinzu irakodeshwa kanombe","O","Sun, 18 Aug 2024 13:55:07","Houses for rent","Kicukiro","RWF 500"
"https://imali.biz/isaziso/houses-for-rent/27/213559/imp31480703","https://www.img.imali.biz/Im_mini_1/000009/10273_213559_qrqSyHOrfxX.jpg","Iyinzu irakodeshwa kibagabaga","O","Sun, 18 Aug 2024 13:55:11","Houses for rent","Gasabo","RWF 500"
"https://imali.biz/isaziso/houses-for-rent/27/213558/imp6250946","https://www.img.imali.biz/Im_mini_1/000006/10273_213558_WdKGP4fsLuX.jpg","Iyinzu irakodeshwa kimironko","O","Sun, 18 Aug 2024 13:55:13","Houses for rent","Gasabo","RWF 800"
"https://imali.biz/isaziso/houses-for-rent/27/213557/imp39819801","https://www.img.imali.biz/Im_mini_1/000007/10273_213557_w9YxWmHJMFm.jpg","Iyinzu irakodeshwa kimironko","O","Sun, 18 Aug 2024 13:55:50","Houses for rent","Gasabo","RWF 800"
"https://imali.biz/isaziso/houses-for-rent/27/213555/imp18985061","https://www.img.imali.biz/Im_mini_1/000001/10273_213555_eL7qGGG3vtt.jpg","Iyinzu irakodeshwa kimironko zindiro","O","Sun, 18 Aug 2024 13:55:24","Houses for rent","Gasabo","RWF 1,200"
"https://imali.biz/isaziso/houses-for-rent/27/213554/imp40347309","https://www.img.imali.biz/Im_mini_1/000002/10273_213554_EdgM1FOIeX0.jpg","Iyinzu irakodeshwa kimironko zindiro","O","Sun, 18 Aug 2024 15:02:26","Houses for rent","Gasabo","RWF 700"
"https://imali.biz/isaziso/shop/96/213553/imp10915585","https://www.img.imali.biz/Im_mini_1/000005/926_213553_UdjM854gq3n.jpg","A Very nice petroleum station for rent in Kigali.","O","Sun, 18 Aug 2024 13:55:34","Shop","Gasabo","$ 10,000"
"https://imali.biz/isaziso/houses-for-rent/27/213551/imp13575918","https://www.img.imali.biz/Im_mini_1/000002/9479_213551_ECIOotCFZMr.jpg","Kicukiro kagarama house for rent 700k","O","Sun, 18 Aug 2024 13:57:50","Houses for rent","Kicukiro","RWF 700,000"
"https://imali.biz/isaziso/houses-for-rent/27/213550/imp31341064","https://www.img.imali.biz/Im_mini_1/000005/9479_213550_7ZVZLa4WrUl.jpg","Kicukiro kagarama house for rent 700k","O","Sun, 18 Aug 2024 14:04:46","Houses for rent","Kicukiro","RWF 700,000"
"https://imali.biz/isaziso/houses-for-rent/27/213500/imp45447445","https://www.img.imali.biz/Im_mini_1/000006/10093_213500_rqsWkv9K6Fr.jpg","Kibagabaga fully furnished house for rent 1500$","O","Sun, 18 Aug 2024 14:35:03","Houses for rent","Gasabo","RWF 1,500,000"
"https://imali.biz/isaziso/houses-for-rent/27/213498/imp47975537","https://www.img.imali.biz/Im_mini_1/000009/9675_213498_qHM13fdnu9H.jpg","Kicukiro kanombe house for rent 700k negotiable","O","Sun, 18 Aug 2024 14:35:05","Houses for rent","Kicukiro","RWF 700,000"
"https://imali.biz/isaziso/houses-for-rent/27/213497/imp17793349","https://www.img.imali.biz/Im_mini_1/000009/9218_213497_r7FnyUTlqMk.jpg","HOUSES FOR RENT MUSANZE","O","Sun, 18 Aug 2024 14:38:32","Houses for rent","Musanze","RWF 1,700,000"
"https://imali.biz/isaziso/houses-for-rent/27/213496/imp42832865","https://www.img.imali.biz/Im_mini_1/000005/9218_213496_V1lIoy7feUS.jpg","HOUSES FOR RENT MUSANZE","O","Sun, 18 Aug 2024 14:38:29","Houses for rent","Musanze","RWF 1,500,000"
"https://imali.biz/isaziso/houses-for-rent/27/213495/imp37296061","https://www.img.imali.biz/Im_mini_1/000005/9675_213495_lKac4Y4YsbT.jpg","Kicukiro kagarama house for rent 800k","O","Sun, 18 Aug 2024 14:38:26","Houses for rent","Kicukiro","RWF 800,000"
"https://imali.biz/isaziso/houses-for-rent/27/213490/imp23208665","https://www.img.imali.biz/Im_mini_1/000005/9675_213490_pjADUDZ2qWb.jpg","Kicukiro kagarama house for rent 700k","O","Sun, 18 Aug 2024 14:41:34","Houses for rent","Kicukiro","RWF 700"
"https://imali.biz/isaziso/houses-for-rent/27/213408/imp11858834","https://www.img.imali.biz/Im_mini_1/000001/6300_213408_v6UEuMj9hDx.jpg","RUSORORO HOUSE FOR RENT/0784338161","O","Fri, 16 Aug 2024 21:16:42","Houses for rent","Gasabo","RWF 1,200,000"
"https://imali.biz/isaziso/houses-for-rent/27/213332/imp57509200","https://www.img.imali.biz/Im_mini_1/000005/10058_213332_oho6xRTbQZF.jpg","Inozu iragurishwa iherereye  kibagabaga","O","Fri, 16 Aug 2024 14:42:50","Houses for rent","Gasabo","RWF 600,000"
"https://imali.biz/isaziso/houses-for-rent/27/213331/imp59121976","https://www.img.imali.biz/Im_mini_1/000006/10058_213331_4SG46CB47e1.jpg","Inozu irakodeshwa iherereye  Kibagabaga","O","Fri, 16 Aug 2024 14:50:51","Houses for rent","Gasabo","RWF 900,000"
"https://imali.biz/isaziso/houses-for-rent/27/213288/imp2374562","https://www.img.imali.biz/Im_mini_1/000002/10315_213288_SgVfjrL6yDM.jpg","KIBAGABAGA HOUSE FOR RENT @400K","O","Fri, 16 Aug 2024 12:56:13","Houses for rent","Gasabo","RWF 400,000"
"https://imali.biz/isaziso/houses-for-rent/27/213285/imp22711884","https://www.img.imali.biz/Im_mini_1/000001/10315_213285_mrdFWitFYcJ.jpg","KIBAGABAGA HOUSE FOR RENT @400K","O","Fri, 16 Aug 2024 12:56:13","Houses for rent","Gasabo","RWF 400,000"
"https://imali.biz/isaziso/houses-for-rent/27/213272/imp34213585","https://www.img.imali.biz/Im_mini_1/000009/10058_213272_8lD1li6MgKV.jpg","Inozu irakodeshwa iherereye Kibagabaga","O","Fri, 16 Aug 2024 12:14:40","Houses for rent","Gasabo","RWF 600,000"
"https://imali.biz/isaziso/houses-for-rent/27/213271/imp2167887","https://www.img.imali.biz/Im_mini_1/000004/10058_213271_NhMxwzQsIDV.jpg","Inozu irakodeshwa iherereye Kimironko Kibagabaga","O","Fri, 16 Aug 2024 12:14:44","Houses for rent","Gasabo","RWF 900,000"
"https://imali.biz/isaziso/plot-for-rent/57/213252/imp29762720","https://www.img.imali.biz/Im_mini_1/000002/10315_213252_jhNpPAJjnWr.jpg","NYAKARIRO PLOT FOR SALE @2.5M","O","Fri, 16 Aug 2024 17:10:20","Plot for rent","Gasabo","RWF 2,500,000"
"https://imali.biz/isaziso/houses-for-rent/27/213233/imp8402861","https://www.img.imali.biz/Im_mini_1/000006/10136_213233_Xhx1cxGCquC.jpg","Inzu ikodeshwa kibagabaga","O","Thu, 15 Aug 2024 12:15:38","Houses for rent","Gasabo","RWF 400,000"
"https://imali.biz/isaziso/houses-for-rent/27/213202/imp27867234","https://www.img.imali.biz/Im_mini_1/000009/9762_213202_JQmVaE9BbJD.jpg","Kibagabaga fully furnished house for rent 5000$","O","Thu, 15 Aug 2024 10:25:46","Houses for rent","Gasabo","RWF 500,000"
"https://imali.biz/isaziso/houses-for-rent/27/213197/imp40722216","https://www.img.imali.biz/Im_mini_1/000008/9762_213197_SPd3PIAjBsQ.jpg","Kigali Rwanda gacuriro vision city available 4bedr","O","Thu, 15 Aug 2024 9:20:57","Houses for rent","Gasabo","RWF 2,500,000"
"https://imali.biz/isaziso/houses-for-rent/27/213196/imp25326765","https://www.img.imali.biz/Im_mini_1/000001/10136_213196_D1tFm9225Cn.jpg","Inzu ikodeshwa kinyinya hafi na gare","O","Thu, 15 Aug 2024 9:20:57","Houses for rent","Gasabo","RWF 250,000"
"https://imali.biz/isaziso/houses-for-rent/27/213165/imp47738253","https://www.img.imali.biz/Im_mini_1/000003/8575_213165_iMWJaWnz4JP.jpg","House for Rent at Rusororo","O","Thu, 15 Aug 2024 9:26:36","Houses for rent","Gasabo","RWF 1,000,000"
"https://imali.biz/isaziso/houses-for-rent/27/213164/imp46661359","https://www.img.imali.biz/Im_mini_1/000005/8575_213164_zNvhKoE7MzF.jpg","House for Rent at Rusororo","O","Thu, 15 Aug 2024 9:26:40","Houses for rent","Gasabo","RWF 1,000,000"
"https://imali.biz/isaziso/houses-for-rent/27/213115/imp13936383","https://www.img.imali.biz/Im_mini_1/000004/10058_213115_ZtTz8VhRmMh.jpg","Inonzu irakodeshwa iherereye Kimironko Kibagabaga","O","Thu, 15 Aug 2024 9:51:04","Houses for rent","Gasabo","RWF 600,000"
"https://imali.biz/isaziso/houses-for-rent/27/213111/imp12238855","https://www.img.imali.biz/Im_mini_1/000004/10058_213111_C31YYlf4amn.jpg","Inozu irakodeshwa iherereye  Kibagabaga","O","Thu, 15 Aug 2024 9:51:21","Houses for rent","Gasabo","RWF 600,000"
"https://imali.biz/isaziso/houses-for-rent/27/213094/imp4369313","https://www.img.imali.biz/Im_mini_1/000004/10273_213094_BAIX38pEUXt.jpg","Iyinzu irakodeshwa kimironko","O","Thu, 15 Aug 2024 10:27:44","Houses for rent","Gasabo","RWF 500"
"https://imali.biz/isaziso/houses-for-rent/27/213093/imp4068190","https://www.img.imali.biz/Im_mini_1/000007/10273_213093_0pkvM1K65bK.jpg","Iyinzu irakodeshwa kimironko","O","Thu, 15 Aug 2024 10:27:44","Houses for rent","Gasabo","RWF 500"
"https://imali.biz/isaziso/plot-for-rent/57/213038/imp36257685","https://www.img.imali.biz/Im_mini_1/000004/6718_213038_bZch5oUy1u0.jpg","plot for sale at MUSAVE BUMBOGA GASABO","O","Tue, 13 Aug 2024 14:02:27","Plot for rent","Gasabo","RWF 8,000,000"
"https://imali.biz/isaziso/houses-for-rent/27/213021/imp47667640","https://www.img.imali.biz/Im_mini_1/000007/9762_213021_GjsVkGPLHbw.jpg","Kicukiro kagarama house for rent 900k","O","Tue, 13 Aug 2024 12:16:58","Houses for rent","Kicukiro","RWF 900,000"
"https://imali.biz/isaziso/houses-for-rent/27/212989/imp0884475","https://www.img.imali.biz/Im_mini_1/000008/9762_212989_Sm6K3T0QzP4.jpg","Kibagabaga family house for rent 1M","O","Tue, 13 Aug 2024 9:21:03","Houses for rent","Gasabo","RWF 1,000,000"
"https://imali.biz/isaziso/houses-for-rent/27/212718/imp0056171","https://www.img.imali.biz/Im_mini_1/000004/10273_212718_7sB6lZSlV71.jpg","Iyinzu irakodeshwa kibagabaga","O","Fri, 09 Aug 2024 16:42:52","Houses for rent","Gasabo","RWF 500"
"https://imali.biz/isaziso/houses-for-rent/27/212716/imp14864998","https://www.img.imali.biz/Im_mini_1/000006/10273_212716_q63QF8txioc.jpg","Iyinzu irakodeshwa kimironko","O","Fri, 09 Aug 2024 16:42:52","Houses for rent","Gasabo","RWF 800"
"https://imali.biz/isaziso/houses-for-rent/27/212714/imp44478944","https://www.img.imali.biz/Im_mini_1/000000/10273_212714_Ot6gJUdJnLL.jpg","Iyinzu irakodeshwa kimironko","O","Fri, 09 Aug 2024 17:21:11","Houses for rent","Gasabo","RWF 800"
"https://imali.biz/isaziso/houses-for-rent/27/212713/imp57068523","https://www.img.imali.biz/Im_mini_1/000008/10273_212713_paVpyt9TRW9.jpg","Iyinzu irakodeshwa kimironko","O","Fri, 09 Aug 2024 16:59:14","Houses for rent","Gasabo","RWF 450"
"https://imali.biz/isaziso/houses-for-rent/27/212711/imp38100796","https://www.img.imali.biz/Im_mini_1/000003/10273_212711_1fs8ft1OEkG.jpg","Iyinzu irakodeshwa kibagabaga","O","Fri, 09 Aug 2024 16:50:48","Houses for rent","Gasabo","RWF 650"
"https://imali.biz/isaziso/houses-for-rent/27/212709/imp14874411","https://www.img.imali.biz/Im_mini_1/000009/10273_212709_yEj7UnmjtHb.jpg","Iyinzu irakodeshwa kimironko kibagabaga","O","Fri, 09 Aug 2024 17:28:43","Houses for rent","Gasabo","RWF 600"
"https://imali.biz/isaziso/houses-for-rent/27/212678/imp7483830","https://www.img.imali.biz/Im_mini_1/000002/10136_212678_rjdzM5MR6OC.jpg","Inzu ikodeshwa kimironko","O","Thu, 08 Aug 2024 11:25:18","Houses for rent","Gasabo","RWF 1,000,000"
"https://imali.biz/isaziso/houses-for-rent/27/212676/imp41483727","https://www.img.imali.biz/Im_mini_1/000005/10136_212676_XNoI9Pg2MFK.jpg","Inzu ikodeshwa kimironko","O","Thu, 08 Aug 2024 11:25:25","Houses for rent","Gasabo","RWF 800,000"
"https://imali.biz/isaziso/warehouse/98/212647/imp27656310","https://www.img.imali.biz/Im_mini_1/000004/926_212647_JSIk0RQOV2j.jpg","Warehouses for rent/Depo zikodeshwa I Masoro Giko","O","Wed, 07 Aug 2024 19:59:37","Warehouse","Gasabo","$ 7"
"https://imali.biz/isaziso/houses-for-rent/27/212642/imp56631629","https://www.img.imali.biz/Im_mini_1/000007/10297_212642_BzsZMRi5VNi.jpg","Kimironko Hafi nagereza","O","Tue, 06 Aug 2024 21:44:53","Houses for rent","Gasabo","RWF 300,000"
"https://imali.biz/isaziso/houses-for-rent/27/212587/imp20408283","https://www.img.imali.biz/Im_mini_1/000001/10297_212587_u7Mi9MDcHWA.jpg","Kimironko","O","Wed, 07 Aug 2024 8:47:05","Houses for rent","Gasabo","RWF 350,000"
"https://imali.biz/isaziso/houses-for-rent/27/212512/imp37545012","https://www.img.imali.biz/Im_mini_1/000000/10297_212512_pA7438E78gp.jpg","kimironko","O","Wed, 07 Aug 2024 9:22:06","Houses for rent","Gasabo","RWF 250,000"
"https://imali.biz/isaziso/houses-for-rent/27/212508/imp9436925","https://www.img.imali.biz/Im_mini_1/000006/10297_212508_JWKFKKJ72d6.jpg","Kibagabaga kimironko","O","Wed, 07 Aug 2024 9:46:39","Houses for rent","Gasabo","RWF 600,000"
"https://imali.biz/isaziso/houses-for-rent/27/212484/imp48234304","https://www.img.imali.biz/Im_mini_1/000002/10273_212484_ODGcDcfqGDc.jpg","Iyinzu irakodeshwa kibagabaga","O","Wed, 07 Aug 2024 10:38:40","Houses for rent","Gasabo","RWF 1,000"
"https://imali.biz/isaziso/houses-for-rent/27/212483/imp5013136","https://www.img.imali.biz/Im_mini_1/000003/10273_212483_Ij57gDPuZxg.jpg","Iyinzu irakodeshwa kugisozi","O","Wed, 07 Aug 2024 10:38:40","Houses for rent","Gasabo","RWF 1,200"
"https://imali.biz/isaziso/houses-for-rent/27/212482/imp21458795","https://www.img.imali.biz/Im_mini_1/000007/10273_212482_iVq6KXtv70h.jpg","Iyinzu irakodeshwa kimironko","O","Wed, 07 Aug 2024 10:38:52","Houses for rent","Gasabo","RWF 500"
"https://imali.biz/isaziso/houses-for-rent/27/212481/imp28710842","https://www.img.imali.biz/Im_mini_1/000009/10273_212481_pCUpL6E8ld3.jpg","Iyinzu irakodeshwa kimironko kibagabaga","O","Wed, 07 Aug 2024 10:38:50","Houses for rent","Gasabo","RWF 700"
"https://imali.biz/isaziso/houses-for-rent/27/212480/imp37397416","https://www.img.imali.biz/Im_mini_1/000003/10273_212480_XN1gibkSOhx.jpg","Iyinzu irakodeshwa kibagabaga","O","Wed, 07 Aug 2024 10:38:52","Houses for rent","Gasabo","RWF 800"
"https://imali.biz/isaziso/houses-for-rent/27/212479/imp44716029","https://www.img.imali.biz/Im_mini_1/000003/10273_212479_hmx5vEMsKDM.jpg","Iyinzu irakodeshwa kibagabaga","O","Wed, 07 Aug 2024 10:39:02","Houses for rent","Gasabo","RWF 500"
"https://imali.biz/isaziso/houses-for-rent/27/212478/imp12447496","https://www.img.imali.biz/Im_mini_1/000008/10273_212478_F0qYy4thjRf.jpg","Iyinzu irakodeshwa kimironko kwi soko","O","Wed, 07 Aug 2024 10:39:04","Houses for rent","Gasabo","RWF 800"
"https://imali.biz/isaziso/houses-for-rent/27/212477/imp3176586","https://www.img.imali.biz/Im_mini_1/000001/10273_212477_z6pHbSTccJ7.jpg","Iyinzu irakodeshwa kimironko","O","Wed, 07 Aug 2024 10:38:55","Houses for rent","Gasabo","RWF 800"
"https://imali.biz/isaziso/houses-for-rent/27/212465/imp50288569","https://www.img.imali.biz/Im_mini_1/000005/9905_212465_szorRoYwbbY.jpg","Iñzu dukodesha Kibagabaga 250k","O","Wed, 07 Aug 2024 10:40:12","Houses for rent","Gasabo","RWF 250,000"
"https://imali.biz/isaziso/warehouse/98/212456/imp45379515","https://www.img.imali.biz/Im_mini_1/000002/926_212456_DdJrPTBbByd.jpg","Warehouses for rent/Depo zikodeshwa I Gikondo& Ma","O","Sun, 04 Aug 2024 12:11:50","Warehouse","Gasabo","$ 7"
"https://imali.biz/isaziso/houses-for-rent/27/212417/imp4488341","https://www.img.imali.biz/Im_mini_1/000009/10297_212417_X7g7Gru3RYM.jpg","Kimironko kwamushimire","O","Fri, 02 Aug 2024 21:15:33","Houses for rent","Gasabo","RWF 300,000"
"https://imali.biz/isaziso/plot-for-rent/57/212390/imp5883740","https://www.img.imali.biz/Im_mini_1/000007/9801_212390_qtrw5uDXYWE.jpg","Plot for sale","O","Fri, 02 Aug 2024 21:20:11","Plot for rent","Gasabo","RWF 120,000,000"
"https://imali.biz/isaziso/houses-for-rent/27/212331/imp59100445","https://www.img.imali.biz/Im_mini_1/000005/10297_212331_0KacCxZDTfW.jpg","Kimironko bibare","O","Wed, 07 Aug 2024 13:10:23","Houses for rent","Gasabo","RWF 500,000"
"https://imali.biz/isaziso/houses-for-rent/27/212330/imp21783073","https://www.img.imali.biz/Im_mini_1/000008/8318_212330_F3vE6UsmS3r.jpg","NYAMIRAMBO HOUSE FOR RENT 300000","O","Wed, 07 Aug 2024 13:10:23","Houses for rent","Nyarugenge","RWF 300,000"
"https://imali.biz/isaziso/houses-for-rent/27/212317/imp45489942","https://www.img.imali.biz/Im_mini_1/000007/6138_212317_5sCsX7r7cFv.jpg","A beautiful home or office for  rent at KIMIHURURA","O","Wed, 07 Aug 2024 13:18:57","Houses for rent","Gasabo","$ 1,500"
"https://imali.biz/isaziso/houses-for-rent/27/212316/imp46592411","https://www.img.imali.biz/Im_mini_1/000007/10273_212316_pnOOb4X8RpV.jpg","Iyinzu irakodeshwa kimironko","O","Wed, 07 Aug 2024 13:18:38","Houses for rent","Gasabo","RWF 900"
"https://imali.biz/isaziso/houses-for-rent/27/212315/imp56905883","https://www.img.imali.biz/Im_mini_1/000001/10273_212315_6SaeE5Bd1vw.jpg","Iyinzu irakodeshwa kimironko","O","Wed, 07 Aug 2024 13:18:34","Houses for rent","Gasabo","RWF 500"
"https://imali.biz/isaziso/houses-for-rent/27/212314/imp13528411","https://www.img.imali.biz/Im_mini_1/000007/6138_212314_CydSGXYQcVB.jpg","A nice non-furnished house for rent at KACYIRU.","O","Wed, 07 Aug 2024 13:18:34","Houses for rent","Gasabo","$ 600"
"https://imali.biz/isaziso/houses-for-rent/27/212313/imp41367850","https://www.img.imali.biz/Im_mini_1/000001/10273_212313_uHUheNOSfI2.jpg","Iyinzu irakodeshwa kugisozi","O","Wed, 07 Aug 2024 13:18:34","Houses for rent","Gasabo","RWF 1,200"
"https://imali.biz/isaziso/houses-for-rent/27/212312/imp49835139","https://www.img.imali.biz/Im_mini_1/000007/10273_212312_pxFauh7S6oV.jpg","Iyinzu irakodeshwa kimironko kigali palents","O","Wed, 07 Aug 2024 13:18:34","Houses for rent","Gasabo","RWF 500"
"https://imali.biz/isaziso/houses-for-rent/27/212310/imp10650250","https://www.img.imali.biz/Im_mini_1/000003/10273_212310_fSyexFk9kjF.jpg","Iyinzu irakodeshwa kibagabaga","O","Wed, 07 Aug 2024 13:11:26","Houses for rent","Gasabo","RWF 1,000"
"https://imali.biz/isaziso/apartment-for-rent/91/212309/imp2724813","https://www.img.imali.biz/Im_mini_1/000008/10297_212309_ypfXUsX3uOI.jpg","Kimironko kibagabag","O","Wed, 07 Aug 2024 13:28:22","Apartment for rent","Gasabo","RWF 350,000"
"https://imali.biz/isaziso/houses-for-rent/27/212308/imp37940140","https://www.img.imali.biz/Im_mini_1/000009/10297_212308_7NX9Smz5iBI.jpg","Kimironko kibagabaga","O","Wed, 07 Aug 2024 13:28:22","Houses for rent","Gasabo","RWF 600,000"
"https://imali.biz/isaziso/houses-for-rent/27/212297/imp41787849","https://www.img.imali.biz/Im_mini_1/000000/6138_212297_IVvD50nBT5A.jpg","A beautiful home for rent at KIMIHURURA","O","Wed, 07 Aug 2024 13:51:48","Houses for rent","Gasabo","$ 2,500"
"https://imali.biz/isaziso/houses-for-rent/27/212296/imp21157451","https://www.img.imali.biz/Im_mini_1/000006/6138_212296_CN8s7UDKBtM.jpg","KIMIHURURA good fullyfurnished apartment for rent","O","Wed, 07 Aug 2024 14:08:37","Houses for rent","Gasabo","$ 850"
"https://imali.biz/isaziso/houses-for-rent/27/212295/imp35105747","https://www.img.imali.biz/Im_mini_1/000008/6138_212295_9eLTNAV7SP4.jpg","KIMIHURURA good fully-furnished home for rent","O","Wed, 07 Aug 2024 13:44:07","Houses for rent","Gasabo","$ 1,200"
"https://imali.biz/isaziso/houses-for-rent/27/212291/imp45779394","https://www.img.imali.biz/Im_mini_1/000007/10297_212291_UyeeDdzT4ou.jpg","Imasoro Hafi ninganda","O","Wed, 07 Aug 2024 14:08:22","Houses for rent","Gasabo","RWF 300,000"
"https://imali.biz/isaziso/houses-for-rent/27/212289/imp40329130","https://www.img.imali.biz/Im_mini_1/000005/10297_212289_2PbvFkVVqYo.jpg","Kibagabaga","O","Wed, 07 Aug 2024 14:57:10","Houses for rent","Gasabo","RWF 600,000"
"https://imali.biz/isaziso/warehouse/98/212279/imp21272233","https://www.img.imali.biz/Im_mini_1/000004/926_212279_xzEFlNkPZLx.jpg","Warehouses for rent in Masoro/Depo ikodeshwa I Mas","O","Wed, 31 Jul 2024 9:18:42","Warehouse","Gasabo","$ 7"
"https://imali.biz/isaziso/apartment-for-rent/91/212268/imp59882909","https://www.img.imali.biz/Im_mini_1/000002/8575_212268_aUYyk8Ua3Zi.jpg","Apartment for rent at Kimironko","O","Tue, 30 Jul 2024 12:01:38","Apartment for rent","Gasabo","RWF 250,000"
"https://imali.biz/isaziso/houses-for-rent/27/212260/imp24526524","https://www.img.imali.biz/Im_mini_1/000009/8575_212260_voTj683xeie.jpg","House house for Rent at kinyinya","O","Tue, 30 Jul 2024 11:44:22","Houses for rent","Gasabo","RWF 150,000"
"https://imali.biz/isaziso/apartment-for-rent/91/212257/imp44389446","https://www.img.imali.biz/Im_mini_1/000007/8575_212257_EQKpF0YDt0m.jpg","Apartment for rent at kibagabaga","O","Tue, 30 Jul 2024 11:44:40","Apartment for rent","Gasabo","RWF 800,000"
"https://imali.biz/isaziso/houses-for-rent/27/212235/imp24814671","https://www.img.imali.biz/Im_mini_1/000008/8575_212235_f4lW8hrewM8.jpg","House for Rent at kinyinya","O","Mon, 29 Jul 2024 12:22:35","Houses for rent","Gasabo","RWF 150,000"
"https://imali.biz/isaziso/apartment-for-rent/91/212226/imp17323284","https://www.img.imali.biz/Im_mini_1/000002/8575_212226_89arjJ1NIaA.jpg","Apartment for Rent at kimironko","O","Mon, 29 Jul 2024 15:44:10","Apartment for rent","Gasabo","RWF 600,000"
"https://imali.biz/isaziso/houses-for-rent/27/212225/imp33327750","https://www.img.imali.biz/Im_mini_1/000002/8575_212225_elB7rLzeo9p.jpg","House for Rent at kinyinya","O","Mon, 29 Jul 2024 15:44:10","Houses for rent","Gasabo","RWF 450,000"
"https://imali.biz/isaziso/houses-for-rent/27/212224/imp7400972","https://www.img.imali.biz/Im_mini_1/000001/8575_212224_d5HHsa6kFkw.jpg","House for Rent at kinyinya","O","Mon, 29 Jul 2024 16:00:09","Houses for rent","Gasabo","RWF 450,000"
"https://imali.biz/isaziso/shop/96/212223/imp29474582","https://www.img.imali.biz/Im_mini_1/000009/926_212223_5DjC9VQJgdv.jpg","A Very nice petroleum station for rent in Kigali.","O","Mon, 29 Jul 2024 15:44:23","Shop","Gasabo","$ 10,000"
"https://imali.biz/isaziso/houses-for-rent/27/212219/imp36399350","https://www.img.imali.biz/Im_mini_1/000002/8575_212219_bIlHeadhZeF.jpg","House for Rent at Kagarama","O","Mon, 29 Jul 2024 15:51:45","Houses for rent","Kicukiro","RWF 500,000"
"https://imali.biz/isaziso/houses-for-rent/27/212218/imp46455341","https://www.img.imali.biz/Im_mini_1/000001/8575_212218_h667UHfZYuX.jpg","Kagarama house for Rent","O","Mon, 29 Jul 2024 15:51:45","Houses for rent","Kicukiro","RWF 500,000"
"https://imali.biz/isaziso/houses-for-rent/27/212215/imp54156886","https://www.img.imali.biz/Im_mini_1/000004/9905_212215_OXanMxpNBZ3.jpg","Iñzu ikodeshwa Kibagabaga 400k","O","Mon, 29 Jul 2024 15:52:02","Houses for rent","Gasabo","RWF 400,000"
"https://imali.biz/isaziso/houses-for-rent/27/212213/imp49014682","https://www.img.imali.biz/Im_mini_1/000006/9905_212213_4nezKivtB0U.jpg","Kibagabaga full furnished house for rent 1000$","O","Mon, 29 Jul 2024 15:53:53","Houses for rent","Gasabo","$ 1,000"
"https://imali.biz/isaziso/houses-for-rent/27/212204/imp44338727","https://www.img.imali.biz/Im_mini_1/000008/10297_212204_rMcuvTg7kUH.jpg","Kimironko","O","Sun, 28 Jul 2024 9:58:19","Houses for rent","Gasabo","RWF 450,000"
"https://imali.biz/isaziso/houses-for-rent/27/212172/imp45971528","https://www.img.imali.biz/Im_mini_1/000000/10297_212172_RvpYCcUi0it.jpg","Kimironko zindiro","O","Sun, 28 Jul 2024 11:38:46","Houses for rent","Gasabo","RWF 180,000"
"https://imali.biz/isaziso/houses-for-rent/27/212139/imp47015579","https://www.img.imali.biz/Im_mini_1/000003/10297_212139_jTwdU13e1mV.jpg","Kimironko ahantu heza","O","Tue, 30 Jul 2024 12:06:34","Houses for rent","Gasabo","RWF 500,000"
"https://imali.biz/isaziso/houses-for-rent/27/212063/imp57840765","https://www.img.imali.biz/Im_mini_1/000000/10273_212063_bUgE24aEtef.jpg","Iyinzu irakodeshwa kibagabaga","O","Fri, 26 Jul 2024 7:57:34","Houses for rent","Gasabo","RWF 800"
"https://imali.biz/isaziso/houses-for-rent/27/212062/imp2751769","https://www.img.imali.biz/Im_mini_1/000009/10273_212062_YSLbfxp6OGV.jpg","Iyinzu irakodeshwa kimironko","O","Fri, 26 Jul 2024 7:57:30","Houses for rent","Gasabo","RWF 500"
"https://imali.biz/isaziso/houses-for-rent/27/212061/imp19745061","https://www.img.imali.biz/Im_mini_1/000000/10273_212061_ZcxpU5vHoL1.jpg","Iyinzu irakodeshwa kugisozi","O","Fri, 26 Jul 2024 7:57:27","Houses for rent","Gasabo","RWF 1,200"
"https://imali.biz/isaziso/houses-for-rent/27/212060/imp40170203","https://www.img.imali.biz/Im_mini_1/000008/10273_212060_2zW0vXtBb8A.jpg","Iyinzu irakodeshwa kimironko kigali palents","O","Fri, 26 Jul 2024 7:57:22","Houses for rent","Gasabo","RWF 500"
"https://imali.biz/isaziso/houses-for-rent/27/212059/imp46838964","https://www.img.imali.biz/Im_mini_1/000007/10273_212059_oFXCGptOhZx.jpg","Iyinzu irakodeshwa kugisozi","O","Fri, 26 Jul 2024 7:57:18","Houses for rent","Gasabo","RWF 400"
"https://imali.biz/isaziso/houses-for-rent/27/212026/imp14391130","https://www.img.imali.biz/Im_mini_1/000001/10124_212026_QkgnT0II747.jpg","Kibagabaga house for rent 450k","O","Sun, 28 Jul 2024 18:00:50","Houses for rent","Gasabo","RWF 450,000"
"https://imali.biz/isaziso/houses-for-rent/27/212020/imp59419964","https://www.img.imali.biz/Im_mini_1/000002/10124_212020_o72waCu0ad1.jpg","Kibagabaga house for rent 600$","O","Sun, 28 Jul 2024 18:00:49","Houses for rent","Gasabo","$ 600"
"https://imali.biz/isaziso/apartment-for-rent/91/211989/imp28956092","https://www.img.imali.biz/Im_mini_1/000005/10124_211989_1YiCP2IF0lN.jpg","Kibagabaga unfurnished apartment for rent 800k","O","Sun, 28 Jul 2024 18:13:21","Apartment for rent","Gasabo","RWF 800,000"
"https://imali.biz/isaziso/houses-for-rent/27/211975/imp29143167","https://www.img.imali.biz/Im_mini_1/000009/9218_211975_0tW8skkTMWA.jpg","HOUSES FOR SALE KIBAGABAGA","O","Thu, 25 Jul 2024 12:14:32","Houses for rent","Gasabo","RWF 400,000,000"
"https://imali.biz/isaziso/houses-for-rent/27/211974/imp54429374","https://www.img.imali.biz/Im_mini_1/000002/9218_211974_Oj0U0pvHaCz.jpg","HOUSES FOR SALE KIBAGABAGA","O","Wed, 07 Aug 2024 16:26:06","Houses for rent","Gasabo","RWF 400,000,000"
"https://imali.biz/isaziso/houses-for-rent/27/211890/imp18432650","https://www.img.imali.biz/Im_mini_1/000000/9675_211890_M03V24oetzC.jpg","Kicukiro kagarama house for rent 800k","O","Wed, 07 Aug 2024 16:29:44","Houses for rent","Kicukiro","RWF 800,000"
"https://imali.biz/isaziso/houses-for-rent/27/211885/imp58061825","https://www.img.imali.biz/Im_mini_1/000001/10297_211885_UkWLaZtpp6h.jpg","Kigali parensi kote yakanombe","O","Wed, 24 Jul 2024 22:36:59","Houses for rent","Kicukiro","RWF 350,000"
"https://imali.biz/isaziso/houses-for-rent/27/211863/imp48430075","https://www.img.imali.biz/Im_mini_1/000000/10297_211863_dayAGCcKAYE.jpg","Kuri sitade iremera","O","Tue, 23 Jul 2024 9:30:09","Houses for rent","Gasabo","$ 1,000"
"https://imali.biz/isaziso/houses-for-rent/27/211862/imp6048922","https://www.img.imali.biz/Im_mini_1/000000/10297_211862_nnO4dE4bl6j.jpg","Kimironko kuri simba","O","Tue, 23 Jul 2024 9:30:09","Houses for rent","Gasabo","RWF 800,000"
"https://imali.biz/isaziso/houses-for-rent/27/211849/imp35485215","https://www.img.imali.biz/Im_mini_1/000009/10092_211849_3yldVt9io40.jpg","fully furnished house for rent","O","Mon, 22 Jul 2024 11:07:06","Houses for rent","Kicukiro","$ 1,500"
"https://imali.biz/isaziso/houses-for-rent/27/211835/imp26420349","https://www.img.imali.biz/Im_mini_1/000007/10297_211835_PJKdWQ5Ce53.jpg","Kibagabaga","O","Sun, 21 Jul 2024 9:33:30","Houses for rent","Gasabo","RWF 700,000"
"https://imali.biz/isaziso/houses-for-rent/27/211819/imp25965436","https://www.img.imali.biz/Im_mini_1/000004/10124_211819_etjYisjlFfV.jpg","Kimironko house for rent 700$","O","Sun, 21 Jul 2024 9:41:38","Houses for rent","Gasabo","$ 700"
"https://imali.biz/isaziso/houses-for-rent/27/211817/imp7079184","https://www.img.imali.biz/Im_mini_1/000001/10297_211817_3DlMfXToOKQ.jpg","Kimironko kwamushimire","O","Sun, 21 Jul 2024 9:50:14","Houses for rent","Gasabo","RWF 400,000"
"https://imali.biz/isaziso/houses-for-rent/27/211799/imp5998177","https://www.img.imali.biz/Im_mini_1/000001/10297_211799_aBOsiLzaKc9.jpg","Kinyinya kwanyambumba","O","Sun, 21 Jul 2024 10:04:12","Houses for rent","Gasabo","$ 700"
"https://imali.biz/isaziso/houses-for-rent/27/211793/imp1367780","https://www.img.imali.biz/Im_mini_1/000000/10297_211793_qamDj1S43sk.jpg","Mubibare hejuru yakigali parensi","O","Sun, 21 Jul 2024 10:53:58","Houses for rent","Gasabo","RWF 600,000"
"https://imali.biz/isaziso/houses-for-rent/27/211792/imp42660886","https://www.img.imali.biz/Im_mini_1/000001/10297_211792_sSmtaFgn586.jpg","Kwarwahama kimironko","O","Sun, 21 Jul 2024 10:53:58","Houses for rent","Gasabo","RWF 500,000"
"https://imali.biz/isaziso/houses-for-rent/27/211766/imp47358673","https://www.img.imali.biz/Im_mini_1/000009/10297_211766_Hanw8hAWrvH.jpg","Ikanombe","O","Fri, 19 Jul 2024 9:59:33","Houses for rent","Kicukiro","RWF 900,000"
"https://imali.biz/isaziso/apartment-for-rent/91/211728/imp28194264","https://www.img.imali.biz/Im_mini_1/000000/10297_211728_lcUwcbHqwGC.jpg","Kimironko","O","Fri, 19 Jul 2024 13:51:36","Apartment for rent","Gasabo","RWF 350,000"
"https://imali.biz/isaziso/houses-for-rent/27/211725/imp50673159","https://www.img.imali.biz/Im_mini_1/000007/10297_211725_Y7ESH9MWj1v.jpg","Kimironko","O","Fri, 19 Jul 2024 13:45:27","Houses for rent","Gasabo","RWF 350,000"
"https://imali.biz/isaziso/houses-for-rent/27/211722/imp8792921","https://www.img.imali.biz/Im_mini_1/000009/10273_211722_BxbbssjE6dJ.jpg","Iyinzu irakodeshwa kugisozi","O","Wed, 17 Jul 2024 13:56:04","Houses for rent","Gasabo","RWF 1,200"
"https://imali.biz/isaziso/houses-for-rent/27/211720/imp28330135","https://www.img.imali.biz/Im_mini_1/000000/10273_211720_hwlEjdfFYXm.jpg","Iyinzu irakodeshwa kimironko","O","Wed, 17 Jul 2024 13:38:05","Houses for rent","Gasabo","RWF 500"
"https://imali.biz/isaziso/apartment-for-rent/91/211716/imp3785784","https://www.img.imali.biz/Im_mini_1/000008/9562_211716_d9OnulvpzkT.jpg","Kibagabaga apartment for rent 800k","O","Wed, 17 Jul 2024 13:38:25","Apartment for rent","Gasabo","RWF 800,000"
"https://imali.biz/isaziso/apartment-for-rent/91/211684/imp34143668","https://www.img.imali.biz/Im_mini_1/000002/10124_211684_c6Z2KNbCQw6.jpg","Kibagabaga apartment for rent 400k","O","Wed, 17 Jul 2024 14:22:27","Apartment for rent","Gasabo","RWF 400,000"
"https://imali.biz/isaziso/apartment-for-rent/91/211680/imp32850326","https://www.img.imali.biz/Im_mini_1/000004/10297_211680_Xtw8ybgTJBQ.jpg","Kimironko zindiro","O","Wed, 17 Jul 2024 14:20:30","Apartment for rent","Gasabo","RWF 400,000"
"https://imali.biz/isaziso/houses-for-rent/27/211674/imp24848562","https://www.img.imali.biz/Im_mini_1/000001/7493_211674_7O0X5igKyfT.jpg","Inzu nziza ikodeshwa","O","Wed, 17 Jul 2024 9:54:15","Houses for rent","Kicukiro","RWF 500,000"
"https://imali.biz/isaziso/houses-for-rent/27/211673/imp18834116","https://www.img.imali.biz/Im_mini_1/000003/7493_211673_UuColHU2DkF.jpg","Inzu nziza ikodeshwa","O","Wed, 17 Jul 2024 9:54:23","Houses for rent","Kicukiro","RWF 500,000"
"https://imali.biz/isaziso/houses-for-rent/27/211669/imp59825835","https://www.img.imali.biz/Im_mini_1/000007/10297_211669_sxf4AzxXXeT.jpg","Kimironko kibagabaga","O","Wed, 17 Jul 2024 9:54:32","Houses for rent","Gasabo","RWF 700,000"
"https://imali.biz/isaziso/houses-for-rent/27/211641/imp10747453","https://www.img.imali.biz/Im_mini_1/000002/10297_211641_pORBalkSIAX.jpg","Kimironko kibagabaga","O","Wed, 17 Jul 2024 16:00:55","Houses for rent","Gasabo","RWF 350,000"
"https://imali.biz/isaziso/apartment-for-rent/91/211639/imp30793228","https://www.img.imali.biz/Im_mini_1/000005/10297_211639_8NAZBzZUY9h.jpg","Kimironko kibagabaga","O","Sun, 21 Jul 2024 11:12:43","Apartment for rent","Gasabo","RWF 350,000"
"https://imali.biz/isaziso/houses-for-rent/27/211636/imp9818551","https://www.img.imali.biz/Im_mini_1/000002/10297_211636_1jKaj3MAn3o.jpg","Kimironko","O","Sun, 21 Jul 2024 11:26:59","Houses for rent","Gasabo","RWF 350,000"
"https://imali.biz/isaziso/apartment-for-rent/91/211628/imp23705559","https://www.img.imali.biz/Im_mini_1/000007/6718_211628_zSmrNnLOCHc.jpg","Apartment for rent at kibagabaga","O","Sun, 21 Jul 2024 21:24:12","Apartment for rent","Gasabo","RWF 800,000"
"https://imali.biz/isaziso/apartment-for-rent/91/211618/imp43693692","https://www.img.imali.biz/Im_mini_1/000009/10124_211618_WpA4NEoBjD7.jpg","Kibagabaga apartment for rent 800k","O","Sun, 21 Jul 2024 21:54:18","Apartment for rent","Gasabo","RWF 800,000"
"https://imali.biz/isaziso/plot-for-rent/57/211550/imp55360893","https://www.img.imali.biz/Im_mini_1/000008/9562_211550_uZDCq3YH5cL.jpg","Ikibanza kigurishwa Kibagabaga ahantu hezacyane","O","Wed, 07 Aug 2024 19:33:09","Plot for rent","Gasabo","RWF 40,000,000"
"https://imali.biz/isaziso/houses-for-rent/27/211491/imp16707014","https://www.img.imali.biz/Im_mini_1/000007/10289_211491_vNdFmZW3Udf.jpg","A nice house for rent in Nyarugunga","O","Tue, 16 Jul 2024 11:36:17","Houses for rent","Kicukiro","RWF 600,000"
"https://imali.biz/isaziso/houses-for-rent/27/211412/imp20631775","https://www.img.imali.biz/Im_mini_1/000004/1513_211412_ZfGhneoVFkp.jpg","Beautiful house for Rent in Kacyiru","O","Tue, 16 Jul 2024 11:30:16","Houses for rent","Gasabo","$ 4,000"
"https://imali.biz/isaziso/warehouse/98/211375/imp30386302","https://www.img.imali.biz/Im_mini_1/000001/926_211375_QzudEKufjV6.jpg","Warehouses for rent/Depo zikodeshwa I Gikondo& Mas","O","Wed, 10 Jul 2024 11:04:16","Warehouse","Kicukiro","$ 7"
"https://imali.biz/isaziso/houses-for-rent/27/211322/imp19283133","https://www.img.imali.biz/Im_mini_1/000008/8851_211322_VmwHVrl8qOq.jpg","Nice house for rent at kicukiro kagarama","O","Mon, 08 Jul 2024 9:42:44","Houses for rent","Kicukiro","RWF 450,000"
"https://imali.biz/isaziso/houses-for-rent/27/211237/imp28737371","https://www.img.imali.biz/Im_mini_1/000002/9762_211237_TCUj9wC6DP9.jpg","Kicukiro kagarama Inzu ikodeshwa ibihumbi 500k","O","Wed, 03 Jul 2024 9:52:44","Houses for rent","Kicukiro","RWF 500,000"
"https://imali.biz/isaziso/apartment-for-rent/91/211236/imp21176401","https://www.img.imali.biz/Im_mini_1/000005/9762_211236_DUpBBEks2DM.jpg","Kicukiro kagarama apartments  for rent 500k","O","Wed, 03 Jul 2024 9:52:45","Apartment for rent","Kicukiro","RWF 500,000"
"https://imali.biz/isaziso/houses-for-rent/27/211235/imp58752986","https://www.img.imali.biz/Im_mini_1/000007/10136_211235_2SWSMwvM0L3.jpg","Inzu ikodeshwa masizi zidiro","O","Wed, 03 Jul 2024 9:52:49","Houses for rent","Gasabo","RWF 350,000"
"https://imali.biz/isaziso/houses-for-rent/27/211198/imp49943803","https://www.img.imali.biz/Im_mini_1/000001/7493_211198_mEFz96HDQ1r.jpg","Inzu nziza ikodeshwa","O","Mon, 01 Jul 2024 22:41:21","Houses for rent","Kicukiro","RWF 200,000"
"https://imali.biz/isaziso/warehouse/98/211034/imp30246292","https://www.img.imali.biz/Im_mini_1/000008/926_211034_APMmR2TlZLo.jpg","Warehouses for rent/Depo zikodeshwa I Gikondo& Ma","O","Thu, 04 Jul 2024 11:40:05","Warehouse","Gasabo","$ 6"
"https://imali.biz/isaziso/warehouse/98/211033/imp30005472","https://www.img.imali.biz/Im_mini_1/000005/926_211033_oSdrVE7JbxU.jpg","Warehouses for rent/Depo zikodeshwa I Gikondo& Ma","O","Thu, 04 Jul 2024 11:40:04","Warehouse","Gasabo","$ 6"
"https://imali.biz/isaziso/warehouse/98/211032/imp11822759","https://www.img.imali.biz/Im_mini_1/000001/926_211032_wxT5kt8QPy5.jpg","Warehouses for rent/Depo zikodeshwa I Gikondo& Ma","O","Thu, 04 Jul 2024 11:40:04","Warehouse","Gasabo","$ 6"
"https://imali.biz/isaziso/houses-for-rent/27/210940/imp56957779","https://www.img.imali.biz/Im_mini_1/000000/10273_210940_tMCT40XNh2o.jpg","Iyinzu irakodeshwa kibagabaga","O","Wed, 26 Jun 2024 15:18:20","Houses for rent","Gasabo","RWF 600"
"https://imali.biz/isaziso/houses-for-rent/27/210917/imp37260323","https://www.img.imali.biz/Im_mini_1/000000/7724_210917_QLDUFwtTJ0P.jpg","Kigali Rwanda","O","Sun, 23 Jun 2024 8:37:42","Houses for rent","Gasabo","RWF 4,000,000"
"https://imali.biz/isaziso/houses-for-rent/27/210877/imp41902781","https://www.img.imali.biz/Im_mini_1/000002/10273_210877_a1zJq2dIlNS.jpg","Iyinzu irakodeshwa kimironko zindiro","O","Fri, 21 Jun 2024 8:49:46","Houses for rent","Gasabo","RWF 350"
"https://imali.biz/isaziso/houses-for-rent/27/210876/imp12745889","https://www.img.imali.biz/Im_mini_1/000001/10273_210876_2KL4k5KPkMs.jpg","Iyinzu irakodeshwa kimironko zindiro","O","Fri, 21 Jun 2024 8:33:07","Houses for rent","Gasabo","RWF 1,200"
"https://imali.biz/isaziso/houses-for-rent/27/210814/imp45503081","https://www.img.imali.biz/Im_mini_1/000006/10273_210814_9jA9ihn4lOJ.jpg","Iyinzu irakodeshwa kimironko","O","Tue, 18 Jun 2024 22:49:36","Houses for rent","Gasabo","RWF 500"
"https://imali.biz/isaziso/plot-for-rent/57/210704/imp37674550","https://www.img.imali.biz/Im_mini_1/000006/9218_210704_heLE4zjfOaS.jpg","PLOT FOR SALE NYARUTARAMA  MTN","O","Wed, 19 Jun 2024 22:34:28","Plot for rent","Gasabo","RWF 600,000,000"
"https://imali.biz/isaziso/houses-for-rent/27/210603/imp44364111","https://www.img.imali.biz/Im_mini_1/000009/9966_210603_a08TwyLHqex.jpg","Inzu nziza ikodeshwa","O","Wed, 19 Jun 2024 16:00:36","Houses for rent","Kicukiro","RWF 400,000"
"https://imali.biz/isaziso/houses-for-rent/27/210568/imp35809227","https://www.img.imali.biz/Im_mini_1/000007/9966_210568_e9uZWSay1Pp.jpg","Inzu nziza ikodeshwa","O","Fri, 14 Jun 2024 20:22:40","Houses for rent","Kicukiro","RWF 350,000"
"https://imali.biz/isaziso/apartment-for-rent/91/210443/imp26264920","https://www.img.imali.biz/Im_mini_1/000009/9966_210443_GwpMskgnuw5.jpg","Nice apartment for rent","O","Mon, 10 Jun 2024 21:45:28","Apartment for rent","Kicukiro","RWF 400,000"
"https://imali.biz/isaziso/houses-for-rent/27/210442/imp45057480","https://www.img.imali.biz/Im_mini_1/000009/9966_210442_vIZOPdKaIrU.jpg","Nice house for rent","O","Mon, 10 Jun 2024 21:45:28","Houses for rent","Gasabo","RWF 350,000"
"https://imali.biz/isaziso/houses-for-rent/27/210441/imp26691950","https://www.img.imali.biz/Im_mini_1/000006/9966_210441_WuKOrCiRjxv.jpg","Nice house for rent","O","Mon, 10 Jun 2024 21:45:28","Houses for rent","Kicukiro","RWF 300,000"
"https://imali.biz/isaziso/houses-for-rent/27/210375/imp12219482","https://www.img.imali.biz/Im_mini_1/000003/7493_210375_CNKrvovSkJ0.jpg","Inzu nziza ikodeshwa","O","Wed, 12 Jun 2024 13:30:10","Houses for rent","Kicukiro","RWF 300,000"
"https://imali.biz/isaziso/houses-for-rent/27/210374/imp15710831","https://www.img.imali.biz/Im_mini_1/000007/7493_210374_q0aG7xl7ipd.jpg","Inzu nziza ikodeshwa","O","Tue, 11 Jun 2024 22:54:39","Houses for rent","Kicukiro","RWF 300,000"
"https://imali.biz/isaziso/houses-for-rent/27/210366/imp32563010","https://www.img.imali.biz/Im_mini_1/000006/9966_210366_SBbUq4xjWyS.jpg","Nice house for rent","O","Wed, 12 Jun 2024 13:21:55","Houses for rent","Kicukiro","RWF 300,000"
"https://imali.biz/isaziso/houses-for-rent/27/210365/imp32773210","https://www.img.imali.biz/Im_mini_1/000001/9966_210365_TKqyqKyaiRx.jpg","Nice house for rent","O","Wed, 12 Jun 2024 13:21:44","Houses for rent","Kicukiro","RWF 300,000"
"https://imali.biz/isaziso/houses-for-rent/27/210364/imp59692985","https://www.img.imali.biz/Im_mini_1/000007/9966_210364_4zba04tfo43.jpg","Nice house for rent","O","Sun, 09 Jun 2024 11:06:34","Houses for rent","Kicukiro","RWF 300,000"
"https://imali.biz/isaziso/houses-for-rent/27/210256/imp38444092","https://www.img.imali.biz/Im_mini_1/000002/8851_210256_oVIwDzZguXy.jpg","Nice house for rent e at kanombe","O","Sun, 16 Jun 2024 9:10:55","Houses for rent","Kicukiro","RWF 450,000"
"https://imali.biz/isaziso/houses-for-rent/27/209847/imp55117475","https://www.img.imali.biz/Im_mini_1/000008/10124_209847_BspPjJdWyog.jpg","Kibagabaga house for rent 800K","O","Fri, 24 May 2024 8:28:14","Houses for rent","Gasabo","RWF 800,000"
"https://imali.biz/isaziso/houses-for-rent/27/209815/imp8813649","https://www.img.imali.biz/Im_mini_1/000000/8851_209815_E2bkDDWxnU5.jpg","Nice house for rent at kicukiro kagarama","O","Fri, 24 May 2024 8:55:58","Houses for rent","Kicukiro","RWF 600,000"
"https://imali.biz/isaziso/houses-for-rent/27/209790/imp29541339","https://www.img.imali.biz/Im_mini_1/000002/9966_209790_E6R1BzguqVX.jpg","Inzu nziza ikodeshwa","O","Fri, 24 May 2024 9:28:44","Houses for rent","Kicukiro","RWF 200,000"
"https://imali.biz/isaziso/houses-for-rent/27/209789/imp32094684","https://www.img.imali.biz/Im_mini_1/000006/9966_209789_mW05sIE81uj.jpg","Nice house for rent","O","Fri, 24 May 2024 9:28:54","Houses for rent","Kicukiro","RWF 300,000"
"https://imali.biz/isaziso/houses-for-rent/27/209787/imp58506364","https://www.img.imali.biz/Im_mini_1/000007/6138_209787_UgUXLuT4hcs.jpg","Beautiful fully furnished home for rent at KABEZA.","O","Fri, 24 May 2024 9:28:44","Houses for rent","Kicukiro","RWF 800,000"
"https://imali.biz/isaziso/houses-for-rent/27/209726/imp9298769","https://www.img.imali.biz/Im_mini_1/000001/10136_209726_z8FR9GAnFs1.jpg","Inzu ikodeshwa kinyinya birembo","O","Thu, 23 May 2024 15:20:56","Houses for rent","Gasabo","RWF 250,000"
"https://imali.biz/isaziso/houses-for-rent/27/209531/imp35671831","https://www.img.imali.biz/Im_mini_1/000007/9801_209531_0PfiH94MePd.jpg","Houses for rent bibare","O","Wed, 22 May 2024 21:26:49","Houses for rent","Gasabo","$ 800"
"https://imali.biz/isaziso/plot-for-rent/57/209501/imp16781527","https://www.img.imali.biz/Im_mini_1/000001/9218_209501_RgExPVpz74Y.jpg","PLOT FOR SALE KAGARAMA","O","Tue, 21 May 2024 18:26:01","Plot for rent","Kicukiro","RWF 30,000,000"
"https://imali.biz/isaziso/houses-for-rent/27/209328/imp0999982","https://www.img.imali.biz/Im_mini_1/000007/9762_209328_HS9WOQdizRx.jpg","Kicukiro kagarama house for rent 800k","O","Tue, 21 May 2024 14:16:55","Houses for rent","Kicukiro","RWF 800,000"
"https://imali.biz/isaziso/houses-for-rent/27/209327/imp49021236","https://www.img.imali.biz/Im_mini_1/000002/9762_209327_Zw9BHkFJPqs.jpg","Kicukiro kagarama house for rent 700k","O","Tue, 21 May 2024 14:16:57","Houses for rent","Kicukiro","RWF 700,000"
"https://imali.biz/isaziso/houses-for-rent/27/209326/imp27171961","https://www.img.imali.biz/Im_mini_1/000007/9762_209326_6EhmFZa0Xwx.jpg","Kabeza rubirizi house for rent 500k","O","Tue, 21 May 2024 14:16:56","Houses for rent","Kicukiro","RWF 500,000"
"https://imali.biz/isaziso/houses-for-rent/27/209325/imp4071277","https://www.img.imali.biz/Im_mini_1/000002/9762_209325_Kg5sty6lvpr.jpg","Kanombe house for rent 500k","O","Tue, 21 May 2024 14:16:55","Houses for rent","Kicukiro","RWF 500,000"
"https://imali.biz/isaziso/houses-for-rent/27/209324/imp28726206","https://www.img.imali.biz/Im_mini_1/000004/9762_209324_aC05VBz7VxC.jpg","Kanombe house for rent 500k","O","Tue, 21 May 2024 14:16:56","Houses for rent","Kicukiro","RWF 500,000"
"https://imali.biz/isaziso/houses-for-rent/27/209113/imp21237450","https://www.img.imali.biz/Im_mini_1/000000/9153_209113_02NZy9CDIfh.jpg","Inzu ikodehwa","O","Wed, 15 May 2024 20:07:31","Houses for rent","Kicukiro","RWF 1,200"
"https://imali.biz/isaziso/houses-for-rent/27/208993/imp57498357","https://www.img.imali.biz/Im_mini_1/000000/6138_208993_NZmjqjGyCmM.jpg","A nice full furnished home for rent at REBERO.","O","Tue, 14 May 2024 21:42:54","Houses for rent","Kicukiro","$ 1,200"
"https://imali.biz/isaziso/houses-for-rent/27/208992/imp46251260","https://www.img.imali.biz/Im_mini_1/000005/6138_208992_CXmkt4CR2AA.jpg","A nice house for rent at REBERO.","O","Tue, 14 May 2024 21:42:54","Houses for rent","Kicukiro","RWF 700,000"
"https://imali.biz/isaziso/houses-for-rent/27/208989/imp43897107","https://www.img.imali.biz/Im_mini_1/000007/10124_208989_CAB0LpxIDx1.jpg","Kibagabaga house for rent 800$","O","Tue, 14 May 2024 21:49:38","Houses for rent","Gasabo","$ 800"
"https://imali.biz/isaziso/houses-for-rent/27/208820/imp13016420","https://www.img.imali.biz/Im_mini_1/000008/9762_208820_7w51iBBHMhh.jpg","Kanombe beautiful house for rent 600k","O","Mon, 13 May 2024 19:19:57","Houses for rent","Kicukiro","RWF 600,000"
"https://imali.biz/isaziso/houses-for-rent/27/208819/imp21518823","https://www.img.imali.biz/Im_mini_1/000005/9762_208819_BdoYYP2HU5I.jpg","Kicukiro niboyi house for rent 1500$","O","Mon, 13 May 2024 19:19:55","Houses for rent","Kicukiro","RWF 1,500"
"https://imali.biz/isaziso/houses-for-rent/27/208818/imp51816216","https://www.img.imali.biz/Im_mini_1/000000/9762_208818_pILSTK1wADq.jpg","Kicukiro kagarama house for rent 700k","O","Mon, 13 May 2024 19:19:54","Houses for rent","Kicukiro","RWF 700,000"
"https://imali.biz/isaziso/houses-for-rent/27/208817/imp58416531","https://www.img.imali.biz/Im_mini_1/000001/9762_208817_lFKKT5Ejmj9.jpg","Kanombe beautiful house for rent 500k","O","Mon, 13 May 2024 19:19:57","Houses for rent","Kicukiro","RWF 500,000"
"https://imali.biz/isaziso/houses-for-rent/27/208816/imp57154854","https://www.img.imali.biz/Im_mini_1/000004/9762_208816_QGEdViVEifB.jpg","Kicukiro kagarama house for rent 600k","O","Mon, 13 May 2024 19:20:00","Houses for rent","Kicukiro","RWF 600,000"
"https://imali.biz/isaziso/houses-for-rent/27/208682/imp29804462","https://www.img.imali.biz/Im_mini_1/000004/7493_208682_vJbHK8YFhg5.jpg","Inzu nziza ikodeshwa","O","Sun, 12 May 2024 9:56:37","Houses for rent","Kicukiro","RWF 300,000"
"https://imali.biz/isaziso/houses-for-rent/27/208681/imp20603004","https://www.img.imali.biz/Im_mini_1/000003/7493_208681_LAdC5iE7JFk.jpg","Inzu nziza ikodeshwa","O","Sun, 12 May 2024 9:56:37","Houses for rent","Kicukiro","RWF 300,000"
"https://imali.biz/isaziso/houses-for-rent/27/208622/imp16144717","https://www.img.imali.biz/Im_mini_1/000008/6138_208622_A6Zi1XGmfOW.jpg","KACYIRU beautiful full-furnished home for rent.","O","Fri, 10 May 2024 19:23:10","Houses for rent","Gasabo","RWF 800"
"https://imali.biz/isaziso/houses-for-rent/27/208586/imp10726163","https://www.img.imali.biz/Im_mini_1/000004/10124_208586_FPlQEu53Qp3.jpg","Kimironko house for rent 450k","O","Fri, 10 May 2024 20:48:41","Houses for rent","Gasabo","RWF 450,000"
"https://imali.biz/isaziso/houses-for-rent/27/208585/imp59905909","https://www.img.imali.biz/Im_mini_1/000009/10124_208585_1c6dbwAeP0R.jpg","Kimironko house for rent 450k","O","Sat, 11 May 2024 12:25:34","Houses for rent","Gasabo","RWF 450,000"
"https://imali.biz/isaziso/houses-for-rent/27/208394/imp25603701","https://www.img.imali.biz/Im_mini_1/000001/9675_208394_XXQV5eAEvWB.jpg","Kicukiro kanombe beautiful house for rent 600k","O","Wed, 08 May 2024 20:28:37","Houses for rent","Kicukiro","RWF 600,000"
"https://imali.biz/isaziso/houses-for-rent/27/208393/imp48087603","https://www.img.imali.biz/Im_mini_1/000003/8851_208393_ulgDekFeO6A.jpg","Nice house for rent at kanombe","O","Wed, 08 May 2024 22:38:50","Houses for rent","Kicukiro","RWF 400,000"
"https://imali.biz/isaziso/houses-for-rent/27/208392/imp8508752","https://www.img.imali.biz/Im_mini_1/000008/9675_208392_0GGSiKziXX2.jpg","Kicukiro kagarama house for rent 600k","O","Wed, 08 May 2024 20:43:23","Houses for rent","Kicukiro","RWF 600,000"
"https://imali.biz/isaziso/houses-for-rent/27/208387/imp1398316","https://www.img.imali.biz/Im_mini_1/000005/8852_208387_WbeeC4BrUWM.jpg","A Beautiful House for rent at Kacyiru","O","Wed, 08 May 2024 20:35:44","Houses for rent","Gasabo","RWF 1,200,000"
"https://imali.biz/isaziso/houses-for-rent/27/208212/imp54335534","https://www.img.imali.biz/Im_mini_1/000003/8851_208212_G6DIXvJWgxQ.jpg","Nice house for rent at kicukiro","O","Wed, 08 May 2024 19:55:44","Houses for rent","Kicukiro","RWF 700,000"
"https://imali.biz/isaziso/houses-for-rent/27/208193/imp50587439","https://www.img.imali.biz/Im_mini_1/000004/8318_208193_h2QR7MDAii9.jpg","NYAMIRAMBO HOUSE FOR RENT 300,000FRW","O","Mon, 06 May 2024 19:56:11","Houses for rent","Nyarugenge","RWF 300,000"
"https://imali.biz/isaziso/houses-for-rent/27/208136/imp58754054","https://www.img.imali.biz/Im_mini_1/000005/8318_208136_AZVDJyPWncP.jpg","MUMIDUHA HOUSE FOR RENT 120000","O","Mon, 06 May 2024 10:33:18","Houses for rent","Nyarugenge","RWF 120,000"
"https://imali.biz/isaziso/houses-for-rent/27/208011/imp1532593","https://www.img.imali.biz/Im_mini_1/000004/8851_208011_71cK5KysF0g.jpg","Nice house for rent at kicukiro kagarama","O","Mon, 06 May 2024 8:25:51","Houses for rent","Kicukiro","RWF 500,000"
"https://imali.biz/isaziso/houses-for-rent/27/208010/imp5626478","https://www.img.imali.biz/Im_mini_1/000000/8851_208010_Tg7bjo8LOW1.jpg","Nice house for rent at kicukiro kagarama","O","Mon, 06 May 2024 8:25:51","Houses for rent","Kicukiro","RWF 1,000,000"
"https://imali.biz/isaziso/houses-for-rent/27/207975/imp10337242","https://www.img.imali.biz/Im_mini_1/000002/8318_207975_0OT2AZ20n7Z.jpg","MUMIDUHA HOUSE FOR RENT","O","Sun, 05 May 2024 13:56:19","Houses for rent","Nyarugenge","RWF 120,000"
"https://imali.biz/isaziso/houses-for-rent/27/207974/imp30048702","https://www.img.imali.biz/Im_mini_1/000006/8318_207974_d3vNp2ExuoS.jpg","NYAMIRAMBO FURNISHED HOUSE FOR RENT 200,000FRW","O","Sun, 05 May 2024 14:03:40","Houses for rent","Nyarugenge","RWF 200,000"
"https://imali.biz/isaziso/houses-for-rent/27/207895/imp49133814","https://www.img.imali.biz/Im_mini_1/000000/8851_207895_g9UwOCvWKAY.jpg","Nice house for rent at kicukiro niboye","O","Thu, 02 May 2024 20:45:09","Houses for rent","Kicukiro","RWF 500,000"
"https://imali.biz/isaziso/apartment-for-rent/91/207849/imp20343600","https://www.img.imali.biz/Im_mini_1/000006/10124_207849_0OaoNRPpdac.jpg","Kibagabaga apartment for rent 1500$","O","Wed, 01 May 2024 8:45:44","Apartment for rent","Gasabo","$ 1,500"
"https://imali.biz/isaziso/houses-for-rent/27/207848/imp43026230","https://www.img.imali.biz/Im_mini_1/000005/10124_207848_quiyOextmcH.jpg","Kibagabaga house for rent 800$","O","Wed, 01 May 2024 8:45:47","Houses for rent","Gasabo","RWF 1,000,000"
"https://imali.biz/isaziso/houses-for-rent/27/207833/imp52123027","https://www.img.imali.biz/Im_mini_1/000009/8575_207833_MertN4CVgXp.jpg","House for Rent at kimironko","O","Wed, 01 May 2024 8:47:44","Houses for rent","Gasabo","RWF 300,000"
"https://imali.biz/isaziso/houses-for-rent/27/207830/imp26524925","https://www.img.imali.biz/Im_mini_1/000004/8575_207830_z55lYchMqqa.jpg","House for Rent at kimironko","O","Wed, 01 May 2024 8:47:38","Houses for rent","Gasabo","RWF 250,000"
"https://imali.biz/isaziso/houses-for-rent/27/207822/imp26980282","https://www.img.imali.biz/Im_mini_1/000004/9562_207822_1Z1rh51NWIT.jpg","Iyinzu irakodeshwa kibagabaga","O","Tue, 30 Apr 2024 9:46:20","Houses for rent","Gasabo","RWF 300"
"https://imali.biz/isaziso/houses-for-rent/27/207811/imp32590947","https://www.img.imali.biz/Im_mini_1/000002/10124_207811_OspaYD5t2X7.jpg","Kimironko house for rent 500k","O","Mon, 29 Apr 2024 19:19:37","Houses for rent","Gasabo","RWF 500,000"
"https://imali.biz/isaziso/houses-for-rent/27/207800/imp38717158","https://www.img.imali.biz/Im_mini_1/000001/8851_207800_5HG8x76lc0G.jpg","Nice house for rent at kicukiro kagarama","O","Mon, 29 Apr 2024 11:12:41","Houses for rent","Kicukiro","RWF 250,000"
"https://imali.biz/isaziso/houses-for-rent/27/207785/imp15465837","https://www.img.imali.biz/Im_mini_1/000009/8851_207785_xSKWm6Fiafq.jpg","Nice house for rent at kanombe","O","Mon, 29 Apr 2024 11:05:31","Houses for rent","Kicukiro","RWF 300,000"
"https://imali.biz/isaziso/houses-for-rent/27/207725/imp51449384","https://www.img.imali.biz/Im_mini_1/000006/9966_207725_69mPfFaN8rd.jpg","Nice house for rent","O","Mon, 29 Apr 2024 1:16:47","Houses for rent","Gasabo","$ 4,000"
"https://imali.biz/isaziso/plot-for-rent/57/207687/imp5464355","https://www.img.imali.biz/Im_mini_1/000009/9218_207687_jAR7m8YbRIo.jpg","plot for sale kicukiro cantre","O","Sun, 28 Apr 2024 8:13:16","Plot for rent","Kicukiro","RWF 200,000,000"
"https://imali.biz/isaziso/plot-for-rent/57/207685/imp26666429","https://www.img.imali.biz/Im_mini_1/000004/9218_207685_sYLqZRAyY5v.jpg","plot for sale kicukiro cantre","O","Sun, 28 Apr 2024 8:13:16","Plot for rent","Kicukiro","RWF 200,000,000"
"https://imali.biz/isaziso/houses-for-rent/27/207650/imp6698682","https://www.img.imali.biz/Im_mini_1/000000/10058_207650_pRiPE02tu1V.jpg","Inozu irakodeshwa iherereye Kimironko kibagabaga","O","Sun, 28 Apr 2024 22:01:58","Houses for rent","Gasabo","RWF 800,000"
"https://imali.biz/isaziso/houses-for-rent/27/207649/imp37079856","https://www.img.imali.biz/Im_mini_1/000007/10058_207649_0CyIWhXyBkQ.jpg","Inozu irakodeshwa iherereye Kimironko kibagabaga","O","Sun, 28 Apr 2024 21:53:02","Houses for rent","Gasabo","RWF 500,000"
"https://imali.biz/isaziso/houses-for-rent/27/207648/imp13704403","https://www.img.imali.biz/Im_mini_1/000004/10058_207648_eO3TBNYbvtU.jpg","Inozu irakodeshwa iherereye Kicukiro nyaza gatenga","O","Sun, 28 Apr 2024 21:53:10","Houses for rent","Kicukiro","RWF 400,000"
"https://imali.biz/isaziso/houses-for-rent/27/207647/imp17671906","https://www.img.imali.biz/Im_mini_1/000006/10058_207647_93T40RmNQTc.jpg","Inozu irakodeshwa iherereye Kimironko kibagabaga","O","Sun, 28 Apr 2024 22:01:58","Houses for rent","Gasabo","RWF 700,000"
"https://imali.biz/isaziso/houses-for-rent/27/207600/imp34455650","https://www.img.imali.biz/Im_mini_1/000007/10058_207600_kwuQzMhGY1h.jpg","Inozu irakodeshwa iherereye Kimironko kibagabaga","O","Fri, 26 Apr 2024 19:14:26","Houses for rent","Gasabo","RWF 800,000"
"https://imali.biz/isaziso/houses-for-rent/27/207599/imp39952719","https://www.img.imali.biz/Im_mini_1/000004/10058_207599_i2WxUeuArAw.jpg","Inozu irakodeshwa iherereye Kimironko kibagabaga","O","Thu, 25 Apr 2024 18:33:53","Houses for rent","Gasabo","RWF 500,000"
"https://imali.biz/isaziso/houses-for-rent/27/207591/imp16442819","https://www.img.imali.biz/Im_mini_1/000001/10031_207591_5GKlUBahD7B.jpg","Kibagabaga ahantu heza","O","Thu, 25 Apr 2024 18:33:02","Houses for rent","Gasabo","RWF 800,000"
"https://imali.biz/isaziso/houses-for-rent/27/207590/imp52496361","https://www.img.imali.biz/Im_mini_1/000003/10031_207590_TDdE41OlyHM.jpg","Kibagabaga munsi yurwibutso","O","Thu, 25 Apr 2024 18:33:00","Houses for rent","Gasabo","RWF 800,000"
"https://imali.biz/isaziso/houses-for-rent/27/207554/imp51915112","https://www.img.imali.biz/Im_mini_1/000003/10031_207554_Mz1hHd4iSfh.jpg","Kimironko munsi yagereza","O","Tue, 23 Apr 2024 9:08:33","Houses for rent","Gasabo","RWF 350,000"
"https://imali.biz/isaziso/houses-for-rent/27/207547/imp23526768","https://www.img.imali.biz/Im_mini_1/000006/10031_207547_8h3b1lnSyCb.jpg","Kibagabaga ahantu heza","O","Tue, 23 Apr 2024 9:16:13","Houses for rent","Gasabo","$ 1,000"
"https://imali.biz/isaziso/houses-for-rent/27/207541/imp59462115","https://www.img.imali.biz/Im_mini_1/000002/9966_207541_mcdhpx3QAD7.jpg","Nice house for rent","O","Mon, 22 Apr 2024 10:07:46","Houses for rent","Gasabo","$ 1,200"
"https://imali.biz/isaziso/houses-for-rent/27/207448/imp46498433","https://www.img.imali.biz/Im_mini_1/000003/10031_207448_vP8oOZGd1QD.jpg","Kimironko","O","Mon, 22 Apr 2024 6:46:46","Houses for rent","Gasabo","RWF 350,000"
"https://imali.biz/isaziso/houses-for-rent/27/207447/imp0376355","https://www.img.imali.biz/Im_mini_1/000000/10031_207447_wjPywJ6KGQB.jpg","Kimironko munsi yagereza","O","Mon, 22 Apr 2024 6:39:12","Houses for rent","Gasabo","RWF 400,000"
"https://imali.biz/isaziso/houses-for-rent/27/207423/imp49651044","https://www.img.imali.biz/Im_mini_1/000004/10058_207423_fGgNG317fEL.jpg","Inozu iragurishwa iherereye kimironko kibagabaga","O","Sat, 20 Apr 2024 12:42:45","Houses for rent","Gasabo","RWF 600,000"
"https://imali.biz/isaziso/houses-for-rent/27/207422/imp36106623","https://www.img.imali.biz/Im_mini_1/000002/10058_207422_G2ghsR1nHCj.jpg","Inozu iragurishwa iherereye kimironko kibagabaga","O","Sun, 21 Apr 2024 11:29:48","Houses for rent","Gasabo","RWF 500,000"
"https://imali.biz/isaziso/houses-for-rent/27/207416/imp37609967","https://www.img.imali.biz/Im_mini_1/000004/7724_207416_9jhn930ynty.jpg","Kicukiro kagarama house for rent 700k","O","Sat, 20 Apr 2024 13:02:39","Houses for rent","Kicukiro","RWF 700,000"
"https://imali.biz/isaziso/houses-for-rent/27/207415/imp14561177","https://www.img.imali.biz/Im_mini_1/000000/7724_207415_HddlY5rdK5g.jpg","Kicukiro kagarama house for rent 700k","O","Sat, 20 Apr 2024 12:55:21","Houses for rent","Kicukiro","RWF 700,000"
"https://imali.biz/isaziso/houses-for-rent/27/207414/imp9177878","https://www.img.imali.biz/Im_mini_1/000001/9762_207414_jP6ATZDjv8J.jpg","Kicukiro kagarama house for rent 600k","O","Sun, 21 Apr 2024 11:46:29","Houses for rent","Kicukiro","RWF 600,000"
"https://imali.biz/isaziso/houses-for-rent/27/207413/imp33686511","https://www.img.imali.biz/Im_mini_1/000006/9762_207413_jYiS5mM9Dmd.jpg","Kicukiro kagarama house for rent 500k","O","Sat, 20 Apr 2024 13:25:42","Houses for rent","Kicukiro","RWF 500,000"
"https://imali.biz/isaziso/houses-for-rent/27/207401/imp37489715","https://www.img.imali.biz/Im_mini_1/000004/8575_207401_rvj9jZ2VW4r.jpg","Kibagabaga House for Rent","O","Sat, 20 Apr 2024 13:25:42","Houses for rent","Gasabo","RWF 500,000"
"https://imali.biz/isaziso/houses-for-rent/27/207380/imp49180169","https://www.img.imali.biz/Im_mini_1/000004/8851_207380_YkD1RP4GmLx.jpg","Nice house for rent at kanombe","O","Fri, 19 Apr 2024 9:10:13","Houses for rent","Kicukiro","RWF 800,000"
"https://imali.biz/isaziso/houses-for-rent/27/207376/imp39185190","https://www.img.imali.biz/Im_mini_1/000004/8851_207376_U3vJNrSfP1d.jpg","Nice house for rent at kicukiro kagarama","O","Fri, 19 Apr 2024 9:10:13","Houses for rent","Kicukiro","RWF 350,000"
"https://imali.biz/isaziso/houses-for-rent/27/207367/imp32236033","https://www.img.imali.biz/Im_mini_1/000005/10058_207367_gNfFZ9CDuSw.jpg","Inozu irakodeshwa iherereye Kimironko Kibagabaga","O","Fri, 19 Apr 2024 9:59:24","Houses for rent","Gasabo","RWF 700,000"
"https://imali.biz/isaziso/houses-for-rent/27/207365/imp33350569","https://www.img.imali.biz/Im_mini_1/000002/10058_207365_fvFEd5NEZ3M.jpg","Inozu irakodeshwa iherereye Kimironko Kibagabaga","O","Fri, 19 Apr 2024 10:18:39","Houses for rent","Gasabo","RWF 500,000"
"https://imali.biz/isaziso/houses-for-rent/27/207364/imp29671470","https://www.img.imali.biz/Im_mini_1/000003/10058_207364_RkvjBciRdBA.jpg","Inozu iragurishwa iherereye kimironko kibagabaga","O","Fri, 19 Apr 2024 10:18:33","Houses for rent","Gasabo","RWF 600,000"
"https://imali.biz/isaziso/houses-for-rent/27/207363/imp56011730","https://www.img.imali.biz/Im_mini_1/000002/10058_207363_hTA2c9x0MNa.jpg","Inozu irakodeshwa iherereye Kicukiro nyaza gatenga","O","Fri, 19 Apr 2024 10:18:39","Houses for rent","Kicukiro","RWF 400,000"
"https://imali.biz/isaziso/houses-for-rent/27/207362/imp15197019","https://www.img.imali.biz/Im_mini_1/000002/10058_207362_KUhCkeFMZcE.jpg","Inozu irakodeshwa iherereye Kimironko Kibagabaga","O","Fri, 19 Apr 2024 10:10:15","Houses for rent","Gasabo","RWF 600,000"
"https://imali.biz/isaziso/houses-for-rent/27/207335/imp20525095","https://www.img.imali.biz/Im_mini_1/000001/9675_207335_YOqFGnehsOv.jpg","Kicukiro kagarama house for rent 500k","O","Wed, 17 Apr 2024 12:47:35","Houses for rent","Kicukiro","RWF 500,000"
"https://imali.biz/isaziso/houses-for-rent/27/207334/imp20074507","https://www.img.imali.biz/Im_mini_1/000008/9675_207334_YuRb0UyuvRl.jpg","Kicukiro kagarama house for rent 500k","O","Wed, 17 Apr 2024 15:12:57","Houses for rent","Kicukiro","RWF 500,000"
"https://imali.biz/isaziso/houses-for-rent/27/207328/imp47291388","https://www.img.imali.biz/Im_mini_1/000006/10197_207328_qofMO1d8F42.jpg","MASAKA HOUSE FOR RENT #300K","O","Wed, 17 Apr 2024 9:06:18","Houses for rent","Kicukiro","RWF 300,000"
"https://imali.biz/isaziso/houses-for-rent/27/207276/imp10384526","https://www.img.imali.biz/Im_mini_1/000009/10031_207276_hpiU6gSXmty.jpg","Kimironko kibagabaga","O","Wed, 17 Apr 2024 10:29:24","Houses for rent","Gasabo","RWF 700,000"
"https://imali.biz/isaziso/houses-for-rent/27/207271/imp41861866","https://www.img.imali.biz/Im_mini_1/000009/10031_207271_JzkuWj0fza1.jpg","Kimironko kibagabaga","O","Wed, 17 Apr 2024 10:29:24","Houses for rent","Gasabo","RWF 350,000"
"https://imali.biz/isaziso/houses-for-rent/27/207267/imp44965174","https://www.img.imali.biz/Im_mini_1/000004/10031_207267_3qNOcsgnZiA.jpg","Kimironko kibagabaga","O","Wed, 17 Apr 2024 10:29:21","Houses for rent","Gasabo","RWF 300,000"
"https://imali.biz/isaziso/houses-for-rent/27/207054/imp57489126","https://www.img.imali.biz/Im_mini_1/000001/10197_207054_daSAGgmneJs.jpg","MASAKA HOUSE FOR RENT #300K","O","Thu, 18 Apr 2024 14:28:47","Houses for rent","Kicukiro","RWF 300,000"
"https://imali.biz/isaziso/apartment-for-rent/91/206985/imp1113250","https://www.img.imali.biz/Im_mini_1/000003/10092_206985_nsIXjuz2OND.jpg","apartment for rent in kicukiro for $100","P","Sat, 13 Apr 2024 19:09:23","Apartment for rent","Kicukiro","$ 100"
"https://imali.biz/isaziso/houses-for-rent/27/206670/imp51120112","https://www.img.imali.biz/Im_mini_1/000009/7493_206670_mq9uo81azMF.jpg","Inzu nziza ikodeshwa","O","Wed, 10 Apr 2024 13:58:37","Houses for rent","Kicukiro","RWF 400,000"
"https://imali.biz/isaziso/houses-for-rent/27/206627/imp19293445","https://www.img.imali.biz/Im_mini_1/000003/10058_206627_x2BRIvVEFUZ.jpg","Inozu irakodeshwa iherereye Kicukiro nyaza gatenga","O","Wed, 10 Apr 2024 13:42:21","Houses for rent","Kicukiro","RWF 400,000"
"https://imali.biz/isaziso/houses-for-rent/27/206626/imp15807451","https://www.img.imali.biz/Im_mini_1/000003/10058_206626_TSlRp2kTGkW.jpg","Inozu irakodeshwa iherereye Kimironko kibagabaga","O","Wed, 10 Apr 2024 13:42:21","Houses for rent","Gasabo","RWF 700,000"
"https://imali.biz/isaziso/houses-for-rent/27/206616/imp58523968","https://www.img.imali.biz/Im_mini_1/000005/10031_206616_z5RkQ6l9dt9.jpg","Kimironko","O","Tue, 09 Apr 2024 9:42:19","Houses for rent","Gasabo","RWF 300,000"
"https://imali.biz/isaziso/houses-for-rent/27/206615/imp3146911","https://www.img.imali.biz/Im_mini_1/000001/7724_206615_SlD5QIQ6UYi.jpg","Kimironko zindiro house for rent 600k","O","Tue, 09 Apr 2024 9:39:17","Houses for rent","Gasabo","RWF 600,000"
"https://imali.biz/isaziso/houses-for-rent/27/206613/imp2353601","https://www.img.imali.biz/Im_mini_1/000006/10031_206613_UGgbnxRexez.jpg","Kimironko","O","Tue, 09 Apr 2024 9:39:27","Houses for rent","Gasabo","RWF 500,000"
"https://imali.biz/isaziso/houses-for-rent/27/206498/imp48263408","https://www.img.imali.biz/Im_mini_1/000006/9966_206498_fDm2VXnXsez.jpg","Inzu nziza ikodeshwa","O","Tue, 09 Apr 2024 11:39:23","Houses for rent","Gasabo","RWF 500,000"
"https://imali.biz/isaziso/houses-for-rent/27/206363/imp18121301","https://www.img.imali.biz/Im_mini_1/000001/10058_206363_G0Gi9Of3oRg.jpg","Inozu irakodeshwa iherereye Kicukiro nyaza gatenga","O","Sun, 07 Apr 2024 10:46:14","Houses for rent","Kicukiro","RWF 40,000,000"
"https://imali.biz/isaziso/apartment-for-rent/91/206333/imp23245451","https://www.img.imali.biz/Im_mini_1/000005/10031_206333_NxvHw7Db3SB.jpg","Kimironko bibare","O","Sun, 07 Apr 2024 12:14:25","Apartment for rent","Gasabo","$ 400"
"https://imali.biz/isaziso/houses-for-rent/27/206331/imp21962213","https://www.img.imali.biz/Im_mini_1/000002/10031_206331_HRYh6brL3vR.jpg","Kibagabaga hafi nibitaro","O","Sun, 07 Apr 2024 11:16:40","Houses for rent","Gasabo","$ 750"
"https://imali.biz/isaziso/houses-for-rent/27/206282/imp5183699","https://www.img.imali.biz/Im_mini_1/000002/9453_206282_KZclLMsq3Pm.jpg","Luxury Two Twin Houses with a modern studio Rent","P","Sun, 07 Apr 2024 17:05:58","Houses for rent","Kicukiro","$ 1,000"
"https://imali.biz/isaziso/houses-for-rent/27/206270/imp13151673","https://www.img.imali.biz/Im_mini_1/000009/9762_206270_DrySb4Rj4XH.jpg","Kanombe house for rent 500k","O","Fri, 05 Apr 2024 12:10:23","Houses for rent","Kicukiro","RWF 500,000"
"https://imali.biz/isaziso/houses-for-rent/27/206269/imp4027483","https://www.img.imali.biz/Im_mini_1/000001/9762_206269_4ma5d0jNci5.jpg","Kanombe house for rent 500k","O","Fri, 05 Apr 2024 12:10:23","Houses for rent","Kicukiro","RWF 500,000"
"https://imali.biz/isaziso/houses-for-rent/27/206268/imp22686820","https://www.img.imali.biz/Im_mini_1/000004/9762_206268_ErjtxwwFPld.jpg","Kanombe house for rent 500k","O","Fri, 05 Apr 2024 12:10:49","Houses for rent","Kicukiro","RWF 500,000"
"https://imali.biz/isaziso/plot-for-rent/57/206266/imp30168567","https://www.img.imali.biz/Im_mini_1/000004/9218_206266_S8eajbf24eY.jpg","plot for sale kagaram","O","Fri, 05 Apr 2024 9:57:30","Plot for rent","Kicukiro","RWF 25,000,000"
"https://imali.biz/isaziso/houses-for-rent/27/206265/imp27183805","https://www.img.imali.biz/Im_mini_1/000001/9762_206265_N6IewghuHBQ.jpg","Kanombe house for rent 500k","O","Fri, 05 Apr 2024 10:04:46","Houses for rent","Kicukiro","RWF 500,000"
"https://imali.biz/isaziso/houses-for-rent/27/206260/imp31414833","https://www.img.imali.biz/Im_mini_1/000001/9762_206260_pNTsET014bv.jpg","Kicukiro kagarama house for rent 600k","O","Fri, 05 Apr 2024 10:04:47","Houses for rent","Kicukiro","RWF 600,000"
"https://imali.biz/isaziso/houses-for-rent/27/206257/imp42736440","https://www.img.imali.biz/Im_mini_1/000003/9762_206257_PTRBatW17vs.jpg","Kicukiro kagarama house for rent 600k","O","Fri, 05 Apr 2024 10:20:40","Houses for rent","Kicukiro","RWF 600,000"
"https://imali.biz/isaziso/houses-for-rent/27/206255/imp7796337","https://www.img.imali.biz/Im_mini_1/000008/9762_206255_QbUGX4wqpI8.jpg","Kicukiro niboyi house for rent 800k","O","Fri, 05 Apr 2024 10:27:56","Houses for rent","Kicukiro","RWF 800,000"
"https://imali.biz/isaziso/houses-for-rent/27/206254/imp24285021","https://www.img.imali.biz/Im_mini_1/000006/9762_206254_RdiK0bXjAxH.jpg","Kicukiro niboye house for rent 800k","O","Fri, 05 Apr 2024 10:20:22","Houses for rent","Kicukiro","RWF 800,000"
"https://imali.biz/isaziso/houses-for-rent/27/206111/imp11693613","https://www.img.imali.biz/Im_mini_1/000006/10058_206111_MMCdTmUtYzh.jpg","Inozu irakodeshwa iherereye Kicukiro nyaza gatenga","O","Fri, 05 Apr 2024 12:39:27","Houses for rent","Kicukiro","RWF 400,000"
"https://imali.biz/isaziso/houses-for-rent/27/206110/imp28575002","https://www.img.imali.biz/Im_mini_1/000007/10197_206110_Tk6ahRpCFxH.jpg","KIBAGABAGA HOUSE FOR RENT @400K","O","Thu, 04 Apr 2024 9:05:01","Houses for rent","Gasabo","RWF 400,000"
"https://imali.biz/isaziso/houses-for-rent/27/206061/imp53047448","https://www.img.imali.biz/Im_mini_1/000003/9153_206061_n8CYYnuBG9j.jpg","Inzu ikodeshwa","O","Thu, 04 Apr 2024 9:31:33","Houses for rent","Kicukiro","RWF 1,200"
"https://imali.biz/isaziso/houses-for-rent/27/206041/imp11325855","https://www.img.imali.biz/Im_mini_1/000001/10031_206041_X2RPZxA3nZ3.jpg","Kibagabaga kimironko","O","Wed, 03 Apr 2024 10:16:39","Houses for rent","Gasabo","$ 4,000"
"https://imali.biz/isaziso/houses-for-rent/27/206017/imp53239761","https://www.img.imali.biz/Im_mini_1/000007/10031_206017_4nv8lyLIkgJ.jpg","Kimironko kibagabaga","O","Wed, 03 Apr 2024 8:59:31","Houses for rent","Gasabo","RWF 700,000"
"https://imali.biz/isaziso/houses-for-rent/27/206013/imp57451777","https://www.img.imali.biz/Im_mini_1/000002/10031_206013_m1OuvEQsWVH.jpg","Kimironko zindiro","O","Wed, 03 Apr 2024 9:06:09","Houses for rent","Gasabo","RWF 250,000"
"https://imali.biz/isaziso/houses-for-rent/27/206009/imp16237181","https://www.img.imali.biz/Im_mini_1/000003/10031_206009_N13i5wBpinL.jpg","Kimironko kwamushimire","O","Wed, 03 Apr 2024 9:06:21","Houses for rent","Gasabo","RWF 300,000"
"https://imali.biz/isaziso/houses-for-rent/27/206003/imp54525340","https://www.img.imali.biz/Im_mini_1/000005/10031_206003_s5cUugWVrKc.jpg","Kimironko kwamushimire","O","Wed, 03 Apr 2024 9:07:15","Houses for rent","Gasabo","RWF 350,000"
"https://imali.biz/isaziso/other-property/29/205776/imp58691210","https://www.img.imali.biz/Im_mini_1/000008/1513_205776_oFDN1L3aabc.jpg","GYPSUM /ZIKORA PRAFOND Y'INZU NEZA","O","Mon, 01 Apr 2024 15:54:59","Other property","Gasabo","RWF 10,000"
"https://imali.biz/isaziso/houses-for-rent/27/205704/imp35599920","https://www.img.imali.biz/Im_mini_1/000002/10031_205704_VRDVdgCdaTg.jpg","Kimironko","O","Mon, 01 Apr 2024 10:12:47","Houses for rent","Gasabo","RWF 500,000"
"https://imali.biz/isaziso/houses-for-rent/27/205700/imp33806589","https://www.img.imali.biz/Im_mini_1/000004/7724_205700_oXViIU6fLuG.jpg","Kicukiro rebero house for rent","O","Mon, 01 Apr 2024 10:12:48","Houses for rent","Kicukiro","RWF 1,000,000"
"https://imali.biz/isaziso/houses-for-rent/27/205676/imp2237288","https://www.img.imali.biz/Im_mini_1/000009/10031_205676_3X5kc0FlW1m.jpg","Kimironko","O","Mon, 01 Apr 2024 15:55:05","Houses for rent","Gasabo","RWF 500,000"
"https://imali.biz/isaziso/houses-for-rent/27/205672/imp48224446","https://www.img.imali.biz/Im_mini_1/000001/10031_205672_k1HAX1vti6u.jpg","Kimironko zindiro","O","Sat, 30 Mar 2024 9:20:52","Houses for rent","Gasabo","RWF 200,000"
"https://imali.biz/isaziso/houses-for-rent/27/205671/imp53176027","https://www.img.imali.biz/Im_mini_1/000000/10031_205671_woQOVeDjPN5.jpg","Kimironko kwamushimire","O","Sat, 30 Mar 2024 9:20:52","Houses for rent","Gasabo","RWF 300,000"
"https://imali.biz/isaziso/houses-for-rent/27/205492/imp21351369","https://www.img.imali.biz/Im_mini_1/000000/10058_205492_UU3tsLLw7Wg.jpg","Inozu iragurishwa iherereye Kicukiro nyaza gateng","O","Thu, 28 Mar 2024 13:23:20","Houses for rent","Kicukiro","RWF 400,000"
"https://imali.biz/isaziso/office/95/205478/imp29285550","https://www.img.imali.biz/Im_mini_1/000002/926_205478_5JZZPdCOo1H.jpg","UNFURNISHED HOUSE FOR RENT IN KIYOVU","O","Thu, 28 Mar 2024 13:23:02","Office","Nyarugenge","$ 2,000"
"https://imali.biz/isaziso/houses-for-rent/27/205364/imp59104032","https://www.img.imali.biz/Im_mini_1/000006/8318_205364_sh6hEZTMKdw.jpg","NYAMIRAMBO HOUSE FOR RENT 150,000FRW","O","Fri, 29 Mar 2024 12:37:44","Houses for rent","Nyarugenge","RWF 150,000"
"https://imali.biz/isaziso/houses-for-rent/27/205363/imp19912690","https://www.img.imali.biz/Im_mini_1/000009/8318_205363_oaQZm3mkZhW.jpg","NYAMIRAMBO HOUSE FOR RENT 250,000FRW","O","Fri, 29 Mar 2024 12:12:30","Houses for rent","Nyarugenge","RWF 250,000"
"https://imali.biz/isaziso/houses-for-rent/27/205362/imp41459920","https://www.img.imali.biz/Im_mini_1/000008/10058_205362_IT59TKdXPCN.jpg","Inozu irakodeshwa iherereye Kicukiro gatega","O","Fri, 29 Mar 2024 12:37:24","Houses for rent","Kicukiro","RWF 400,000"
"https://imali.biz/isaziso/warehouse/98/205178/imp4148907","https://www.img.imali.biz/Im_mini_1/000007/926_205178_RJ5pPkM3ZBN.jpg","Warehouses for rent/Depo zikodeshwa I Gikondo& Ma","O","Fri, 29 Mar 2024 12:47:40","Warehouse","Gasabo","$ 6"
"https://imali.biz/isaziso/houses-for-rent/27/205174/imp57151578","https://www.img.imali.biz/Im_mini_1/000005/8575_205174_lviSDzdA0Lg.jpg","House for Rent at Kicukiro","O","Tue, 26 Mar 2024 19:04:49","Houses for rent","Kicukiro","RWF 1,000,000"
"https://imali.biz/isaziso/houses-for-rent/27/205172/imp7856375","https://www.img.imali.biz/Im_mini_1/000007/8575_205172_7zapKB36jBC.jpg","House for Rent at Kicukiro","O","Tue, 26 Mar 2024 5:15:35","Houses for rent","Kicukiro","RWF 1,000,000"
"https://imali.biz/isaziso/houses-for-rent/27/205166/imp41289464","https://www.img.imali.biz/Im_mini_1/000004/10031_205166_8u0HRHZyHxY.jpg","Ikinyinya kwanyamvumba","O","Mon, 25 Mar 2024 10:43:00","Houses for rent","Gasabo","RWF 350,000"
"https://imali.biz/isaziso/houses-for-rent/27/205150/imp23386877","https://www.img.imali.biz/Im_mini_1/000004/6718_205150_b6MI6AuQ84O.jpg","HOUSE FOR  AT RENT AT KIMIRONKO ZINDIRO","O","Mon, 25 Mar 2024 8:46:48","Houses for rent","Gasabo","RWF 3,500,000"
"https://imali.biz/isaziso/houses-for-rent/27/205080/imp20350012","https://www.img.imali.biz/Im_mini_1/000000/10031_205080_kgGWYWsY4wb.jpg","Kibagabaga kimironko","O","Sun, 24 Mar 2024 13:35:16","Houses for rent","Gasabo","RWF 700,000"
"https://imali.biz/isaziso/houses-for-rent/27/205079/imp46803931","https://www.img.imali.biz/Im_mini_1/000004/10031_205079_C4qMDF7d72b.jpg","Kabeza kwisoko","O","Sun, 24 Mar 2024 13:35:17","Houses for rent","Kicukiro","RWF 500,000"
"https://imali.biz/isaziso/houses-for-rent/27/205078/imp51202331","https://www.img.imali.biz/Im_mini_1/000009/10031_205078_3AHTUUlCjbZ.jpg","Kabeza kwisoko","O","Sun, 24 Mar 2024 13:35:16","Houses for rent","Kicukiro","RWF 500,000"
"https://imali.biz/isaziso/houses-for-rent/27/205063/imp15715650","https://www.img.imali.biz/Im_mini_1/000006/10031_205063_WDMICcn2KAZ.jpg","Kimironko kwamushimire","O","Sat, 23 Mar 2024 15:21:53","Houses for rent","Gasabo","RWF 400,000"
"https://imali.biz/isaziso/houses-for-rent/27/205061/imp32695525","https://www.img.imali.biz/Im_mini_1/000009/10031_205061_QA5XRPE2P8E.jpg","Kigali parensi  kote yakanombe","O","Sat, 23 Mar 2024 15:28:15","Houses for rent","Kicukiro","RWF 350,000"
"https://imali.biz/isaziso/other-property/29/205059/imp59780238","https://www.img.imali.biz/Im_mini_1/000001/6345_205059_JduZ2mz456l.jpg","Furnished house for rent in Gacuriro near Simba Ce","O","Sat, 23 Mar 2024 12:13:03","Other property","Gasabo","$ 2,500"
"https://imali.biz/isaziso/houses-for-rent/27/205053/imp54299714","https://www.img.imali.biz/Im_mini_1/000003/10031_205053_OLhKxaxRSA6.jpg","Remera giporoso","O","Sat, 23 Mar 2024 12:17:10","Houses for rent","Kicukiro","RWF 450,000"
"https://imali.biz/isaziso/houses-for-rent/27/205005/imp2653032","https://www.img.imali.biz/Im_mini_1/000007/10197_205005_lvqmbW5N4NI.jpg","RUSORORO APARTMENT FOR RENT","O","Sat, 23 Mar 2024 13:03:51","Houses for rent","Gasabo","$ 1,000"
"https://imali.biz/isaziso/houses-for-rent/27/205004/imp44898913","https://www.img.imali.biz/Im_mini_1/000001/10197_205004_njixI2xUkaN.jpg","REMERA APARTMENT FOR RENT","O","Sat, 23 Mar 2024 14:11:02","Houses for rent","Gasabo","$ 1,200"
"https://imali.biz/isaziso/houses-for-rent/27/205003/imp33879812","https://www.img.imali.biz/Im_mini_1/000008/10197_205003_FwjZrSpczHW.jpg","NYARUTARAMA APARTMENT FOR SALE/RENT","O","Sat, 23 Mar 2024 14:11:07","Houses for rent","Gasabo","$ 2,000"
"https://imali.biz/isaziso/houses-for-rent/27/205002/imp40708788","https://www.img.imali.biz/Im_mini_1/000003/10197_205002_nXwoij4SLr2.jpg","KIMIRONKO HOUSE FOR RENT","O","Sat, 23 Mar 2024 14:10:55","Houses for rent","Gasabo","RWF 350,000"
"https://imali.biz/isaziso/houses-for-rent/27/205001/imp33643514","https://www.img.imali.biz/Im_mini_1/000008/10197_205001_1Cycj37SFHm.jpg","KICUKIRO APARTMENT FOR RENT","O","Sat, 23 Mar 2024 15:28:32","Houses for rent","Kicukiro","$ 1,500"
"https://imali.biz/isaziso/houses-for-rent/27/205000/imp14821777","https://www.img.imali.biz/Im_mini_1/000008/10197_205000_ICu6G0lUx7S.jpg","GACURIRO IN VISION CITY HOUSE FOR RNT","O","Sat, 23 Mar 2024 15:28:24","Houses for rent","Gasabo","$ 1,500"
"https://imali.biz/isaziso/houses-for-rent/27/204940/imp54891627","https://www.img.imali.biz/Im_mini_1/000000/8575_204940_catCOc6Ghxb.jpg","House for Rent at kimironko","O","Sat, 23 Mar 2024 12:45:36","Houses for rent","Gasabo","RWF 1,200,000"
"https://imali.biz/isaziso/houses-for-rent/27/204938/imp55548915","https://www.img.imali.biz/Im_mini_1/000009/8575_204938_1NN8lzBI8ig.jpg","House for Rent at kimironko","O","Sat, 23 Mar 2024 12:45:33","Houses for rent","Gasabo","RWF 700,000"
"https://imali.biz/isaziso/houses-for-rent/27/204785/imp38824272","https://www.img.imali.biz/Im_mini_1/000001/10031_204785_fyN2SNTcIt5.jpg","Kibagabaga kimironko","O","Fri, 22 Mar 2024 12:47:37","Houses for rent","Gasabo","RWF 700,000"
"https://imali.biz/isaziso/houses-for-rent/27/204784/imp17883095","https://www.img.imali.biz/Im_mini_1/000006/10031_204784_vYxNa1BSnA8.jpg","Kabeza hafi nisoko","O","Fri, 22 Mar 2024 12:47:38","Houses for rent","Kicukiro","RWF 250,000"
"https://imali.biz/isaziso/houses-for-rent/27/204701/imp4666948","https://www.img.imali.biz/Im_mini_1/000003/10031_204701_Gz2gHtnQZOk.jpg","Kigali parensi","O","Wed, 20 Mar 2024 15:19:12","Houses for rent","Gasabo","RWF 400,000"
"https://imali.biz/isaziso/houses-for-rent/27/204571/imp30541173","https://www.img.imali.biz/Im_mini_1/000006/9762_204571_sLIZKvItZ81.jpg","Kicukiro kagarama house for rent 700k","O","Tue, 19 Mar 2024 14:41:02","Houses for rent","Kicukiro","RWF 700,000"
"https://imali.biz/isaziso/houses-for-rent/27/204570/imp27606908","https://www.img.imali.biz/Im_mini_1/000001/9762_204570_vec5rzgvbWF.jpg","Kicukiro kagarama house for rent 700k","O","Tue, 19 Mar 2024 18:17:45","Houses for rent","Kicukiro","RWF 700,000"
"https://imali.biz/isaziso/houses-for-rent/27/204566/imp59001318","https://www.img.imali.biz/Im_mini_1/000000/9762_204566_6D31upNkglh.jpg","Kicukiro kagarama house for rent 700k","O","Tue, 19 Mar 2024 14:36:37","Houses for rent","Kicukiro","RWF 700,000"
"https://imali.biz/isaziso/houses-for-rent/27/204565/imp28188258","https://www.img.imali.biz/Im_mini_1/000006/9762_204565_w4Dfc6WXcuS.jpg","Kicukiro niboye house for rent 700k","O","Tue, 19 Mar 2024 13:24:04","Houses for rent","Kicukiro","RWF 700,000"
"https://imali.biz/isaziso/houses-for-rent/27/204564/imp53260629","https://www.img.imali.biz/Im_mini_1/000004/9762_204564_HzHWJcVaqpD.jpg","Kicukiro kagarama house for rent 600k","O","Tue, 19 Mar 2024 13:28:44","Houses for rent","Kicukiro","RWF 600,000"
"https://imali.biz/isaziso/houses-for-rent/27/204563/imp58209323","https://www.img.imali.biz/Im_mini_1/000001/9762_204563_eluiSiJzrfI.jpg","Kanombe beautiful house for rent 500k","O","Tue, 19 Mar 2024 13:28:59","Houses for rent","Kicukiro","RWF 500,000"
"https://imali.biz/isaziso/apartment-for-rent/91/204562/imp35381361","https://www.img.imali.biz/Im_mini_1/000009/10092_204562_pr4Fhbxm2Xq.jpg","fully furnished apartment for rent","P","Tue, 19 Mar 2024 13:28:46","Apartment for rent","Kicukiro","$ 3,000"
"https://imali.biz/isaziso/apartment-for-rent/91/204561/imp48628497","https://www.img.imali.biz/Im_mini_1/000000/6718_204561_PHUSJmutqAs.jpg","APARTIMENT FOR RENT AT GACURIRO VISION CITY","O","Tue, 19 Mar 2024 13:29:00","Apartment for rent","Gasabo","$ 1,500"
"https://imali.biz/isaziso/apartment-for-rent/91/204560/imp5412724","https://www.img.imali.biz/Im_mini_1/000001/6718_204560_M8mX8Fkk0xM.jpg","APARTIMENT FOR RENT AT REMERA GISHUSHU CITY","O","Tue, 19 Mar 2024 13:28:53","Apartment for rent","Gasabo","$ 1,200"
"https://imali.biz/isaziso/houses-for-rent/27/204544/imp12906867","https://www.img.imali.biz/Im_mini_1/000008/10031_204544_XDz5s023ps6.jpg","Kimironko zindiro house for rent","O","Tue, 19 Mar 2024 8:15:50","Houses for rent","Gasabo","RWF 300,000"
"https://imali.biz/isaziso/houses-for-rent/27/204542/imp25187969","https://www.img.imali.biz/Im_mini_1/000003/10031_204542_K9ICfbfSBpl.jpg","beautiful house for rent in kibagabaga-KIGALI","O","Tue, 19 Mar 2024 8:13:06","Houses for rent","Gasabo","RWF 700,000"
"https://imali.biz/isaziso/houses-for-rent/27/204419/imp6479433","https://www.img.imali.biz/Im_mini_1/000008/10161_204419_L2BgiVIS3GI.jpg","Unfurnished house for rent in kibagabaga","O","Mon, 18 Mar 2024 12:55:03","Houses for rent","Gasabo","$ 2,500"
"https://imali.biz/isaziso/houses-for-rent/27/204418/imp34055883","https://www.img.imali.biz/Im_mini_1/000009/10161_204418_aFuEqlssnoM.jpg","Unfurnished house for rent in kibagabaga","O","Tue, 19 Mar 2024 6:53:13","Houses for rent","Gasabo","$ 2,500"
"https://imali.biz/isaziso/houses-for-rent/27/204109/imp37583955","https://www.img.imali.biz/Im_mini_1/000002/6138_204109_YuQhUD2J8R7.jpg","A beautiful home for rent  at GIKONDO-REBERO","O","Sat, 16 Mar 2024 11:06:15","Houses for rent","Kicukiro","$ 800"
"https://imali.biz/isaziso/houses-for-rent/27/204041/imp54333018","https://www.img.imali.biz/Im_mini_1/000003/10031_204041_FJ9V6bYfR7c.jpg","Kimironko","O","Wed, 13 Mar 2024 13:45:37","Houses for rent","Gasabo","RWF 250,000"
"https://imali.biz/isaziso/houses-for-rent/27/203991/imp26166684","https://www.img.imali.biz/Im_mini_1/000008/10136_203991_vYHGruwDHNl.jpg","Inzu ikodeshwa mwizindiro kurikaburimbo","O","Wed, 13 Mar 2024 18:20:40","Houses for rent","Gasabo","RWF 600,000"
"https://imali.biz/isaziso/houses-for-rent/27/203871/imp8074599","https://www.img.imali.biz/Im_mini_1/000004/10031_203871_GLuGHpEAoLm.jpg","Kimironko zindiro","O","Tue, 12 Mar 2024 8:03:10","Houses for rent","Gasabo","RWF 300,000"
"https://imali.biz/isaziso/plot-for-rent/57/203809/imp47001829","https://www.img.imali.biz/Im_mini_1/000007/9905_203809_ueAHFJqTQIz.jpg","Ikibanza turikugurisha kimironko zindiro 30M","O","Tue, 12 Mar 2024 11:35:34","Plot for rent","Gasabo","RWF 30,000,000"
"https://imali.biz/isaziso/houses-for-rent/27/203797/imp13912088","https://www.img.imali.biz/Im_mini_1/000009/10031_203797_fijOiujllRN.jpg","Kimironko zindiro","O","Mon, 11 Mar 2024 12:30:51","Houses for rent","Gasabo","RWF 300,000"
"https://imali.biz/isaziso/houses-for-rent/27/203691/imp42770538","https://www.img.imali.biz/Im_mini_1/000008/10093_203691_JB7qcpaD2qL.jpg","Kibagabaga house for rent 1000$ negotiable","O","Mon, 11 Mar 2024 9:54:28","Houses for rent","Gasabo","RWF 1,000,000"
"https://imali.biz/isaziso/houses-for-rent/27/203690/imp30894821","https://www.img.imali.biz/Im_mini_1/000006/10093_203690_elY9gK0yybs.jpg","Kicukiro Kagarama beautiful house for rent 700k","O","Mon, 11 Mar 2024 9:54:32","Houses for rent","Kicukiro","RWF 700,000"
"https://imali.biz/isaziso/houses-for-rent/27/203661/imp57555071","https://www.img.imali.biz/Im_mini_1/000007/10031_203661_dvg6iAwxIfq.jpg","Kimironko","O","Sun, 10 Mar 2024 12:15:41","Houses for rent","Gasabo","RWF 250,000"
"https://imali.biz/isaziso/houses-for-rent/27/203659/imp59225563","https://www.img.imali.biz/Im_mini_1/000000/10031_203659_O9M3h7Dhd21.jpg","Kimironko zindiro","O","Sun, 10 Mar 2024 12:15:41","Houses for rent","Gasabo","RWF 450,000"
"https://imali.biz/isaziso/houses-for-rent/27/203658/imp43242318","https://www.img.imali.biz/Im_mini_1/000009/10031_203658_ypX9crcOlEh.jpg","Kigali parensi","O","Sun, 10 Mar 2024 12:15:41","Houses for rent","Gasabo","RWF 400,000"
"https://imali.biz/isaziso/houses-for-rent/27/203640/imp6110625","https://www.img.imali.biz/Im_mini_1/000002/9675_203640_bp6hYbH777V.jpg","Kicukiro niboye house for rent 700k","O","Sat, 09 Mar 2024 12:23:01","Houses for rent","Kicukiro","RWF 700,000"
"https://imali.biz/isaziso/houses-for-rent/27/203639/imp7977699","https://www.img.imali.biz/Im_mini_1/000009/9675_203639_xIPt1M4cwIN.jpg","Kicukiro kagarama house for rent 600k","O","Sat, 09 Mar 2024 12:23:02","Houses for rent","Kicukiro","RWF 600,000"
"https://imali.biz/isaziso/houses-for-rent/27/203633/imp24935236","https://www.img.imali.biz/Im_mini_1/000003/9675_203633_GHefqoRGrLk.jpg","Kicukiro Kagarama House for rent 700k","O","Sat, 09 Mar 2024 12:30:59","Houses for rent","Kicukiro","RWF 700,000"
"https://imali.biz/isaziso/houses-for-rent/27/203628/imp27534777","https://www.img.imali.biz/Im_mini_1/000004/9675_203628_6rqN0rFWLAm.jpg","Kicukiro kagarama house for rent 600k","O","Sat, 09 Mar 2024 12:38:57","Houses for rent","Kicukiro","RWF 600,000"
"https://imali.biz/isaziso/houses-for-rent/27/203626/imp28888545","https://www.img.imali.biz/Im_mini_1/000003/9675_203626_VRdwojGVOmm.jpg","Kicukiro kagarama house for rent 700k","O","Sat, 09 Mar 2024 12:46:41","Houses for rent","Kicukiro","RWF 700,000"
"https://imali.biz/isaziso/houses-for-rent/27/203597/imp44750960","https://www.img.imali.biz/Im_mini_1/000003/7724_203597_7opW9R4cRxt.jpg","Kanombe house for rent 500k","O","Sat, 09 Mar 2024 13:44:40","Houses for rent","Kicukiro","RWF 500,000"
"https://imali.biz/isaziso/houses-for-rent/27/203596/imp54834168","https://www.img.imali.biz/Im_mini_1/000008/7724_203596_FkTDad1ivGJ.jpg","Kabeza house for rent 450k","O","Sat, 09 Mar 2024 13:44:40","Houses for rent","Kicukiro","RWF 450,000"
"https://imali.biz/isaziso/houses-for-rent/27/203595/imp56741158","https://www.img.imali.biz/Im_mini_1/000005/7724_203595_JZTtwEggytY.jpg","Kicukiro kagarama house for rent 700k","O","Sat, 09 Mar 2024 13:44:40","Houses for rent","Kicukiro","RWF 700,000"
"https://imali.biz/isaziso/houses-for-rent/27/203594/imp4298036","https://www.img.imali.biz/Im_mini_1/000004/7724_203594_cfZeHzl6RiZ.jpg","Kicukiro kagarama house for rent 700k","O","Sat, 09 Mar 2024 13:44:40","Houses for rent","Kicukiro","RWF 700,000"
"https://imali.biz/isaziso/houses-for-rent/27/203593/imp26115187","https://www.img.imali.biz/Im_mini_1/000002/7724_203593_2Ai4gNApI71.jpg","Kibagabaga unfurnished house for rent 1000$","O","Sat, 09 Mar 2024 13:44:40","Houses for rent","Gasabo","RWF 1,000,000"
"https://imali.biz/isaziso/houses-for-rent/27/203592/imp44079339","https://www.img.imali.biz/Im_mini_1/000007/7724_203592_aNNhuFa2Kcz.jpg","Kicukiro kabeza beautiful house for rent 500k","O","Sat, 09 Mar 2024 13:44:47","Houses for rent","Kicukiro","RWF 500,000"
"https://imali.biz/isaziso/houses-for-rent/27/203590/imp20825403","https://www.img.imali.biz/Im_mini_1/000007/7724_203590_13OANvuT9eo.jpg","Kanombe house for rent 600k ,","O","Sat, 09 Mar 2024 13:52:37","Houses for rent","Kicukiro","RWF 600,000"
"https://imali.biz/isaziso/houses-for-rent/27/203588/imp49109567","https://www.img.imali.biz/Im_mini_1/000004/7724_203588_kNV2RzbbpQC.jpg","Kicukiro kagarama house for rent 800k negotiable","O","Sat, 09 Mar 2024 13:44:47","Houses for rent","Kicukiro","RWF 800,000"
"https://imali.biz/isaziso/houses-for-rent/27/203587/imp31412105","https://www.img.imali.biz/Im_mini_1/000001/7724_203587_IilVycAN0tZ.jpg","Kicukiro niboye house for rent 600k","O","Sat, 09 Mar 2024 13:44:40","Houses for rent","Kicukiro","RWF 600,000"
"https://imali.biz/isaziso/houses-for-rent/27/203586/imp46221812","https://www.img.imali.biz/Im_mini_1/000006/7724_203586_OHrt290f3p0.jpg","Kicukiro kagarama house for rent 600k","O","Sat, 09 Mar 2024 0:03:47","Houses for rent","Kicukiro","RWF 600,000"
"https://imali.biz/isaziso/houses-for-rent/27/203560/imp37333027","https://www.img.imali.biz/Im_mini_1/000009/10031_203560_lh94gk7NXM1.jpg","Kigali parensi","O","Fri, 08 Mar 2024 15:31:59","Houses for rent","Gasabo","RWF 400,000"
"https://imali.biz/isaziso/houses-for-rent/27/203449/imp49416527","https://www.img.imali.biz/Im_mini_1/000002/10136_203449_7cO6zHP5uxh.jpg","House for rent at kinyinya","O","Fri, 08 Mar 2024 12:26:21","Houses for rent","Gasabo","RWF 12,000,000"
"https://imali.biz/isaziso/houses-for-rent/27/203442/imp1930001","https://www.img.imali.biz/Im_mini_1/000005/6138_203442_caZpJfcnwCQ.jpg","A beautiful home for rent at KACYIRU.","O","Thu, 07 Mar 2024 17:14:12","Houses for rent","Gasabo","$ 800"
"https://imali.biz/isaziso/houses-for-rent/27/203286/imp36428023","https://www.img.imali.biz/Im_mini_1/000005/6138_203286_p2Dzd2CZ4PG.jpg","Good semi furnished  home for rent at KIMIHURURA.","O","Wed, 06 Mar 2024 8:50:23","Houses for rent","Gasabo","$ 1,700"
"https://imali.biz/isaziso/houses-for-rent/27/203285/imp28977841","https://www.img.imali.biz/Im_mini_1/000002/7724_203285_EPA4nrReyvU.jpg","Kimironko house for rent  600k","O","Wed, 06 Mar 2024 8:50:23","Houses for rent","Gasabo","RWF 600,000"
"https://imali.biz/isaziso/houses-for-rent/27/203284/imp19684997","https://www.img.imali.biz/Im_mini_1/000000/7724_203284_ZQDDOjhXD9o.jpg","Kimironko house for rent  600k","O","Wed, 06 Mar 2024 8:50:23","Houses for rent","Gasabo","RWF 600,000"
"https://imali.biz/isaziso/houses-for-rent/27/203282/imp33273144","https://www.img.imali.biz/Im_mini_1/000004/7724_203282_XT2ZBrapwPo.jpg","Kabeza beautiful house for rent 600k","O","Wed, 06 Mar 2024 8:50:24","Houses for rent","Kicukiro","RWF 600,000"
"https://imali.biz/isaziso/houses-for-rent/27/203281/imp11217340","https://www.img.imali.biz/Im_mini_1/000006/7724_203281_4jqyGg1iADU.jpg","Kanombe house for rent 600k negotiable","O","Wed, 06 Mar 2024 7:39:47","Houses for rent","Kicukiro","RWF 600,000"
"https://imali.biz/isaziso/houses-for-rent/27/203280/imp10639044","https://www.img.imali.biz/Im_mini_1/000003/7724_203280_KMPmKYk4dvm.jpg","Kanombe house for rent 600k negotiable","O","Wed, 06 Mar 2024 7:46:58","Houses for rent","Kicukiro","RWF 600,000"
"https://imali.biz/isaziso/houses-for-rent/27/202967/imp19389273","https://www.img.imali.biz/Im_mini_1/000006/7493_202967_Laj3ZD14W8y.jpg","Inzu nziza ikodeshwa","O","Mon, 04 Mar 2024 7:27:09","Houses for rent","Kicukiro","RWF 200,000"
"https://imali.biz/isaziso/houses-for-rent/27/202904/imp28614016","https://www.img.imali.biz/Im_mini_1/000007/10031_202904_J82qrY4qUop.jpg","Kimironko zindiro","O","Sat, 02 Mar 2024 12:52:37","Houses for rent","Gasabo","RWF 300,000"
"https://imali.biz/isaziso/plot-for-rent/57/202807/imp35694396","https://www.img.imali.biz/Im_mini_1/000005/10058_202807_mHaDhp2hb2J.jpg","Cyino cyibaza cyiragurishwa cyiherereye Kacyiru","O","Fri, 01 Mar 2024 12:39:44","Plot for rent","Gasabo","RWF 55,000,000"
"https://imali.biz/isaziso/plot-for-rent/57/202733/imp53693332","https://www.img.imali.biz/Im_mini_1/000001/9562_202733_qgfonxB75dK.jpg","Ikibanza kigurishwa Kibagabaga ahantu hezacyane","O","Thu, 29 Feb 2024 13:27:33","Plot for rent","Gasabo","RWF 55,000,000"
"https://imali.biz/isaziso/plot-for-rent/57/202732/imp10647065","https://www.img.imali.biz/Im_mini_1/000008/9562_202732_gaVaYHMB60b.jpg","Ikibanza kigurishwa Kibagabaga ahantu hezacyane","O","Thu, 29 Feb 2024 13:27:33","Plot for rent","Gasabo","RWF 55,000,000"
"https://imali.biz/isaziso/houses-for-rent/27/202639/imp55833449","https://www.img.imali.biz/Im_mini_1/000008/9153_202639_1qM62UZagzN.jpg","Inzu ikodehwa","O","Wed, 28 Feb 2024 18:02:16","Houses for rent","Kicukiro","RWF 600,000"
"https://imali.biz/isaziso/houses-for-rent/27/202527/imp39735225","https://www.img.imali.biz/Im_mini_1/000009/7493_202527_sqIIjbeUYw3.jpg","Inzu nziza ikodeshwa","O","Tue, 27 Feb 2024 8:53:19","Houses for rent","Kicukiro","RWF 350,000"
"https://imali.biz/isaziso/houses-for-rent/27/202503/imp43583906","https://www.img.imali.biz/Im_mini_1/000005/8575_202503_URPCqLqFD1L.jpg","House for Rent at kibagabaga","O","Mon, 26 Feb 2024 11:55:58","Houses for rent","Gasabo","RWF 1,000,000"
"https://imali.biz/isaziso/houses-for-rent/27/202425/imp11704774","https://www.img.imali.biz/Im_mini_1/000009/7493_202425_A9KGPqfQTph.jpg","Inzu nziza ikodeshwa","O","Sun, 25 Feb 2024 9:17:34","Houses for rent","Kicukiro","RWF 450,000"
"https://imali.biz/isaziso/houses-for-rent/27/202423/imp21265533","https://www.img.imali.biz/Im_mini_1/000005/10031_202423_LUmcMJiJfJV.jpg","Kimironko","O","Sun, 25 Feb 2024 9:18:55","Houses for rent","Gasabo","RWF 350,000"
"https://imali.biz/isaziso/houses-for-rent/27/202238/imp47262829","https://www.img.imali.biz/Im_mini_1/000005/7493_202238_jofVrXEKUAm.jpg","Inzu nziza ikodeshwa","O","Fri, 23 Feb 2024 9:28:46","Houses for rent","Kicukiro","RWF 300,000"
"https://imali.biz/isaziso/houses-for-rent/27/202237/imp45502414","https://www.img.imali.biz/Im_mini_1/000007/7493_202237_I6WhLsBFlW0.jpg","Inzu nziza ikodeshwa","O","Fri, 23 Feb 2024 10:14:46","Houses for rent","Kicukiro","RWF 300,000"
"https://imali.biz/isaziso/houses-for-rent/27/202236/imp43976605","https://www.img.imali.biz/Im_mini_1/000002/7493_202236_lUzm9zqwdRc.jpg","Inzu nziza ikodeshwa","O","Fri, 23 Feb 2024 9:31:51","Houses for rent","Kicukiro","RWF 300,000"
"https://imali.biz/isaziso/houses-for-rent/27/202234/imp23641039","https://www.img.imali.biz/Im_mini_1/000005/7493_202234_MVQMBVZN9Jj.jpg","Inzu nziza ikodeshwa","O","Fri, 23 Feb 2024 10:14:43","Houses for rent","Kicukiro","RWF 300,000"
"https://imali.biz/isaziso/houses-for-rent/27/202233/imp18469599","https://www.img.imali.biz/Im_mini_1/000004/7493_202233_Gxi1DYQBtjZ.jpg","Inzu nziza ikodeshwa","O","Fri, 23 Feb 2024 10:24:17","Houses for rent","Kicukiro","RWF 300,000"
"https://imali.biz/isaziso/houses-for-rent/27/202232/imp42199781","https://www.img.imali.biz/Im_mini_1/000008/7493_202232_iG9JEkfifE2.jpg","Inzu nziza ikodeshwa","O","Fri, 23 Feb 2024 10:05:26","Houses for rent","Kicukiro","RWF 300,000"
"https://imali.biz/isaziso/houses-for-rent/27/202037/imp29023541","https://www.img.imali.biz/Im_mini_1/000007/9762_202037_8rrKQaAhWs5.jpg","Kibagabaga beautiful house for rent 1000 M","O","Fri, 23 Feb 2024 10:47:34","Houses for rent","Gasabo","RWF 1,000,000"
"https://imali.biz/isaziso/houses-for-rent/27/202036/imp0079987","https://www.img.imali.biz/Im_mini_1/000000/9762_202036_ymKYZ4bU9uj.jpg","Kanombe house for rent 500k","O","Fri, 23 Feb 2024 10:47:38","Houses for rent","Kicukiro","RWF 500,000"
"https://imali.biz/isaziso/houses-for-rent/27/202035/imp49686724","https://www.img.imali.biz/Im_mini_1/000002/9762_202035_v34FzdbZCyL.jpg","Kicukiro kagarama house for rent 700k","O","Fri, 23 Feb 2024 10:47:43","Houses for rent","Kicukiro","RWF 700,000"
"https://imali.biz/isaziso/houses-for-rent/27/202022/imp15803417","https://www.img.imali.biz/Im_mini_1/000005/10031_202022_RQrlXeGWMLa.jpg","Kimironko ahantu heza","O","Wed, 21 Feb 2024 15:41:53","Houses for rent","Gasabo","RWF 500,000"
"https://imali.biz/isaziso/houses-for-rent/27/202017/imp7224106","https://www.img.imali.biz/Im_mini_1/000000/10149_202017_1f4fyNVZx3W.jpg","House for rent in kigali kabeza","O","Wed, 21 Feb 2024 12:21:42","Houses for rent","Kicukiro","RWF 500,000"
"https://imali.biz/isaziso/houses-for-rent/27/201844/imp0659667","https://www.img.imali.biz/Im_mini_1/000003/6138_201844_P1P4wXAwfHa.jpg","A beautiful house for rent at KACYIRU.","O","Tue, 20 Feb 2024 10:47:43","Houses for rent","Gasabo","RWF 600,000"
"https://imali.biz/isaziso/houses-for-rent/27/201836/imp8942992","https://www.img.imali.biz/Im_mini_1/000003/10031_201836_OUqIrWvJSKo.jpg","Kimironko","O","Tue, 20 Feb 2024 7:38:11","Houses for rent","Gasabo","RWF 350,000"
"https://imali.biz/isaziso/houses-for-rent/27/201835/imp2560186","https://www.img.imali.biz/Im_mini_1/000004/10031_201835_3E0JsIHAcx6.jpg","Kimironko","O","Tue, 20 Feb 2024 7:44:06","Houses for rent","Gasabo","RWF 350,000"
"https://imali.biz/isaziso/houses-for-rent/27/201786/imp21269971","https://www.img.imali.biz/Im_mini_1/000006/7325_201786_t2Luw8iqvct.jpg","House for Rent at kimironko","O","Tue, 20 Feb 2024 9:14:33","Houses for rent","Gasabo","RWF 1,200,000"
"https://imali.biz/isaziso/houses-for-rent/27/201775/imp35036737","https://www.img.imali.biz/Im_mini_1/000007/10031_201775_9GyRt63SrLg.jpg","Kimironko zindiro","O","Mon, 19 Feb 2024 13:35:05","Houses for rent","Gasabo","RWF 120,000"
"https://imali.biz/isaziso/houses-for-rent/27/201772/imp57063828","https://www.img.imali.biz/Im_mini_1/000005/10031_201772_Qnj8EDnXHJ1.jpg","Kimironko kwamushimire","O","Mon, 19 Feb 2024 13:29:27","Houses for rent","Gasabo","RWF 250,000"
"https://imali.biz/isaziso/houses-for-rent/27/201586/imp21909880","https://www.img.imali.biz/Im_mini_1/000008/6138_201586_6c7IgIYSr91.jpg","KACYIRU beautifully house for rent.","O","Mon, 19 Feb 2024 13:12:35","Houses for rent","Gasabo","$ 1,000"
"https://imali.biz/isaziso/houses-for-rent/27/201558/imp13313379","https://www.img.imali.biz/Im_mini_1/000002/8575_201558_azyLyaRmrum.jpg","House for Rent at kimironko","O","Sun, 18 Feb 2024 10:03:09","Houses for rent","Gasabo","RWF 1,000,000"
"https://imali.biz/isaziso/warehouse/98/201554/imp11163125","https://www.img.imali.biz/Im_mini_1/000001/926_201554_0jMHMDYthus.jpg","Warehouses for rent/Depo zikodeshwa I Gikondo& Kic","O","Sun, 18 Feb 2024 10:03:10","Warehouse","Gasabo","$ 6"
"https://imali.biz/isaziso/houses-for-rent/27/201543/imp58399053","https://www.img.imali.biz/Im_mini_1/000003/10031_201543_qX59lN55Eyk.jpg","Kimironko zindiro","O","Sat, 17 Feb 2024 11:14:58","Houses for rent","Gasabo","$ 600"
"https://imali.biz/isaziso/houses-for-rent/27/201542/imp2439053","https://www.img.imali.biz/Im_mini_1/000002/10031_201542_ygz0c7PGQXv.jpg","Kimironko zindiro","O","Sat, 17 Feb 2024 11:16:15","Houses for rent","Gasabo","RWF 300,000"
"https://imali.biz/isaziso/houses-for-rent/27/201527/imp42082577","https://www.img.imali.biz/Im_mini_1/000000/10136_201527_sTu0QdicgIe.jpg","Inzu ikodeshwa bumbogo masizi","O","Sat, 17 Feb 2024 11:16:36","Houses for rent","Gasabo","RWF 300,000"
"https://imali.biz/isaziso/houses-for-rent/27/201526/imp6907621","https://www.img.imali.biz/Im_mini_1/000000/10136_201526_BPdHw91I5Ta.jpg","Inzu ikodeshwa kanombe kurimake","O","Sat, 17 Feb 2024 11:16:36","Houses for rent","Kicukiro","RWF 55,000,000"
"https://imali.biz/isaziso/apartment-for-rent/91/201477/imp3200139","https://www.img.imali.biz/Im_mini_1/000005/10124_201477_qqXOAkdoxgK.jpg","Kimironko Bibare apartment for rent 600$","O","Sat, 17 Feb 2024 11:25:48","Apartment for rent","Gasabo","$ 600"
"https://imali.biz/isaziso/houses-for-rent/27/201393/imp4623783","https://www.img.imali.biz/Im_mini_1/000009/10031_201393_J9eobCFkS3f.jpg","Kimironko zindiro","O","Fri, 16 Feb 2024 7:43:55","Houses for rent","Gasabo","RWF 350,000"
"https://imali.biz/isaziso/houses-for-rent/27/201390/imp9063950","https://www.img.imali.biz/Im_mini_1/000002/10031_201390_yCzMATY2XW1.jpg","Kimironko ahantu heza","O","Fri, 16 Feb 2024 8:18:16","Houses for rent","Gasabo","RWF 350,000"
"https://imali.biz/isaziso/houses-for-rent/27/201283/imp44465008","https://www.img.imali.biz/Im_mini_1/000004/10031_201283_AuhM9DiQGAq.jpg","Kigali parensi","O","Thu, 15 Feb 2024 12:25:07","Houses for rent","Gasabo","RWF 400,000"
"https://imali.biz/isaziso/houses-for-rent/27/201279/imp35757196","https://www.img.imali.biz/Im_mini_1/000001/10031_201279_1MHEQfAEcMY.jpg","Kimironko munsi yagereza","O","Thu, 15 Feb 2024 13:11:32","Houses for rent","Gasabo","RWF 300,000"
"https://imali.biz/isaziso/houses-for-rent/27/201276/imp34453244","https://www.img.imali.biz/Im_mini_1/000002/10031_201276_HXBsGZHAt9F.jpg","zindiro kuri kaburimbo","O","Thu, 15 Feb 2024 13:11:12","Houses for rent","Gasabo","RWF 200,000"
"https://imali.biz/isaziso/houses-for-rent/27/201273/imp22470078","https://www.img.imali.biz/Im_mini_1/000006/10031_201273_ap1eHcZ3Duv.jpg","Kimironko zindiro","O","Thu, 15 Feb 2024 13:11:25","Houses for rent","Gasabo","RWF 250,000"
"https://imali.biz/isaziso/office/95/201260/imp47747837","https://www.img.imali.biz/Im_mini_1/000000/926_201260_xUpe6jHvpKu.jpg","A Very nice petroleum station for rent in Kigali.","O","Thu, 15 Feb 2024 14:17:06","Office","Kicukiro","$ 9,000"
"https://imali.biz/isaziso/houses-for-rent/27/201259/imp2292711","https://www.img.imali.biz/Im_mini_1/000009/7493_201259_LylRVdwfwJd.jpg","Inzu nziza ikodeshwa","O","Thu, 15 Feb 2024 14:02:15","Houses for rent","Kicukiro","RWF 250,000"
"https://imali.biz/isaziso/houses-for-rent/27/201258/imp48237252","https://www.img.imali.biz/Im_mini_1/000001/7493_201258_Le0cxAOVYTS.jpg","Inzu nziza ikodeshwa","O","Thu, 15 Feb 2024 14:02:15","Houses for rent","Kicukiro","RWF 250,000"
"https://imali.biz/isaziso/apartment-for-rent/91/201247/imp16252909","https://www.img.imali.biz/Im_mini_1/000005/10031_201247_l7xcDOxXbY4.jpg","Kimironko zindiro","O","Fri, 16 Feb 2024 10:02:55","Apartment for rent","Gasabo","RWF 200,000"
"https://imali.biz/isaziso/houses-for-rent/27/201244/imp55185607","https://www.img.imali.biz/Im_mini_1/000004/10031_201244_ji6RYHXWzrN.jpg","Kimironko zindiro","O","Fri, 16 Feb 2024 10:09:54","Houses for rent","Gasabo","RWF 350,000"
"https://imali.biz/isaziso/houses-for-rent/27/201232/imp32079455","https://www.img.imali.biz/Im_mini_1/000008/6138_201232_eKs0HFk0Yoh.jpg","KIMIRONKO good fully-furnished house for rent.","O","Fri, 16 Feb 2024 10:46:38","Houses for rent","Gasabo","$ 700"
"https://imali.biz/isaziso/houses-for-rent/27/201231/imp29787914","https://www.img.imali.biz/Im_mini_1/000002/6138_201231_I8DIppbYkl7.jpg","KIMIRONKO good fully-furnished house for rent.","O","Fri, 16 Feb 2024 10:46:33","Houses for rent","Gasabo","$ 700"
"https://imali.biz/isaziso/houses-for-rent/27/201200/imp6396836","https://www.img.imali.biz/Im_mini_1/000001/6138_201200_DSquV8ssRzD.jpg","A nice house for rent at KIBAGABAGA.","O","Tue, 13 Feb 2024 16:34:04","Houses for rent","Gasabo","$ 800"
"https://imali.biz/isaziso/houses-for-rent/27/200971/imp40536447","https://www.img.imali.biz/Im_mini_1/000005/9218_200971_xmoj86N1Gwk.jpg","house for rent kanombe","O","Tue, 13 Feb 2024 6:01:50","Houses for rent","Kicukiro","RWF 550,000"
"https://imali.biz/isaziso/apartment-for-rent/91/200952/imp10035399","https://www.img.imali.biz/Im_mini_1/000009/10092_200952_4Sh4cPv9ZEK.jpg","apartment for rent in Kigali-Gikondo","P","Mon, 12 Feb 2024 16:00:21","Apartment for rent","Kicukiro","RWF 300,000"
"https://imali.biz/isaziso/houses-for-rent/27/200947/imp10029078","https://www.img.imali.biz/Im_mini_1/000004/9923_200947_aD8z8hc7OIB.jpg","House for rent in kicukiro GAHANGA","O","Mon, 12 Feb 2024 13:48:08","Houses for rent","Kicukiro","RWF 300,000"
"https://imali.biz/isaziso/houses-for-rent/27/200928/imp36487312","https://www.img.imali.biz/Im_mini_1/000005/10031_200928_nOoqevWE4dk.jpg","Kigali parensi of","O","Mon, 12 Feb 2024 9:22:12","Houses for rent","Gasabo","RWF 400,000"
"https://imali.biz/isaziso/houses-for-rent/27/200927/imp14791038","https://www.img.imali.biz/Im_mini_1/000005/10031_200927_7cLJqLyFrko.jpg","Kimironko","O","Mon, 12 Feb 2024 9:25:32","Houses for rent","Gasabo","$ 700"
"https://imali.biz/isaziso/houses-for-rent/27/200846/imp22729941","https://www.img.imali.biz/Im_mini_1/000002/7493_200846_YFFC5Id4eg7.jpg","beautiful house for rent in kanombe","O","Sun, 11 Feb 2024 8:02:01","Houses for rent","Kicukiro","RWF 350,000"
"https://imali.biz/isaziso/houses-for-rent/27/200571/imp25533130","https://www.img.imali.biz/Im_mini_1/000007/10136_200571_h0fI9dxsCYQ.jpg","Inzu ikodeshwa kanombe kurimake","O","Sat, 10 Feb 2024 16:30:36","Houses for rent","Kicukiro","RWF 550,000"
"https://imali.biz/isaziso/houses-for-rent/27/200478/imp54969844","https://www.img.imali.biz/Im_mini_1/000000/10136_200478_j2iKyv65UCT.jpg","Inzu ikodeshwa bumbogo masizi","O","Sat, 10 Feb 2024 19:48:32","Houses for rent","Gasabo","RWF 300,000"
"https://imali.biz/isaziso/houses-for-rent/27/200415/imp18694566","https://www.img.imali.biz/Im_mini_1/000006/6138_200415_cylY5ahHrDO.jpg","Awesome home for rent at GISOZI.","O","Thu, 08 Feb 2024 12:26:50","Houses for rent","Gasabo","RWF 700,000"
"https://imali.biz/isaziso/houses-for-rent/27/200405/imp38436047","https://www.img.imali.biz/Im_mini_1/000007/6138_200405_rSW9FazXaoO.jpg","A beautiful home for rent at GISOZI.","O","Thu, 08 Feb 2024 13:19:48","Houses for rent","Gasabo","RWF 600,000"
"https://imali.biz/isaziso/houses-for-rent/27/200400/imp49062912","https://www.img.imali.biz/Im_mini_1/000006/6138_200400_A9f2IOREoSm.jpg","GISOZI awesome fully furnished house for rent.","O","Thu, 08 Feb 2024 19:42:00","Houses for rent","Gasabo","$ 1,200"
"https://imali.biz/isaziso/houses-for-rent/27/200386/imp44124698","https://www.img.imali.biz/Im_mini_1/000003/6718_200386_KQRkEKbIEu1.jpg","RUSPORORO OUSE   FOR RENT","O","Thu, 08 Feb 2024 7:06:50","Houses for rent","Gasabo","$ 1,000"
"https://imali.biz/isaziso/houses-for-rent/27/200364/imp35332696","https://www.img.imali.biz/Im_mini_1/000007/10124_200364_Rg0Bm5hlooq.jpg","Kibagabaga full furnished house for rent 1500$","O","Thu, 08 Feb 2024 7:59:08","Houses for rent","Gasabo","RWF 1,500,000"
"https://imali.biz/isaziso/apartment-for-rent/91/200342/imp42047160","https://www.img.imali.biz/Im_mini_1/000002/8988_200342_XK4NuPZ5udN.jpg","Apartment for sale in Kigali Gacuriro","O","Thu, 08 Feb 2024 9:23:11","Apartment for rent","Gasabo","RWF 61,000,000"
"https://imali.biz/isaziso/houses-for-rent/27/200325/imp32498239","https://www.img.imali.biz/Im_mini_1/000008/10031_200325_gTWGORXg5IX.jpg","Ikinyinya kwanyamvumba","O","Wed, 07 Feb 2024 17:52:16","Houses for rent","Gasabo","$ 1,000"
"https://imali.biz/isaziso/houses-for-rent/27/200301/imp43829163","https://www.img.imali.biz/Im_mini_1/000005/9817_200301_lNLzsaxN3Op.jpg","KINYINYA HOUSE FOR RENT @150K","O","Wed, 07 Feb 2024 7:30:54","Houses for rent","Gasabo","RWF 150,000"
"https://imali.biz/isaziso/office/95/200290/imp39946700","https://www.img.imali.biz/Im_mini_1/000006/926_200290_wGNGsxAOSbM.jpg","Very nice fully furnished house for Rent at Kacyir","O","Wed, 07 Feb 2024 7:33:31","Office","Gasabo","$ 1,300"
"https://imali.biz/isaziso/houses-for-rent/27/200278/imp24655391","https://www.img.imali.biz/Im_mini_1/000004/10031_200278_RND328ZcNW8.jpg","nice house for rent inKimironko |Kigali","O","Wed, 07 Feb 2024 8:33:34","Houses for rent","Gasabo","RWF 350,000"
"https://imali.biz/isaziso/houses-for-rent/27/200258/imp57977996","https://www.img.imali.biz/Im_mini_1/000006/10031_200258_q6RkWevfjXH.jpg","Kigali parensi house for rent |Rwanda","O","Tue, 06 Feb 2024 10:25:06","Houses for rent","Gasabo","$ 400"
"https://imali.biz/isaziso/houses-for-rent/27/200242/imp48019651","https://www.img.imali.biz/Im_mini_1/000002/7493_200242_0vH9n0xlx3u.jpg","Kigali house for rent in kanombe","O","Tue, 06 Feb 2024 6:23:01","Houses for rent","Kicukiro","RWF 400,000"
"https://imali.biz/isaziso/houses-for-rent/27/200241/imp38287239","https://www.img.imali.biz/Im_mini_1/000009/7493_200241_rrKr4H8fuTD.jpg","Inzu nziza ikodeshwa","O","Tue, 06 Feb 2024 6:23:05","Houses for rent","Kicukiro","RWF 400,000"
"https://imali.biz/isaziso/houses-for-rent/27/200215/imp44852159","https://www.img.imali.biz/Im_mini_1/000009/10031_200215_7fbuFdn09sb.jpg","Kwisoko kimironko","O","Tue, 06 Feb 2024 5:35:12","Houses for rent","Gasabo","RWF 350,000"
"https://imali.biz/isaziso/apartment-for-rent/91/200192/imp27247489","https://www.img.imali.biz/Im_mini_1/000003/9905_200192_o56PsMV2cTl.jpg","Kimironko Bibare unfurnished apartment for rent","O","Mon, 05 Feb 2024 11:18:11","Apartment for rent","Gasabo","RWF 600,000"
"https://imali.biz/isaziso/houses-for-rent/27/200003/imp12276912","https://www.img.imali.biz/Im_mini_1/000000/6138_200003_py7r2vORxJ8.jpg","Awesome fully furnished home for rent at GISHUSHU.","O","Sun, 04 Feb 2024 11:54:51","Houses for rent","Gasabo","$ 1,000"
"https://imali.biz/isaziso/apartment-for-rent/91/200000/imp13761357","https://www.img.imali.biz/Im_mini_1/000009/6138_200000_9P5rUn1iT87.jpg","A  fully-furnished apartment for rent at KIMIHURA.","O","Sat, 03 Feb 2024 11:12:12","Apartment for rent","Gasabo","$ 700"
"https://imali.biz/isaziso/apartment-for-rent/91/199999/imp10041073","https://www.img.imali.biz/Im_mini_1/000009/6138_199999_wI55cAlQs2X.jpg","KIMIHURURA good full-furnished apartment for rent","O","Sat, 03 Feb 2024 11:16:38","Apartment for rent","Gasabo","$ 700"
"https://imali.biz/isaziso/apartment-for-rent/91/199994/imp55910860","https://www.img.imali.biz/Im_mini_1/000003/9218_199994_nuSV0aGVqFQ.jpg","kimironko apartment for rent","O","Sun, 04 Feb 2024 11:54:51","Apartment for rent","Gasabo","RWF 400,000"
"https://imali.biz/isaziso/apartment-for-rent/91/199964/imp31976349","https://www.img.imali.biz/Im_mini_1/000003/9905_199964_3Nt0TpfAoYa.jpg","Kibagabaga full furnished apartment for rent 600$","O","Sun, 04 Feb 2024 18:42:56","Apartment for rent","Gasabo","$ 600"
"https://imali.biz/isaziso/houses-for-rent/27/199960/imp26856158","https://www.img.imali.biz/Im_mini_1/000006/10124_199960_k0saMrhQhF7.jpg","Kibagabaga full furnished house for rent 1500$","O","Sun, 04 Feb 2024 18:58:40","Houses for rent","Gasabo","$ 1,500"
"https://imali.biz/isaziso/houses-for-rent/27/199951/imp44738730","https://www.img.imali.biz/Im_mini_1/000004/7724_199951_8cxnzriy0DV.jpg","Kanombe house for rent 500k","O","Sun, 04 Feb 2024 18:58:37","Houses for rent","Kicukiro","RWF 500,000"
"https://imali.biz/isaziso/apartment-for-rent/91/199855/imp26987629","https://www.img.imali.biz/Im_mini_1/000002/9218_199855_SsnPwu9ke3h.jpg","kimironko apartment for rent","O","Fri, 02 Feb 2024 12:46:43","Apartment for rent","Gasabo","RWF 400,000"
"https://imali.biz/isaziso/houses-for-rent/27/199854/imp26067767","https://www.img.imali.biz/Im_mini_1/000005/9218_199854_e3esH0icDKg.jpg","kanombe house for rent","O","Fri, 02 Feb 2024 12:46:44","Houses for rent","Kicukiro","RWF 550,000"
"https://imali.biz/isaziso/houses-for-rent/27/199774/imp29902017","https://www.img.imali.biz/Im_mini_1/000001/9817_199774_Hfr3rvXU76s.jpg","Kibagabaga house for rent $800","O","Fri, 02 Feb 2024 9:03:41","Houses for rent","Kicukiro","RWF 800,000"
"https://imali.biz/isaziso/houses-for-rent/27/199767/imp0321891","https://www.img.imali.biz/Im_mini_1/000006/6138_199767_9fOeDaRj8dm.jpg","GISHUSHU spacious fully-furnished house for rent.","O","Fri, 02 Feb 2024 9:05:46","Houses for rent","Gasabo","$ 1,000"
"https://imali.biz/isaziso/office/95/199707/imp57036072","https://www.img.imali.biz/Im_mini_1/000006/926_199707_wCOxNwduhhG.jpg","UNFURNISHED HOUSE FOR RENT AT KIYOVU","O","Fri, 02 Feb 2024 5:58:37","Office","Nyarugenge","$ 1,700"
"https://imali.biz/isaziso/houses-for-rent/27/199698/imp32384801","https://www.img.imali.biz/Im_mini_1/000000/9817_199698_DNecV9ax09a.jpg","Kagarama house for rent $600","O","Thu, 01 Feb 2024 8:55:37","Houses for rent","Kicukiro","RWF 600,000"
"https://imali.biz/isaziso/houses-for-rent/27/199691/imp27572273","https://www.img.imali.biz/Im_mini_1/000001/9817_199691_MS3piZMI3Wc.jpg","Kibagabaga house for rent $1000","O","Thu, 01 Feb 2024 8:13:10","Houses for rent","Gasabo","RWF 1,000,000"
"https://imali.biz/isaziso/houses-for-rent/27/199686/imp18535972","https://www.img.imali.biz/Im_mini_1/000002/9817_199686_26OCNOaUvLs.jpg","Kicukiro-Niboye House for rent $400","O","Thu, 01 Feb 2024 10:07:08","Houses for rent","Kicukiro","RWF 400,000"
"https://imali.biz/isaziso/office/95/199341/imp50660063","https://www.img.imali.biz/Im_mini_1/000000/926_199341_q07ZNgH6p3a.jpg","UNFURNISHED HOUSE FOR RENT IN KIYOVU","O","Tue, 30 Jan 2024 9:01:39","Office","Nyarugenge","$ 1,700"
"https://imali.biz/isaziso/houses-for-rent/27/199271/imp4170008","https://www.img.imali.biz/Im_mini_1/000003/9817_199271_ZVQ6lm1lqUa.jpg","Kicukiro -Niboye House for rent $600","O","Mon, 29 Jan 2024 14:42:40","Houses for rent","Kicukiro","$ 600"
"https://imali.biz/isaziso/houses-for-rent/27/199268/imp38578171","https://www.img.imali.biz/Im_mini_1/000007/9817_199268_ELOGgEa9QNp.jpg","Kibagabaga house for rent $1000","O","Mon, 29 Jan 2024 14:49:23","Houses for rent","Gasabo","$ 1,000"
"https://imali.biz/isaziso/houses-for-rent/27/199258/imp55001111","https://www.img.imali.biz/Im_mini_1/000000/9817_199258_LWqCOPuFF5W.jpg","Kicukiro-Niboye House for rent $400","O","Tue, 30 Jan 2024 18:27:06","Houses for rent","Kicukiro","RWF 400,000"
"https://imali.biz/isaziso/houses-for-rent/27/199178/imp54561575","https://www.img.imali.biz/Im_mini_1/000001/8851_199178_YcojyOtF7FD.jpg","Nice house for rent at kicukiro gatenga","O","Mon, 29 Jan 2024 9:32:08","Houses for rent","Kicukiro","RWF 450,000"
"https://imali.biz/isaziso/houses-for-rent/27/199160/imp0072416","https://www.img.imali.biz/Im_mini_1/000004/9817_199160_SWgx9L6t7T0.jpg","Kicukiro Niboye house for rent $400","O","Mon, 29 Jan 2024 8:28:49","Houses for rent","Kicukiro","$ 400"
"https://imali.biz/isaziso/houses-for-rent/27/199146/imp44223874","https://www.img.imali.biz/Im_mini_1/000001/9817_199146_HkQZNMprjHE.jpg","Kagarama house for rent $800","O","Mon, 29 Jan 2024 9:10:09","Houses for rent","Kicukiro","$ 800"
"https://imali.biz/isaziso/houses-for-rent/27/199125/imp43330916","https://www.img.imali.biz/Im_mini_1/000006/9817_199125_GofNx3eRgFa.jpg","Kibagabaga house for rent $100/","O","Mon, 29 Jan 2024 9:32:29","Houses for rent","Gasabo","$ 1,000"
"https://imali.biz/isaziso/houses-for-rent/27/199118/imp55170768","https://www.img.imali.biz/Im_mini_1/000005/9817_199118_Ht9uM4MU6mI.jpg","Kagarama house for rent$600","O","Mon, 29 Jan 2024 9:33:12","Houses for rent","Kicukiro","$ 600"
"https://imali.biz/isaziso/houses-for-rent/27/199045/imp0632590","https://www.img.imali.biz/Im_mini_1/000005/6138_199045_BpZetVDDnf6.jpg","KACYIRU good fully furnished house for rent.","O","Sun, 28 Jan 2024 14:10:04","Houses for rent","Gasabo","$ 800"
"https://imali.biz/isaziso/houses-for-rent/27/199043/imp17836726","https://www.img.imali.biz/Im_mini_1/000004/6138_199043_EiwffHsir66.jpg","A nice home for rent at KICUKIRO-NIBOYE.","O","Sun, 28 Jan 2024 14:09:59","Houses for rent","Kicukiro","RWF 800,000"
"https://imali.biz/isaziso/houses-for-rent/27/199042/imp19419120","https://www.img.imali.biz/Im_mini_1/000000/6138_199042_YCoxmBW7HwQ.jpg","KICUKIRO beautifully house for rent.","O","Sun, 28 Jan 2024 14:09:57","Houses for rent","Kicukiro","RWF 400,000"
"https://imali.biz/isaziso/apartment-for-rent/91/199033/imp18781621","https://www.img.imali.biz/Im_mini_1/000008/10031_199033_IlfdIpcffSG.jpg","Gacuriro kuri kaburimbo","O","Sun, 28 Jan 2024 14:07:32","Apartment for rent","Gasabo","$ 800"
"https://imali.biz/isaziso/houses-for-rent/27/199023/imp8514464","https://www.img.imali.biz/Im_mini_1/000001/7493_199023_bQiGPf9u3Xo.jpg","Inzu nziza ikodeshwa","O","Sun, 28 Jan 2024 14:06:54","Houses for rent","Kicukiro","RWF 500,000"
"https://imali.biz/isaziso/warehouse/98/198998/imp59465236","https://www.img.imali.biz/Im_mini_1/000002/926_198998_b1FaSx5GNYC.jpg","Warehouses for rent/Depo zikodeshwa I Gikondo& Ma","O","Sun, 28 Jan 2024 13:46:07","Warehouse","Gasabo","$ 7"
"https://imali.biz/isaziso/houses-for-rent/27/198997/imp26511271","https://www.img.imali.biz/Im_mini_1/000002/6138_198997_DS31qbrpFvU.jpg","A very attractive  home for rent at KIMIHURURA.","O","Sun, 28 Jan 2024 13:46:01","Houses for rent","Gasabo","RWF 800,000"
"https://imali.biz/isaziso/houses-for-rent/27/198990/imp44288694","https://www.img.imali.biz/Im_mini_1/000006/6300_198990_3QCNGezqgxr.jpg","GIKONDO - REBERO HOUSE FOR RENT/0784338161","O","Sun, 28 Jan 2024 14:05:44","Houses for rent","Kicukiro","$ 1,500"
"https://imali.biz/isaziso/houses-for-rent/27/198948/imp42910804","https://www.img.imali.biz/Im_mini_1/000003/8851_198948_TF9srsxatX2.jpg","Nice house for rent at kicukiro gahanga","O","Fri, 26 Jan 2024 13:10:40","Houses for rent","Kicukiro","RWF 250,000"
"https://imali.biz/isaziso/houses-for-rent/27/198894/imp33378940","https://www.img.imali.biz/Im_mini_1/000002/6138_198894_bIeXGYtdbsa.jpg","KACYIRU super beautiful house for rent.","O","Fri, 26 Jan 2024 8:24:03","Houses for rent","Gasabo","$ 800"
"https://imali.biz/isaziso/houses-for-rent/27/198888/imp59662544","https://www.img.imali.biz/Im_mini_1/000009/6138_198888_GnpGPsm0HLr.jpg","A nice house for rent at KICUKIRO.","O","Fri, 26 Jan 2024 8:24:22","Houses for rent","Kicukiro","RWF 500,000"
"https://imali.biz/isaziso/houses-for-rent/27/198886/imp9811663","https://www.img.imali.biz/Im_mini_1/000009/6138_198886_ypdBzi1jjOu.jpg","KACYIRU beautiful fully-furnished house for rent.","O","Fri, 26 Jan 2024 8:24:29","Houses for rent","Gasabo","$ 600"
"https://imali.biz/isaziso/houses-for-rent/27/198885/imp42608946","https://www.img.imali.biz/Im_mini_1/000002/6138_198885_NyEWG3mGESk.jpg","KACYIRU beautifully  house for rent.","O","Fri, 26 Jan 2024 8:24:32","Houses for rent","Gasabo","$ 800"
"https://imali.biz/isaziso/houses-for-rent/27/198883/imp37017983","https://www.img.imali.biz/Im_mini_1/000005/6138_198883_JMZ7swYlvNR.jpg","A  beautiful home for rent at KIMIHURURA.","O","Fri, 26 Jan 2024 8:24:39","Houses for rent","Gasabo","$ 2,000"
"https://imali.biz/isaziso/houses-for-rent/27/198882/imp0497659","https://www.img.imali.biz/Im_mini_1/000000/7493_198882_M311kbUYpSF.jpg","Inzu nziza ikodehwa","O","Fri, 26 Jan 2024 8:24:52","Houses for rent","Kicukiro","RWF 300,000"
"https://imali.biz/isaziso/houses-for-rent/27/198839/imp17618660","https://www.img.imali.biz/Im_mini_1/000006/9905_198839_7eCUlQmh9Tr.jpg","Inzu ikodeshanwa nibikoresho 700k","O","Fri, 26 Jan 2024 8:42:19","Houses for rent","Gasabo","RWF 700,000"
"https://imali.biz/isaziso/warehouse/98/198797/imp35096657","https://www.img.imali.biz/Im_mini_1/000006/926_198797_qGyNLPnpPKx.jpg","Warehouses for rent/Depo zikodeshwa I Gikondo& Mas","O","Fri, 26 Jan 2024 8:30:01","Warehouse","Gasabo","$ 7"
"https://imali.biz/isaziso/warehouse/98/198796/imp4871147","https://www.img.imali.biz/Im_mini_1/000008/926_198796_Nz4Ffy9ZZtM.jpg","Warehouses for rent/Depo zikodeshwa I Gikondo& Mas","O","Fri, 26 Jan 2024 8:29:59","Warehouse","Gasabo","$ 7"
"https://imali.biz/isaziso/warehouse/98/198795/imp46361082","https://www.img.imali.biz/Im_mini_1/000007/926_198795_NOTzfhztv8a.jpg","Warehouses for rent/Depo zikodeshwa I Gikondo& Mas","O","Fri, 26 Jan 2024 8:29:57","Warehouse","Gasabo","$ 7"
"https://imali.biz/isaziso/warehouse/98/198793/imp29183522","https://www.img.imali.biz/Im_mini_1/000009/926_198793_WdOw3Bmne44.jpg","Warehouses for rent/Depo zikodeshwa I Gikondo& Mas","O","Fri, 26 Jan 2024 8:29:51","Warehouse","Gasabo","$ 7"
"https://imali.biz/isaziso/warehouse/98/198792/imp11901742","https://www.img.imali.biz/Im_mini_1/000003/926_198792_CAyBTw1fegd.jpg","Warehouses for rent/Depo zikodeshwa I Gikondo& Mas","O","Fri, 26 Jan 2024 8:29:49","Warehouse","Gasabo","$ 7"
"https://imali.biz/isaziso/warehouse/98/198791/imp56964460","https://www.img.imali.biz/Im_mini_1/000004/926_198791_awPblAltcwq.jpg","Warehouses for rent/Depo zikodeshwa I Gikondo& Mas","O","Fri, 26 Jan 2024 8:29:47","Warehouse","Gasabo","$ 7"
"https://imali.biz/isaziso/apartment-for-rent/91/198768/imp26718438","https://www.img.imali.biz/Im_mini_1/000005/6138_198768_Q8HiYv6MgrA.jpg","KIMIRONKO awesome non-furnished apartment for rent","O","Thu, 25 Jan 2024 8:50:58","Apartment for rent","Gasabo","RWF 500,000"
"https://imali.biz/isaziso/houses-for-rent/27/198767/imp36560129","https://www.img.imali.biz/Im_mini_1/000009/6138_198767_slAPTBZvwOa.jpg","A nice house for rent at GISOZI.","O","Thu, 25 Jan 2024 8:51:08","Houses for rent","Gasabo","RWF 400,000"
"https://imali.biz/isaziso/houses-for-rent/27/198759/imp35119567","https://www.img.imali.biz/Im_mini_1/000003/7493_198759_DfpS1KEdPwN.jpg","Inzu nziza ikodehwa","O","Thu, 25 Jan 2024 8:56:26","Houses for rent","Gasabo","$ 3,000"
"https://imali.biz/isaziso/houses-for-rent/27/198743/imp13906482","https://www.img.imali.biz/Im_mini_1/000005/10031_198743_zYqF0aq1tRn.jpg","Gacuriro","O","Thu, 25 Jan 2024 8:39:57","Houses for rent","Gasabo","$ 800"
"https://imali.biz/isaziso/houses-for-rent/27/198742/imp15334345","https://www.img.imali.biz/Im_mini_1/000006/9966_198742_GaGYbwR9Hgh.jpg","Nice house for rent","O","Thu, 25 Jan 2024 8:39:57","Houses for rent","Gasabo","$ 1,500"
"https://imali.biz/isaziso/houses-for-rent/27/198741/imp39296250","https://www.img.imali.biz/Im_mini_1/000007/9966_198741_Ba1DsdmjgT1.jpg","Nice house for rent And Fruniture","O","Thu, 25 Jan 2024 8:40:00","Houses for rent","Gasabo","$ 3,000"
"https://imali.biz/isaziso/apartment-for-rent/91/198740/imp32923633","https://www.img.imali.biz/Im_mini_1/000009/9966_198740_o1AqOxuMXso.jpg","Apartment  Fruniture","O","Thu, 25 Jan 2024 8:39:59","Apartment for rent","Gasabo","$ 1,000"
"https://imali.biz/isaziso/houses-for-rent/27/198738/imp31568039","https://www.img.imali.biz/Im_mini_1/000004/10031_198738_kc1j4RiHQbp.jpg","Kibagabaga","O","Thu, 25 Jan 2024 8:39:58","Houses for rent","Gasabo","$ 650"
"https://imali.biz/isaziso/apartment-for-rent/91/198737/imp34675597","https://www.img.imali.biz/Im_mini_1/000006/10031_198737_JKeh9w6JO0a.jpg","Gacuriro","O","Thu, 25 Jan 2024 8:39:59","Apartment for rent","Gasabo","$ 700"
"https://imali.biz/isaziso/apartment-for-rent/91/198736/imp43161373","https://www.img.imali.biz/Im_mini_1/000005/10031_198736_wKIALwPyXHH.jpg","Gacuriro","O","Thu, 25 Jan 2024 8:39:59","Apartment for rent","Gasabo","$ 600"
"https://imali.biz/isaziso/apartment-for-rent/91/198735/imp5423414","https://www.img.imali.biz/Im_mini_1/000009/10031_198735_E80kw79872e.jpg","Kibagabaga","O","Thu, 25 Jan 2024 8:40:00","Apartment for rent","Gasabo","$ 600"
"https://imali.biz/isaziso/houses-for-rent/27/198734/imp3009939","https://www.img.imali.biz/Im_mini_1/000007/7493_198734_6als6n6oQAR.jpg","Inzu nziza ikodehwa","O","Thu, 25 Jan 2024 8:39:57","Houses for rent","Gasabo","$ 1,500"
"https://imali.biz/isaziso/houses-for-rent/27/198549/imp28648497","https://www.img.imali.biz/Im_mini_1/000004/10031_198549_uyiJQkZdpsq.jpg","Kibagabaga","O","Thu, 25 Jan 2024 8:13:19","Houses for rent","Gasabo","$ 900"
"https://imali.biz/isaziso/houses-for-rent/27/198533/imp58472992","https://www.img.imali.biz/Im_mini_1/000007/10124_198533_MQsUxWqVewd.jpg","Furnished house for rent from Kibagabaga 700$","O","Wed, 24 Jan 2024 18:29:56","Houses for rent","Gasabo","$ 700"
"https://imali.biz/isaziso/houses-for-rent/27/198528/imp34716039","https://www.img.imali.biz/Im_mini_1/000003/10124_198528_wHDHwZjnBHi.jpg","Kibagabaga unfurnished house for rent 1000$","O","Wed, 24 Jan 2024 18:29:47","Houses for rent","Gasabo","$ 1,000"
"https://imali.biz/isaziso/houses-for-rent/27/198499/imp5350925","https://www.img.imali.biz/Im_mini_1/000000/10031_198499_sR8zrv3i5CK.jpg","Kugisozi","O","Wed, 24 Jan 2024 18:15:27","Houses for rent","Gasabo","$ 800"
"https://imali.biz/isaziso/houses-for-rent/27/198462/imp43593844","https://www.img.imali.biz/Im_mini_1/000008/10031_198462_HGlo30deLwy.jpg","Munsi yagereza kimironko","O","Tue, 23 Jan 2024 8:43:49","Houses for rent","Gasabo","RWF 400,000"
"https://imali.biz/isaziso/apartment-for-rent/91/198461/imp26890040","https://www.img.imali.biz/Im_mini_1/000002/10031_198461_2KoG3XgfcEs.jpg","Munsi yagereza kimironko","O","Tue, 23 Jan 2024 8:43:49","Apartment for rent","Gasabo","RWF 500,000"
"https://imali.biz/isaziso/houses-for-rent/27/198460/imp51966822","https://www.img.imali.biz/Im_mini_1/000004/10031_198460_pvl2RI94QGd.jpg","Munsi yagereza kimironko","O","Tue, 23 Jan 2024 8:43:49","Houses for rent","Gasabo","RWF 500,000"
"https://imali.biz/isaziso/houses-for-rent/27/198455/imp4759367","https://www.img.imali.biz/Im_mini_1/000008/7724_198455_XgVhi4cnZey.jpg","Kicukiro kagarama beautiful house for rent 750k","O","Tue, 23 Jan 2024 8:43:47","Houses for rent","Kicukiro","RWF 750,000"
"https://imali.biz/isaziso/houses-for-rent/27/198454/imp47300279","https://www.img.imali.biz/Im_mini_1/000006/6300_198454_vkZ9hzC9UcD.jpg","KICUKIRO - NIBOYI HOUSE FOR RENT/0784338161","O","Tue, 23 Jan 2024 8:39:02","Houses for rent","Kicukiro","RWF 800,000"
"https://imali.biz/isaziso/houses-for-rent/27/198296/imp20752519","https://www.img.imali.biz/Im_mini_1/000001/7493_198296_3xhxnDPIATB.jpg","Inzu nziza ikodehwa","O","Sun, 21 Jan 2024 14:07:44","Houses for rent","Gasabo","RWF 250"
"https://imali.biz/isaziso/houses-for-rent/27/198234/imp37523076","https://www.img.imali.biz/Im_mini_1/000000/8851_198234_FtkGzkZbXlh.jpg","Nice house for rent at kanombe","O","Fri, 19 Jan 2024 8:50:51","Houses for rent","Kicukiro","RWF 400,000"
"https://imali.biz/isaziso/houses-for-rent/27/198231/imp51718495","https://www.img.imali.biz/Im_mini_1/000007/8851_198231_I2NVLBFuABt.jpg","Nice house for rent at kicukiro kagarama","O","Fri, 19 Jan 2024 8:50:51","Houses for rent","Kicukiro","RWF 250,000"
"https://imali.biz/isaziso/houses-for-rent/27/197985/imp49430882","https://www.img.imali.biz/Im_mini_1/000005/10031_197985_OWIKYj0DivO.jpg","Kimironko egisela","O","Thu, 18 Jan 2024 10:15:38","Houses for rent","Gasabo","RWF 500,000"
"https://imali.biz/isaziso/houses-for-rent/27/197978/imp8470633","https://www.img.imali.biz/Im_mini_1/000007/6138_197978_WNemHxwiEfx.jpg","KISIMENTI Awesome house for rent.","O","Thu, 18 Jan 2024 10:26:32","Houses for rent","Gasabo","RWF 400,000"
"https://imali.biz/isaziso/apartment-for-rent/91/197971/imp0258282","https://www.img.imali.biz/Im_mini_1/000009/10031_197971_lc38SgbAjiZ.jpg","Kimironko munsi yagereza","O","Thu, 18 Jan 2024 12:03:42","Apartment for rent","Gasabo","RWF 500,000"
"https://imali.biz/isaziso/houses-for-rent/27/197951/imp15680175","https://www.img.imali.biz/Im_mini_1/000003/10031_197951_T8IEEVIhO8W.jpg","Kibagabaga kimironko","O","Thu, 18 Jan 2024 12:50:43","Houses for rent","Gasabo","$ 700"
"https://imali.biz/isaziso/houses-for-rent/27/197779/imp45880268","https://www.img.imali.biz/Im_mini_1/000007/7493_197779_7XJLvz7NsKm.jpg","Inzu nziza ikodehwa","O","Tue, 16 Jan 2024 7:58:56","Houses for rent","Kicukiro","RWF 350,000"
"https://imali.biz/isaziso/houses-for-rent/27/197724/imp45359565","https://www.img.imali.biz/Im_mini_1/000001/10124_197724_cBYIxwCjk7Q.jpg","Kibagabaga furnished house for rent 700$","O","Tue, 16 Jan 2024 8:46:20","Houses for rent","Gasabo","RWF 700,000"
"https://imali.biz/isaziso/houses-for-rent/27/197548/imp35848359","https://www.img.imali.biz/Im_mini_1/000009/7493_197548_DLdsu0NsoeR.jpg","Inzu nziza ikodehwa","O","Mon, 15 Jan 2024 9:09:36","Houses for rent","Kicukiro","RWF 200,000"
"https://imali.biz/isaziso/houses-for-rent/27/197425/imp29383007","https://www.img.imali.biz/Im_mini_1/000000/6138_197425_WQt1NeOEn5d.jpg","A nice house for rent at KIBAGABAGA.","O","Tue, 16 Jan 2024 7:56:55","Houses for rent","Gasabo","RWF 600,000"
"https://imali.biz/isaziso/houses-for-rent/27/197422/imp54264532","https://www.img.imali.biz/Im_mini_1/000004/6138_197422_sIRxwh5GyAn.jpg","A very beautiful house for rent at KIMIHURURA.","O","Tue, 16 Jan 2024 7:56:48","Houses for rent","Gasabo","$ 1,300"
"https://imali.biz/isaziso/houses-for-rent/27/197237/imp22402539","https://www.img.imali.biz/Im_mini_1/000000/7493_197237_WF0KBD0ZG5n.jpg","Inzu nziza ikodehwa","O","Thu, 11 Jan 2024 11:14:08","Houses for rent","Kicukiro","RWF 500,000"
"https://imali.biz/isaziso/apartment-for-rent/91/197236/imp49479818","https://www.img.imali.biz/Im_mini_1/000000/10031_197236_UPmWADcp7tU.jpg","Kigali parensi","O","Thu, 11 Jan 2024 11:08:07","Apartment for rent","Gasabo","RWF 450,000"
"https://imali.biz/isaziso/houses-for-rent/27/197235/imp51827710","https://www.img.imali.biz/Im_mini_1/000008/10031_197235_Sk6wvVjNDFT.jpg","Kigali parensi","O","Thu, 11 Jan 2024 10:43:10","Houses for rent","Gasabo","RWF 400,000"
"https://imali.biz/isaziso/apartment-for-rent/91/197220/imp14703928","https://www.img.imali.biz/Im_mini_1/000006/7493_197220_33eZK2kmH2I.jpg","Apartment nziza ikodehwa","O","Thu, 11 Jan 2024 8:12:09","Apartment for rent","Kicukiro","$ 300"
"https://imali.biz/isaziso/plot-for-rent/57/197207/imp40631760","https://www.img.imali.biz/Im_mini_1/000005/10122_197207_OC8crJN4JPc.jpg","Ikibanza.kigurishwa.kiri.kicukiro","O","Thu, 11 Jan 2024 8:39:58","Plot for rent","Kicukiro","RWF 25,000,000"
"https://imali.biz/isaziso/apartment-for-rent/91/197184/imp8804381","https://www.img.imali.biz/Im_mini_1/000005/10031_197184_xJcyIfmNdrE.jpg","Kimironko bibare","O","Wed, 10 Jan 2024 13:00:06","Apartment for rent","Gasabo","RWF 250,000"
"https://imali.biz/isaziso/houses-for-rent/27/197182/imp4988380","https://www.img.imali.biz/Im_mini_1/000007/10031_197182_YPcBT3RAl2J.jpg","Kigali parensi  kumuvunyi","O","Wed, 10 Jan 2024 12:29:22","Houses for rent","Kicukiro","RWF 400,000"
"https://imali.biz/isaziso/houses-for-rent/27/197100/imp21213343","https://www.img.imali.biz/Im_mini_1/000000/10031_197100_SjnP5VDMnPJ.jpg","Kicukiro ahantu heza","O","Wed, 10 Jan 2024 9:10:11","Houses for rent","Kicukiro","RWF 400,000"
"https://imali.biz/isaziso/houses-for-rent/27/196993/imp50453978","https://www.img.imali.biz/Im_mini_1/000000/7493_196993_gzmfpQ3SBnF.jpg","Inzu nziza ikodehwa","O","Tue, 09 Jan 2024 13:12:00","Houses for rent","Kicukiro","RWF 400,000"
"https://imali.biz/isaziso/houses-for-rent/27/196897/imp36443775","https://www.img.imali.biz/Im_mini_1/000004/6718_196897_HVw5pnHAFYQ.jpg","APARTIMENT FOR RENT AT GACURIRO VISION CITY","O","Tue, 09 Jan 2024 10:32:27","Houses for rent","Gasabo","$ 1,700"
"https://imali.biz/isaziso/houses-for-rent/27/196870/imp36233221","https://www.img.imali.biz/Im_mini_1/000000/10031_196870_Iw7Uc6c0Tjk.jpg","Kimironko","O","Mon, 08 Jan 2024 7:58:23","Houses for rent","Gasabo","RWF 350,000"
"https://imali.biz/isaziso/houses-for-rent/27/196869/imp11319372","https://www.img.imali.biz/Im_mini_1/000006/10031_196869_twYRLF9zTt6.jpg","Kimironko","O","Mon, 08 Jan 2024 7:58:23","Houses for rent","Gasabo","RWF 500,000"
"https://imali.biz/isaziso/houses-for-rent/27/196863/imp55021251","https://www.img.imali.biz/Im_mini_1/000006/6138_196863_yFb7tBLlube.jpg","A nice house for rent  in KIYOVU.","O","Mon, 08 Jan 2024 7:58:33","Houses for rent","Nyarugenge","RWF 400,000"
"https://imali.biz/isaziso/houses-for-rent/27/196861/imp10817373","https://www.img.imali.biz/Im_mini_1/000006/6138_196861_GposAKBfOJQ.jpg","A nice non furnished house for rent at NYARUTARAMA","O","Mon, 08 Jan 2024 7:58:35","Houses for rent","Gasabo","$ 1,200"
"https://imali.biz/isaziso/houses-for-rent/27/196860/imp48967499","https://www.img.imali.biz/Im_mini_1/000003/6138_196860_noVZqMt9Hrm.jpg","A nice house for rent at KIMIHURURA.","O","Mon, 08 Jan 2024 7:58:36","Houses for rent","Gasabo","$ 900"
"https://imali.biz/isaziso/houses-for-rent/27/196859/imp20702045","https://www.img.imali.biz/Im_mini_1/000007/6138_196859_4yz2bvZNHMW.jpg","A nice house for rent at KACYIRU","O","Mon, 08 Jan 2024 7:58:36","Houses for rent","Gasabo","$ 600"
"https://imali.biz/isaziso/apartment-for-rent/91/196835/imp51033642","https://www.img.imali.biz/Im_mini_1/000003/7493_196835_uiPl5hVF9FO.jpg","Apartment nziza ikodehwa","O","Sun, 07 Jan 2024 9:54:40","Apartment for rent","Kicukiro","RWF 300,000"
"https://imali.biz/isaziso/office/95/196825/imp25015722","https://www.img.imali.biz/Im_mini_1/000004/926_196825_ksoLyvxHxq2.jpg","UNFURNISHED HOUSE FOR RENT AT KIYOVU","O","Sat, 06 Jan 2024 13:10:25","Office","Nyarugenge","$ 1,700"
"https://imali.biz/isaziso/houses-for-rent/27/196821/imp15572321","https://www.img.imali.biz/Im_mini_1/000005/10031_196821_5QrPKlpurxP.jpg","Kimironko kibagabaga","O","Fri, 05 Jan 2024 10:49:25","Houses for rent","Gasabo","RWF 350,000"
"https://imali.biz/isaziso/houses-for-rent/27/196811/imp34717971","https://www.img.imali.biz/Im_mini_1/000003/10031_196811_H7nEUZYwz06.jpg","Kibagabaga kimironko","O","Fri, 05 Jan 2024 9:45:52","Houses for rent","Gasabo","RWF 350,000"
"https://imali.biz/isaziso/houses-for-rent/27/196809/imp32976892","https://www.img.imali.biz/Im_mini_1/000007/10031_196809_azHRhOerKqx.jpg","Kicukiro gatenga  hafi nuruganda rwaparasitike","O","Fri, 05 Jan 2024 9:45:52","Houses for rent","Kicukiro","RWF 400,000"
"https://imali.biz/isaziso/warehouse/98/196693/imp48432906","https://www.img.imali.biz/Im_mini_1/000009/926_196693_IGqEBJCkbf6.jpg","Warehouses for rent/Depo zikodeshwa I Gikondo& Mas","O","Thu, 04 Jan 2024 8:04:43","Warehouse","Gasabo","$ 6"
"https://imali.biz/isaziso/houses-for-rent/27/196529/imp25197202","https://www.img.imali.biz/Im_mini_1/000007/7493_196529_snTDKO3OO5y.jpg","Inzu nziza ikodehwa","O","Wed, 03 Jan 2024 10:56:05","Houses for rent","Kicukiro","RWF 300,000"
"https://imali.biz/isaziso/houses-for-rent/27/196526/imp22466717","https://www.img.imali.biz/Im_mini_1/000000/7325_196526_OZyqSvKJJOX.jpg","House for Rent at Gisozi","O","Wed, 03 Jan 2024 10:56:08","Houses for rent","Gasabo","RWF 800,000"
"https://imali.biz/isaziso/houses-for-rent/27/196525/imp57663661","https://www.img.imali.biz/Im_mini_1/000008/7325_196525_bplNCgp4lmt.jpg","House for Rent at Gisozi","O","Wed, 03 Jan 2024 10:56:09","Houses for rent","Gasabo","RWF 800,000"
"https://imali.biz/isaziso/houses-for-rent/27/196524/imp5936838","https://www.img.imali.biz/Im_mini_1/000001/7325_196524_hXxYQdTU1rq.jpg","Kibagabaga House for Rent","O","Wed, 03 Jan 2024 10:56:09","Houses for rent","Gasabo","RWF 800,000"
"https://imali.biz/isaziso/houses-for-rent/27/196523/imp52464498","https://www.img.imali.biz/Im_mini_1/000002/7325_196523_RqEZmCajGLo.jpg","Kibagabaga House for Rent","O","Wed, 03 Jan 2024 11:09:05","Houses for rent","Gasabo","RWF 800,000"
"https://imali.biz/isaziso/houses-for-rent/27/196522/imp32989136","https://www.img.imali.biz/Im_mini_1/000005/7325_196522_x6u3VqYYXtN.jpg","Kacyiru house for Rent","O","Wed, 03 Jan 2024 12:02:53","Houses for rent","Gasabo","RWF 600,000"
"https://imali.biz/isaziso/apartment-for-rent/91/196502/imp33422652","https://www.img.imali.biz/Im_mini_1/000006/7493_196502_anF5s2vUOVE.jpg","Kigali Apartment for Rent in Masaka","O","Tue, 02 Jan 2024 7:43:18","Apartment for rent","Kicukiro","RWF 200,000"
"https://imali.biz/isaziso/houses-for-rent/27/196494/imp15082026","https://www.img.imali.biz/Im_mini_1/000003/7325_196494_Qbkz58tQVkg.jpg","houses for rent Gisozi","O","Sun, 31 Dec 2023 23:46:40","Houses for rent","Gasabo","$ 800"
"https://imali.biz/isaziso/houses-for-rent/27/196490/imp6291399","https://www.img.imali.biz/Im_mini_1/000002/10031_196490_nELUobhNp5p.jpg","Imasoro hafi nazamu","O","Sun, 31 Dec 2023 10:54:31","Houses for rent","Gasabo","RWF 450,000"
"https://imali.biz/isaziso/houses-for-rent/27/196485/imp52111495","https://www.img.imali.biz/Im_mini_1/000007/7493_196485_EQuoQBoXGcp.jpg","Inzu nziza ikodeshwa","O","Sun, 31 Dec 2023 12:30:39","Houses for rent","Kicukiro","RWF 200,000"
"https://imali.biz/isaziso/houses-for-rent/27/196484/imp40712613","https://www.img.imali.biz/Im_mini_1/000004/7493_196484_MSTMSK0AKB3.jpg","Inzu nziza ikodeshwa","O","Sun, 31 Dec 2023 13:11:19","Houses for rent","Kicukiro","RWF 400,000"
"https://imali.biz/isaziso/houses-for-rent/27/196472/imp53901883","https://www.img.imali.biz/Im_mini_1/000000/7325_196472_TgOCSr0ttAF.jpg","houses for rent kimironko","O","Sun, 31 Dec 2023 23:25:05","Houses for rent","Gasabo","$ 1,000"
"https://imali.biz/isaziso/houses-for-rent/27/196465/imp13968890","https://www.img.imali.biz/Im_mini_1/000003/10031_196465_jCrEq8oH8GF.jpg","Kimironko","O","Sun, 31 Dec 2023 23:46:40","Houses for rent","Gasabo","RWF 250,000"
"https://imali.biz/isaziso/houses-for-rent/27/196460/imp13157549","https://www.img.imali.biz/Im_mini_1/000008/10031_196460_FQ4hfHBehVy.jpg","Kimironko zindiro","O","Fri, 29 Dec 2023 12:57:21","Houses for rent","Gasabo","RWF 250,000"
"https://imali.biz/isaziso/houses-for-rent/27/196459/imp22309576","https://www.img.imali.biz/Im_mini_1/000000/10031_196459_SyaZXdMMzGN.jpg","Kibagabaga kimironko","O","Fri, 29 Dec 2023 9:51:40","Houses for rent","Gasabo","RWF 500,000"
"https://imali.biz/isaziso/apartment-for-rent/91/196458/imp33367275","https://www.img.imali.biz/Im_mini_1/000004/10031_196458_BOkaNL53jZj.jpg","Kibagabaga kimironko","O","Fri, 29 Dec 2023 8:01:49","Apartment for rent","Gasabo","RWF 250,000"
"https://imali.biz/isaziso/houses-for-rent/27/196457/imp3401649","https://www.img.imali.biz/Im_mini_1/000003/10031_196457_osy3LgrrrNa.jpg","Kigali house for rent in kimironko/zindiro","O","Fri, 29 Dec 2023 8:06:16","Houses for rent","Gasabo","RWF 250,000"
"https://imali.biz/isaziso/houses-for-rent/27/196456/imp38305248","https://www.img.imali.biz/Im_mini_1/000007/10031_196456_OScvqxqeJDd.jpg","Kimironko zindiro","O","Fri, 29 Dec 2023 9:57:46","Houses for rent","Gasabo","RWF 200,000"
"https://imali.biz/isaziso/houses-for-rent/27/196407/imp5856904","https://www.img.imali.biz/Im_mini_1/000002/10031_196407_D9jlOcnRIJk.jpg","Kuri Azamu","O","Wed, 27 Dec 2023 16:08:40","Houses for rent","Gasabo","RWF 400,000"
"https://imali.biz/isaziso/houses-for-rent/27/196405/imp19164193","https://www.img.imali.biz/Im_mini_1/000002/10031_196405_VdLegKUOczw.jpg","Kimironko zindiro","O","Wed, 27 Dec 2023 16:08:09","Houses for rent","Gasabo","RWF 200,000"
"https://imali.biz/isaziso/houses-for-rent/27/196397/imp36400969","https://www.img.imali.biz/Im_mini_1/000005/10031_196397_D9u1mGXZpVA.jpg","Kibagabaga kimironko","O","Wed, 27 Dec 2023 10:35:32","Houses for rent","Gasabo","RWF 350,000"
"https://imali.biz/isaziso/houses-for-rent/27/196396/imp28009120","https://www.img.imali.biz/Im_mini_1/000003/10031_196396_n4ZUtWbsqcV.jpg","Kibagabaga kimironko","O","Wed, 27 Dec 2023 10:35:34","Houses for rent","Gasabo","RWF 250,000"
"https://imali.biz/isaziso/houses-for-rent/27/196394/imp20354985","https://www.img.imali.biz/Im_mini_1/000006/7493_196394_QUPZ5DsBP03.jpg","Inzu nziza ikodehwa","O","Wed, 27 Dec 2023 7:39:33","Houses for rent","Kicukiro","RWF 300,000"
"https://imali.biz/isaziso/houses-for-rent/27/196392/imp56378685","https://www.img.imali.biz/Im_mini_1/000001/10122_196392_oyhwaqQ0jqv.jpg","Inzu.Ikodeshwa iri Zindiro","O","Wed, 27 Dec 2023 7:45:37","Houses for rent","Gasabo","RWF 400,000"
"https://imali.biz/isaziso/houses-for-rent/27/196386/imp18855171","https://www.img.imali.biz/Im_mini_1/000004/7493_196386_TEIYV27BYtv.jpg","cheapest house for rent in KIGALI","O","Tue, 26 Dec 2023 9:52:04","Houses for rent","Kicukiro","RWF 280,000"
"https://imali.biz/isaziso/houses-for-rent/27/196385/imp10043472","https://www.img.imali.biz/Im_mini_1/000003/7493_196385_HMtviPr8vh1.jpg","Inzu nziza ikodeshwa","O","Tue, 26 Dec 2023 9:03:44","Houses for rent","Kicukiro","RWF 280,000"
"https://imali.biz/isaziso/houses-for-rent/27/196384/imp4751532","https://www.img.imali.biz/Im_mini_1/000000/7493_196384_Rkm5ACbIOPN.jpg","Inzu nziza ikodeshwa","O","Tue, 26 Dec 2023 9:52:09","Houses for rent","Kicukiro","RWF 280,000"
"https://imali.biz/isaziso/houses-for-rent/27/196382/imp42189621","https://www.img.imali.biz/Im_mini_1/000000/7493_196382_00u3OfCqF2S.jpg","Inzu nziza ikodehwa","O","Tue, 26 Dec 2023 7:21:43","Houses for rent","Kicukiro","RWF 350,000"
"https://imali.biz/isaziso/plot-for-rent/57/196376/imp38883986","https://www.img.imali.biz/Im_mini_1/000002/10122_196376_eJP3mGRxYMG.jpg","Ikibanza.kigurishwa.kiri.kanombe","O","Tue, 26 Dec 2023 7:22:17","Plot for rent","Kicukiro","RWF 9,000,000"
"https://imali.biz/isaziso/houses-for-rent/27/196315/imp52679243","https://www.img.imali.biz/Im_mini_1/000003/7493_196315_BswhYU4U2LQ.jpg","Inzu nziza ikodehwa","O","Tue, 26 Dec 2023 9:52:46","Houses for rent","Kicukiro","RWF 400,000"
"https://imali.biz/isaziso/houses-for-rent/27/196314/imp2014184","https://www.img.imali.biz/Im_mini_1/000003/7493_196314_L3B13kK2VtH.jpg","Inzu nziza ikodehwa","O","Tue, 26 Dec 2023 9:52:48","Houses for rent","Kicukiro","RWF 400,000"
"https://imali.biz/isaziso/houses-for-rent/27/196291/imp8637075","https://www.img.imali.biz/Im_mini_1/000001/10031_196291_WCnjGr1mG1V.jpg","Kimironko","O","Sat, 23 Dec 2023 11:17:21","Houses for rent","Gasabo","RWF 400,000"
"https://imali.biz/isaziso/houses-for-rent/27/196248/imp0143825","https://www.img.imali.biz/Im_mini_1/000000/10031_196248_OH9FLE6fVIm.jpg","Kibagabaga kimironko","O","Sun, 24 Dec 2023 11:28:42","Houses for rent","Gasabo","RWF 500,000"
"https://imali.biz/isaziso/houses-for-rent/27/196010/imp41397552","https://www.img.imali.biz/Im_mini_1/000002/10031_196010_zFn72rdRhzb.jpg","Kibagabaga kimironko","O","Thu, 21 Dec 2023 13:13:45","Houses for rent","Gasabo","RWF 400,000"
"https://imali.biz/isaziso/houses-for-rent/27/196009/imp21989194","https://www.img.imali.biz/Im_mini_1/000002/10031_196009_noXg1zAwi4i.jpg","Kimironko bibare","O","Thu, 21 Dec 2023 13:16:06","Houses for rent","Gasabo","RWF 400,000"
"https://imali.biz/isaziso/houses-for-rent/27/196008/imp39137586","https://www.img.imali.biz/Im_mini_1/000004/10031_196008_t9Tt1EnTbqI.jpg","Kimironko bibare","O","Thu, 21 Dec 2023 13:16:06","Houses for rent","Gasabo","RWF 500,000"
"https://imali.biz/isaziso/houses-for-rent/27/195956/imp53744593","https://www.img.imali.biz/Im_mini_1/000007/10031_195956_TMbzXjFbBZW.jpg","Kimironko bibare","O","Thu, 21 Dec 2023 13:16:12","Houses for rent","Gasabo","RWF 500,000"
"https://imali.biz/isaziso/office/95/195917/imp54749655","https://www.img.imali.biz/Im_mini_1/000007/926_195917_aNbEJySww9i.jpg","Brand new 3-Storeyed Building for Rent at Remera.","O","Wed, 20 Dec 2023 15:28:29","Office","Gasabo","$ 20"
"https://imali.biz/isaziso/houses-for-rent/27/195900/imp30836776","https://www.img.imali.biz/Im_mini_1/000009/10031_195900_0f8t4DR0X4z.jpg","Kumurenjye wakimironko","O","Wed, 20 Dec 2023 7:45:34","Houses for rent","Gasabo","RWF 400,000"
"https://imali.biz/isaziso/houses-for-rent/27/195899/imp8297749","https://www.img.imali.biz/Im_mini_1/000007/10031_195899_7kRfVLSDeqH.jpg","Kimironko bibare","O","Wed, 20 Dec 2023 7:45:34","Houses for rent","Gasabo","RWF 250,000"
"https://imali.biz/isaziso/houses-for-rent/27/195833/imp15685616","https://www.img.imali.biz/Im_mini_1/000006/8318_195833_7N66Fw9oLzv.jpg","Nyamirambo funished House for rent","O","Mon, 18 Dec 2023 12:34:36","Houses for rent","Nyarugenge","RWF 600,000"
"https://imali.biz/isaziso/apartment-for-rent/91/195756/imp11270051","https://www.img.imali.biz/Im_mini_1/000005/10031_195756_6zsNQYrpQx5.jpg","Kimironko","O","Sun, 17 Dec 2023 15:10:23","Apartment for rent","Gasabo","$ 500"
"https://imali.biz/isaziso/houses-for-rent/27/195755/imp15312917","https://www.img.imali.biz/Im_mini_1/000007/10031_195755_qKM1c5yXNk8.jpg","Kigali parensi","O","Sun, 17 Dec 2023 15:10:09","Houses for rent","Gasabo","$ 500"
"https://imali.biz/isaziso/houses-for-rent/27/195754/imp55905182","https://www.img.imali.biz/Im_mini_1/000001/10031_195754_cVD04qLYabd.jpg","Kimironko bibare","O","Sun, 17 Dec 2023 15:10:14","Houses for rent","Gasabo","RWF 250,000"
"https://imali.biz/isaziso/apartment-for-rent/91/195753/imp38635492","https://www.img.imali.biz/Im_mini_1/000004/10031_195753_mFQP8bsX9WM.jpg","Kibagabaga ahantu heza","O","Sun, 17 Dec 2023 15:10:14","Apartment for rent","Gasabo","RWF 250,000"
"https://imali.biz/isaziso/houses-for-rent/27/195746/imp27618169","https://www.img.imali.biz/Im_mini_1/000000/10031_195746_iPZXgNdaVaW.jpg","Kimironko kibagabaga","O","Sun, 17 Dec 2023 11:11:19","Houses for rent","Gasabo","RWF 200,000"
"https://imali.biz/isaziso/houses-for-rent/27/195630/imp43445526","https://www.img.imali.biz/Im_mini_1/000007/10031_195630_BOfsabC8MRs.jpg","Kigali parensi","O","Wed, 13 Dec 2023 7:36:32","Houses for rent","Gasabo","RWF 400,000"
"https://imali.biz/isaziso/apartment-for-rent/91/195629/imp2826111","https://www.img.imali.biz/Im_mini_1/000007/10031_195629_arwykc1lBl1.jpg","kigali-Kimironko","O","Wed, 13 Dec 2023 7:44:15","Apartment for rent","Gasabo","$ 500"
"https://imali.biz/isaziso/houses-for-rent/27/195628/imp12962547","https://www.img.imali.biz/Im_mini_1/000000/10031_195628_yE2hLcOZ0t9.jpg","Kigali parensi","O","Wed, 13 Dec 2023 7:44:15","Houses for rent","Kicukiro","$ 500"
"https://imali.biz/isaziso/apartment-for-rent/91/195619/imp14891038","https://www.img.imali.biz/Im_mini_1/000000/10031_195619_EQxC4mE9P8W.jpg","Kigali parensi","O","Wed, 13 Dec 2023 7:36:32","Apartment for rent","Gasabo","RWF 400,000"
"https://imali.biz/isaziso/houses-for-rent/27/195618/imp3906182","https://www.img.imali.biz/Im_mini_1/000008/10031_195618_3OflSVOPrgw.jpg","Kigali parensi","O","Wed, 13 Dec 2023 7:46:04","Houses for rent","Gasabo","RWF 400,000"
"https://imali.biz/isaziso/office/95/195614/imp26014373","https://www.img.imali.biz/Im_mini_1/000005/926_195614_QSYyAgDpOOZ.jpg","Brand new 3-Storeyed Building for Rent at Remera","O","Tue, 12 Dec 2023 13:44:16","Office","Gasabo","RWF 20"
"https://imali.biz/isaziso/houses-for-rent/27/195550/imp45715287","https://www.img.imali.biz/Im_mini_1/000009/10031_195550_EXIfqwzaZbm.jpg","Ikabuga hafi nisoko","O","Tue, 12 Dec 2023 13:44:06","Houses for rent","Gasabo","$ 400"
"https://imali.biz/isaziso/houses-for-rent/27/195548/imp27730959","https://www.img.imali.biz/Im_mini_1/000006/10031_195548_k64KugeGRGL.jpg","Ikabuga hafi nisoko","O","Tue, 12 Dec 2023 13:44:06","Houses for rent","Gasabo","$ 500"
"https://imali.biz/isaziso/houses-for-rent/27/195523/imp21786705","https://www.img.imali.biz/Im_mini_1/000003/10031_195523_M0hQUnCfUDj.jpg","Kigali-Kibagabaga house for rent","O","Mon, 11 Dec 2023 13:14:22","Houses for rent","Gasabo","RWF 250,000"
"https://imali.biz/isaziso/houses-for-rent/27/195522/imp2869356","https://www.img.imali.biz/Im_mini_1/000000/7493_195522_LEsvAtn1Ufc.jpg","Inzu nziza ikodeshwa -kigali","O","Mon, 11 Dec 2023 13:58:33","Houses for rent","Kicukiro","RWF 400,000"
"https://imali.biz/isaziso/apartment-for-rent/91/195520/imp55830097","https://www.img.imali.biz/Im_mini_1/000002/10031_195520_LEyCMKdfJ1i.jpg","Kigali parensi","O","Mon, 11 Dec 2023 11:41:59","Apartment for rent","Gasabo","RWF 400,000"
"https://imali.biz/isaziso/houses-for-rent/27/195513/imp7609660","https://www.img.imali.biz/Im_mini_1/000005/10031_195513_vMeBv7FWujm.jpg","Kigali parensi.kuri Raparisi","O","Mon, 11 Dec 2023 7:06:00","Houses for rent","Kicukiro","$ 600"
"https://imali.biz/isaziso/apartment-for-rent/91/195512/imp48921236","https://www.img.imali.biz/Im_mini_1/000007/10031_195512_Wz7YXWQcbX5.jpg","Kimironko zindiro","O","Mon, 11 Dec 2023 7:11:55","Apartment for rent","Gasabo","$ 500"
"https://imali.biz/isaziso/houses-for-rent/27/195511/imp0136789","https://www.img.imali.biz/Im_mini_1/000009/7493_195511_zcdAKdshImv.jpg","Inzu nziza ikodeshwa","O","Mon, 11 Dec 2023 7:11:55","Houses for rent","Kicukiro","RWF 250,000"
"https://imali.biz/isaziso/apartment-for-rent/91/195510/imp26165698","https://www.img.imali.biz/Im_mini_1/000000/7493_195510_PO3uFZIbq9H.jpg","Apartment nziza ikodeshwa","O","Mon, 11 Dec 2023 7:11:55","Apartment for rent","Kicukiro","RWF 200,000"
"https://imali.biz/isaziso/houses-for-rent/27/195509/imp30123388","https://www.img.imali.biz/Im_mini_1/000006/7493_195509_udaVAOQgQ0R.jpg","Inzu nziza ikodeshwa","O","Mon, 11 Dec 2023 7:12:19","Houses for rent","Kicukiro","RWF 100,000"
"https://imali.biz/isaziso/warehouse/98/195405/imp12976804","https://www.img.imali.biz/Im_mini_1/000004/926_195405_VeCYVq044jO.jpg","Warehouse for rent in Masoro, Economic Zone Phase","O","Mon, 11 Dec 2023 11:40:50","Warehouse","Kicukiro","$ 6"
"https://imali.biz/isaziso/apartment-for-rent/91/195359/imp54119910","https://www.img.imali.biz/Im_mini_1/000005/8927_195359_IJQQg0lsjze.jpg","Apartment for rent at Kimironko kibagabaga","O","Sat, 09 Dec 2023 16:20:26","Apartment for rent","Gasabo","$ 1,000"
"https://imali.biz/isaziso/houses-for-rent/27/195356/imp32565108","https://www.img.imali.biz/Im_mini_1/000008/10031_195356_y9WrC2vJrCN.jpg","Ikanombe kwadodo","O","Sat, 09 Dec 2023 8:44:25","Houses for rent","Kicukiro","$ 600"
"https://imali.biz/isaziso/houses-for-rent/27/195355/imp33042345","https://www.img.imali.biz/Im_mini_1/000002/10031_195355_2lvxHONer9w.jpg","Kigali parensi  kote yakanombe","O","Sat, 09 Dec 2023 8:50:13","Houses for rent","Kicukiro","RWF 450,000"
"https://imali.biz/isaziso/houses-for-rent/27/195340/imp54122651","https://www.img.imali.biz/Im_mini_1/000008/10093_195340_QYv8mz08ga0.jpg","Kicukiro Kagarama house for rent 750k","O","Sat, 09 Dec 2023 11:28:39","Houses for rent","Kicukiro","RWF 7,500,000"
"https://imali.biz/isaziso/houses-for-rent/27/195337/imp35206796","https://www.img.imali.biz/Im_mini_1/000003/10093_195337_kYIjgrWcy7z.jpg","Kicukiro Kagarama beautiful house for rent 700k","O","Sat, 09 Dec 2023 11:28:45","Houses for rent","Kicukiro","RWF 700,000"
"https://imali.biz/isaziso/houses-for-rent/27/195332/imp34829855","https://www.img.imali.biz/Im_mini_1/000008/10093_195332_KlNfYP8eg2q.jpg","Kanombe house for rent 600k","O","Sat, 09 Dec 2023 16:13:08","Houses for rent","Kicukiro","RWF 600,000"
"https://imali.biz/isaziso/houses-for-rent/27/195327/imp56031950","https://www.img.imali.biz/Im_mini_1/000008/10093_195327_2qlVb2SHy6N.jpg","Kanombe house for rent 500k","O","Sun, 10 Dec 2023 11:02:20","Houses for rent","Kicukiro","RWF 500,000"
"https://imali.biz/isaziso/houses-for-rent/27/195323/imp21802323","https://www.img.imali.biz/Im_mini_1/000000/10093_195323_tXZ0rPyV0MC.jpg","Kibagabaga unfurnished house for rent 1500$","O","Sun, 10 Dec 2023 11:02:30","Houses for rent","Gasabo","RWF 1,500,000"
"https://imali.biz/isaziso/houses-for-rent/27/195319/imp36819092","https://www.img.imali.biz/Im_mini_1/000008/10093_195319_62G0lDTo0xa.jpg","Kicukiro Kagarama house for rent 700k","O","Mon, 11 Dec 2023 11:41:00","Houses for rent","Kicukiro","RWF 700,000"
"https://imali.biz/isaziso/houses-for-rent/27/195317/imp27140549","https://www.img.imali.biz/Im_mini_1/000006/10093_195317_wVBsakXUseS.jpg","Kanombe house for rent 500k","O","Sat, 09 Dec 2023 13:08:51","Houses for rent","Kicukiro","RWF 500,000"
"https://imali.biz/isaziso/houses-for-rent/27/195316/imp7309056","https://www.img.imali.biz/Im_mini_1/000005/10093_195316_uBVkmzeUuoV.jpg","Kanombe house for rent 400k","O","Sat, 09 Dec 2023 13:08:47","Houses for rent","Kicukiro","RWF 400,000"
"https://imali.biz/isaziso/houses-for-rent/27/195278/imp58296463","https://www.img.imali.biz/Im_mini_1/000004/7493_195278_TlpGlPwCj4y.jpg","Inzu nziza ikodeshwa","O","Fri, 08 Dec 2023 15:52:43","Houses for rent","Kicukiro","RWF 450,000"
"https://imali.biz/isaziso/apartment-for-rent/91/195257/imp56618154","https://www.img.imali.biz/Im_mini_1/000008/10031_195257_aZTfXKO5MMb.jpg","Kimironko zindiro","O","Fri, 08 Dec 2023 8:30:31","Apartment for rent","Gasabo","$ 500"
"https://imali.biz/isaziso/houses-for-rent/27/195180/imp36254247","https://www.img.imali.biz/Im_mini_1/000009/6138_195180_FwIrGx3SVcB.jpg","KACYIRU nice house for rent.","O","Fri, 08 Dec 2023 10:04:18","Houses for rent","Gasabo","$ 800"
"https://imali.biz/isaziso/warehouse/98/195097/imp21815736","https://www.img.imali.biz/Im_mini_1/000000/926_195097_deQbh7ExCVv.jpg","Warehouses for rent/Depo zikodeshwa I Masoro Gikon","O","Fri, 08 Dec 2023 10:00:05","Warehouse","Gasabo","$ 7"
"https://imali.biz/isaziso/apartment-for-rent/91/195095/imp49096862","https://www.img.imali.biz/Im_mini_1/000002/10058_195095_fgZ4zjHuwHs.jpg","Apalitoma ikodeshwa iherereye Kimironko Kibagabaga","O","Fri, 08 Dec 2023 10:00:06","Apartment for rent","Gasabo","RWF 800,000"
"https://imali.biz/isaziso/apartment-for-rent/91/195092/imp46601853","https://www.img.imali.biz/Im_mini_1/000007/10058_195092_rRdEv0MP4E1.jpg","Inozu irakodeshwa iherereye rusororo","O","Fri, 08 Dec 2023 10:00:01","Apartment for rent","Gasabo","RWF 800,000"
"https://imali.biz/isaziso/apartment-for-rent/91/195089/imp32937921","https://www.img.imali.biz/Im_mini_1/000008/10058_195089_4mHI727vllx.jpg","Inozu irakodeshwa iherereye rusororo","O","Fri, 08 Dec 2023 10:00:02","Apartment for rent","Gasabo","RWF 800,000"
"https://imali.biz/isaziso/houses-for-rent/27/195087/imp52050271","https://www.img.imali.biz/Im_mini_1/000000/10058_195087_tyzOTOHv6Oh.jpg","Inozu irakodeshwa iherereye Kimironko Kibagabaga","O","Fri, 08 Dec 2023 10:00:01","Houses for rent","Gasabo","RWF 600,000"
"https://imali.biz/isaziso/houses-for-rent/27/195065/imp36882385","https://www.img.imali.biz/Im_mini_1/000002/10031_195065_40z82czF5p2.jpg","Kigali parensi  kote yakanombe","O","Thu, 07 Dec 2023 12:03:52","Houses for rent","Gasabo","$ 600"
"https://imali.biz/isaziso/houses-for-rent/27/195051/imp25121883","https://www.img.imali.biz/Im_mini_1/000009/7493_195051_1EkU11M9cqg.jpg","Inzu nziza ikodeshwa","O","Thu, 07 Dec 2023 10:51:36","Houses for rent","Gasabo","RWF 300,000"
"https://imali.biz/isaziso/apartment-for-rent/91/195032/imp19656967","https://www.img.imali.biz/Im_mini_1/000000/10031_195032_yVnJQX3kuTb.jpg","Kimironko kuri kaburimbo","O","Fri, 08 Dec 2023 8:17:19","Apartment for rent","Gasabo","RWF 600,000"
"https://imali.biz/isaziso/apartment-for-rent/91/195002/imp23835533","https://www.img.imali.biz/Im_mini_1/000000/10058_195002_Cd8Mzewqehv.jpg","Apalitoma ikodeshwa iherereye Kimironko","O","Wed, 06 Dec 2023 9:23:09","Apartment for rent","Gasabo","RWF 350,000"
"https://imali.biz/isaziso/apartment-for-rent/91/195000/imp42295257","https://www.img.imali.biz/Im_mini_1/000006/10058_195000_g5D7idMhRyP.jpg","Apalitoma ikodeshwa iherereye Kimironko Kibagabaga","O","Wed, 06 Dec 2023 9:23:19","Apartment for rent","Gasabo","RWF 800,000"
"https://imali.biz/isaziso/houses-for-rent/27/194996/imp57293685","https://www.img.imali.biz/Im_mini_1/000000/10058_194996_TE0Ipi070cV.jpg","Apalitoma ikodeshwa iherereye rusororo","O","Wed, 06 Dec 2023 9:35:18","Houses for rent","Gasabo","RWF 800,000"
"https://imali.biz/isaziso/houses-for-rent/27/194994/imp34560636","https://www.img.imali.biz/Im_mini_1/000008/10058_194994_8HmmlT2IQoy.jpg","Inozu irakodeshwa iherereye Kimironko Kibagabaga","O","Wed, 06 Dec 2023 9:36:57","Houses for rent","Gasabo","RWF 600,000"
"https://imali.biz/isaziso/houses-for-rent/27/194949/imp13700723","https://www.img.imali.biz/Im_mini_1/000009/7493_194949_NUqzkDg7jUz.jpg","Inzu nziza ikodeshwa","O","Thu, 07 Dec 2023 8:56:01","Houses for rent","Gasabo","RWF 250,000"
"https://imali.biz/isaziso/houses-for-rent/27/194902/imp28426898","https://www.img.imali.biz/Im_mini_1/000005/10031_194902_LLiqfEardC9.jpg","Kibagabaga kimironko","O","Wed, 06 Dec 2023 12:56:17","Houses for rent","Gasabo","RWF 250,000"
"https://imali.biz/isaziso/houses-for-rent/27/194892/imp40969025","https://www.img.imali.biz/Im_mini_1/000002/10031_194892_XnKBoeAwb8z.jpg","Kibagabaga kimironko","O","Wed, 06 Dec 2023 11:21:27","Houses for rent","Gasabo","$ 400"
"https://imali.biz/isaziso/houses-for-rent/27/194891/imp50952551","https://www.img.imali.biz/Im_mini_1/000007/10031_194891_1Ipz4TIrnQS.jpg","Kibagabaga kimironko","O","Wed, 06 Dec 2023 11:14:07","Houses for rent","Gasabo","$ 700"
"https://imali.biz/isaziso/apartment-for-rent/91/194888/imp38611702","https://www.img.imali.biz/Im_mini_1/000008/10058_194888_EkEsAXlSeuo.jpg","Apalitoma ikodeshwa iherereye Kimironko","O","Wed, 06 Dec 2023 11:21:39","Apartment for rent","Gasabo","RWF 350,000"
"https://imali.biz/isaziso/houses-for-rent/27/194887/imp25657017","https://www.img.imali.biz/Im_mini_1/000006/10058_194887_DKF1wHnj8aN.jpg","Inozu irakodeshwa iherereye Kimironko Kibagabaga","O","Wed, 06 Dec 2023 11:21:39","Houses for rent","Gasabo","RWF 800,000"
"https://imali.biz/isaziso/houses-for-rent/27/194882/imp17563766","https://www.img.imali.biz/Im_mini_1/000002/10058_194882_fGrVRpGozlq.jpg","Inozu irakodeshwa iherereye Kimironko Kibagabaga","O","Tue, 05 Dec 2023 17:45:59","Houses for rent","Gasabo","RWF 600,000"
"https://imali.biz/isaziso/houses-for-rent/27/194880/imp5569838","https://www.img.imali.biz/Im_mini_1/000001/7493_194880_NIGjA0818Mk.jpg","Inzu nziza ikodeshwa","O","Tue, 05 Dec 2023 8:08:43","Houses for rent","Kicukiro","RWF 200,000"
"https://imali.biz/isaziso/houses-for-rent/27/194877/imp18660857","https://www.img.imali.biz/Im_mini_1/000008/7493_194877_rFR6vkjp27L.jpg","Inzu nziza ikodeshwa","O","Tue, 05 Dec 2023 8:46:46","Houses for rent","Kicukiro","RWF 200,000"
"https://imali.biz/isaziso/apartment-for-rent/91/194874/imp33266748","https://www.img.imali.biz/Im_mini_1/000002/7493_194874_6VgKrJs7Lva.jpg","Apartment nziza ikodeshwa","O","Tue, 05 Dec 2023 8:11:03","Apartment for rent","Kicukiro","RWF 150,000"
"https://imali.biz/isaziso/houses-for-rent/27/194869/imp34814097","https://www.img.imali.biz/Im_mini_1/000004/6138_194869_NJ4PxVPRSKO.jpg","KIMIHURURA fully furnished house for rent.","O","Tue, 05 Dec 2023 8:47:26","Houses for rent","Gasabo","$ 700"
"https://imali.biz/isaziso/houses-for-rent/27/194868/imp15743608","https://www.img.imali.biz/Im_mini_1/000006/6138_194868_K1t8kkhktbH.jpg","GISOZI awesome fully furnished house for rent.","O","Tue, 05 Dec 2023 8:53:55","Houses for rent","Gasabo","$ 1,200"
"https://imali.biz/isaziso/houses-for-rent/27/194864/imp44883100","https://www.img.imali.biz/Im_mini_1/000000/10031_194864_YBIZcD3MFIf.jpg","Kigali parensi","O","Tue, 05 Dec 2023 9:00:50","Houses for rent","Gasabo","$ 700"
"https://imali.biz/isaziso/houses-for-rent/27/194862/imp39242410","https://www.img.imali.biz/Im_mini_1/000003/10031_194862_CRKta2XGGNf.jpg","Kigali parensi","O","Tue, 05 Dec 2023 9:02:02","Houses for rent","Gasabo","RWF 700,000"
"https://imali.biz/isaziso/houses-for-rent/27/194855/imp45707926","https://www.img.imali.biz/Im_mini_1/000000/7493_194855_kWMlTHNeabE.jpg","Inzu nziza ikodeshwa","O","Mon, 04 Dec 2023 13:52:09","Houses for rent","Gasabo","RWF 400,000"
"https://imali.biz/isaziso/warehouse/98/194728/imp28748321","https://www.img.imali.biz/Im_mini_1/000001/926_194728_2znPfX5GJSN.jpg","Warehouses for rent in Gikondo/Depo zikodeshwa I G","O","Mon, 04 Dec 2023 9:08:06","Warehouse","Kicukiro","$ 6"
"https://imali.biz/isaziso/houses-for-rent/27/194703/imp25088269","https://www.img.imali.biz/Im_mini_1/000002/10031_194703_xoyyfFfUrJp.jpg","Ikinyinya kuri kaburimbo","O","Sun, 03 Dec 2023 9:50:46","Houses for rent","Gasabo","$ 800"
"https://imali.biz/isaziso/houses-for-rent/27/194702/imp9639936","https://www.img.imali.biz/Im_mini_1/000002/10031_194702_WFGoBvmKHB2.jpg","Kurazamu","O","Sun, 03 Dec 2023 9:50:46","Houses for rent","Gasabo","$ 400"
"https://imali.biz/isaziso/houses-for-rent/27/194701/imp0790857","https://www.img.imali.biz/Im_mini_1/000008/10031_194701_kUv23SRXSlp.jpg","Kibagabaga ahantu heza","O","Sun, 03 Dec 2023 11:25:39","Houses for rent","Gasabo","$ 1,000"
"https://imali.biz/isaziso/houses-for-rent/27/194691/imp10347430","https://www.img.imali.biz/Im_mini_1/000009/7493_194691_A7DzV4HnqKI.jpg","Inzu nziza ikodeshwa","O","Sun, 03 Dec 2023 9:51:16","Houses for rent","Gasabo","RWF 300,000"
"https://imali.biz/isaziso/houses-for-rent/27/194690/imp3786383","https://www.img.imali.biz/Im_mini_1/000006/7493_194690_tTYYAIdbjsh.jpg","Inzu nziza ikodeshwa","O","Sun, 03 Dec 2023 9:51:24","Houses for rent","Kicukiro","RWF 300,000"
"https://imali.biz/isaziso/houses-for-rent/27/194649/imp26689298","https://www.img.imali.biz/Im_mini_1/000006/6138_194649_BzM0RMFQm7a.jpg","KIBAGABAGA stunning fully furnished house for rent","O","Fri, 01 Dec 2023 20:10:48","Houses for rent","Gasabo","$ 1,000"
"https://imali.biz/isaziso/houses-for-rent/27/194648/imp12744327","https://www.img.imali.biz/Im_mini_1/000008/6138_194648_UPhzEl7UthL.jpg","A nice full furnished house for rent at KIBAGABAGA","O","Fri, 01 Dec 2023 20:10:36","Houses for rent","Gasabo","$ 1,000"
"https://imali.biz/isaziso/houses-for-rent/27/194646/imp18140348","https://www.img.imali.biz/Im_mini_1/000005/10093_194646_AxIuWJ6vRVx.jpg","Kicukiro niboye house for rent 600k","O","Fri, 01 Dec 2023 14:35:59","Houses for rent","Kicukiro","RWF 600,000"
"https://imali.biz/isaziso/houses-for-rent/27/194645/imp19371055","https://www.img.imali.biz/Im_mini_1/000006/10093_194645_z5NO4A3vR9r.jpg","Kicukiro rebero fully furnished house for rent","O","Fri, 01 Dec 2023 14:36:01","Houses for rent","Kicukiro","RWF 2,500,000"
"https://imali.biz/isaziso/houses-for-rent/27/194208/imp41684351","https://www.img.imali.biz/Im_mini_1/000004/8519_194208_Axn50AyzCtO.jpg","house for rent","O","Wed, 29 Nov 2023 10:12:01","Houses for rent","Kicukiro","RWF 800,000"
"https://imali.biz/isaziso/houses-for-rent/27/194199/imp24442689","https://www.img.imali.biz/Im_mini_1/000003/9888_194199_sQDuXy8eDnG.jpg","Nice house for rent in Niboyi sen Joseph at 700k","O","Wed, 29 Nov 2023 10:10:05","Houses for rent","Kicukiro","RWF 7,000,000"
"https://imali.biz/isaziso/houses-for-rent/27/194021/imp36666669","https://www.img.imali.biz/Im_mini_1/000001/10058_194021_R9tb5XIHaqR.jpg","Apalitoma ikodeshwa iherereye Kimironko","O","Mon, 27 Nov 2023 14:30:37","Houses for rent","Gasabo","RWF 350,000"
"https://imali.biz/isaziso/apartment-for-rent/91/194020/imp34632792","https://www.img.imali.biz/Im_mini_1/000003/10058_194020_CNenBqupY8o.jpg","Apalitoma ikodeshwa iherereye Kimironko","O","Mon, 27 Nov 2023 14:30:36","Apartment for rent","Gasabo","RWF 450,000"
"https://imali.biz/isaziso/apartment-for-rent/91/194019/imp30472980","https://www.img.imali.biz/Im_mini_1/000006/10058_194019_RkTro7bksWn.jpg","Apalitoma ikodeshwa iherereye Kimironko Kibagabaga","O","Mon, 27 Nov 2023 15:33:05","Apartment for rent","Gasabo","RWF 700,000"
"https://imali.biz/isaziso/apartment-for-rent/91/194018/imp19203336","https://www.img.imali.biz/Im_mini_1/000001/10058_194018_oDrH2ygC351.jpg","Apalitoma ikodeshwa iherereye Kimironko Kibagabaga","O","Mon, 27 Nov 2023 15:40:25","Apartment for rent","Gasabo","RWF 800,000"
"https://imali.biz/isaziso/houses-for-rent/27/194017/imp11250931","https://www.img.imali.biz/Im_mini_1/000006/10058_194017_IwZTbUCphL0.jpg","Apalitoma ikodeshwa iherereye rusororo","O","Mon, 27 Nov 2023 15:48:13","Houses for rent","Gasabo","RWF 800,000"
"https://imali.biz/isaziso/houses-for-rent/27/194016/imp10455225","https://www.img.imali.biz/Im_mini_1/000009/10058_194016_4d5bn4eYoSw.jpg","Inozu irakodeshwa iherereye Kimironko","O","Mon, 27 Nov 2023 15:33:07","Houses for rent","Gasabo","RWF 600,000"
"https://imali.biz/isaziso/houses-for-rent/27/194015/imp13704819","https://www.img.imali.biz/Im_mini_1/000008/10058_194015_W1bpdOVycKK.jpg","Apalitoma ikodeshwa iherereye Kimironko Kibagabaga","O","Mon, 27 Nov 2023 15:33:07","Houses for rent","Gasabo","RWF 600,000"
"https://imali.biz/isaziso/houses-for-rent/27/194014/imp42020660","https://www.img.imali.biz/Im_mini_1/000002/10058_194014_NU5KYoWN0nJ.jpg","Inozu irakodeshwa iherereye Kimironko Kibagabaga","O","Mon, 27 Nov 2023 15:33:09","Houses for rent","Gasabo","RWF 400,000"
"https://imali.biz/isaziso/houses-for-rent/27/194008/imp12425368","https://www.img.imali.biz/Im_mini_1/000003/6138_194008_5CNoN06QLqh.jpg","A spacious house for rent at KANOMBE.","O","Mon, 27 Nov 2023 15:25:22","Houses for rent","Kicukiro","RWF 55,000,000"
"https://imali.biz/isaziso/houses-for-rent/27/193993/imp48623969","https://www.img.imali.biz/Im_mini_1/000000/10031_193993_FHL1hHz6eng.jpg","Kimironko zindiro","O","Mon, 27 Nov 2023 15:13:29","Houses for rent","Gasabo","$ 800"
"https://imali.biz/isaziso/houses-for-rent/27/193990/imp25437467","https://www.img.imali.biz/Im_mini_1/000000/10031_193990_82EtyCEu3DS.jpg","Ikinyinya kuri kaburimbo","O","Mon, 27 Nov 2023 15:13:32","Houses for rent","Gasabo","$ 1,000"
"https://imali.biz/isaziso/houses-for-rent/27/193988/imp22376252","https://www.img.imali.biz/Im_mini_1/000005/10031_193988_gTulWgEsfWw.jpg","Kimironko zindiro","O","Mon, 27 Nov 2023 15:13:32","Houses for rent","Gasabo","RWF 400,000"
"https://imali.biz/isaziso/houses-for-rent/27/193956/imp14100563","https://www.img.imali.biz/Im_mini_1/000008/8851_193956_WfH8uy91Xp0.jpg","Nice house for rent at kanombe","O","Fri, 24 Nov 2023 9:56:20","Houses for rent","Kicukiro","RWF 300,000"
"https://imali.biz/isaziso/houses-for-rent/27/193955/imp20935777","https://www.img.imali.biz/Im_mini_1/000008/8851_193955_QVpIM0hTyhq.jpg","Nice house for rent at kicukiro kagarama","O","Fri, 24 Nov 2023 9:56:20","Houses for rent","Kicukiro","RWF 500,000"
"https://imali.biz/isaziso/houses-for-rent/27/193954/imp12319025","https://www.img.imali.biz/Im_mini_1/000007/8851_193954_AI5Tu3bj6Fq.jpg","Nice house for rent at kanombe","O","Fri, 24 Nov 2023 9:56:20","Houses for rent","Kicukiro","RWF 450,000"
"https://imali.biz/isaziso/houses-for-rent/27/193952/imp30536592","https://www.img.imali.biz/Im_mini_1/000006/7493_193952_MSdYw3CvcKI.jpg","Inzu nziza ikodeshwa","O","Fri, 24 Nov 2023 9:56:20","Houses for rent","Kicukiro","RWF 500,000"
"https://imali.biz/isaziso/houses-for-rent/27/193948/imp27755696","https://www.img.imali.biz/Im_mini_1/000005/7493_193948_t3AI1tuEG1W.jpg","Inzu nziza ikodeshwa","O","Thu, 23 Nov 2023 20:59:24","Houses for rent","Kicukiro","RWF 500,000"
"https://imali.biz/isaziso/houses-for-rent/27/193923/imp21629859","https://www.img.imali.biz/Im_mini_1/000005/8851_193923_6rroPCG1iG4.jpg","Nice house for rent at kicukiro gahanga","O","Thu, 23 Nov 2023 21:06:25","Houses for rent","Kicukiro","RWF 250,000"
"https://imali.biz/isaziso/houses-for-rent/27/193920/imp36599723","https://www.img.imali.biz/Im_mini_1/000002/8851_193920_K3GuK5lLbLk.jpg","Nice house for rent at kanombe","O","Thu, 23 Nov 2023 21:06:27","Houses for rent","Kicukiro","RWF 300,000"
"https://imali.biz/isaziso/warehouse/98/193913/imp46200543","https://www.img.imali.biz/Im_mini_1/000007/926_193913_i3OvVDYodvg.jpg","Warehouses for rent/Depo zikodeshwa I Gikondo& Mas","O","Thu, 23 Nov 2023 8:33:51","Warehouse","Gasabo","$ 6"
"https://imali.biz/isaziso/houses-for-rent/27/193843/imp41819489","https://www.img.imali.biz/Im_mini_1/000007/10031_193843_SWCIrl6NQl4.jpg","Ikinyinya kuri kaburimbo","O","Wed, 22 Nov 2023 10:06:42","Houses for rent","Gasabo","$ 1,000"
"https://imali.biz/isaziso/houses-for-rent/27/193808/imp44575002","https://www.img.imali.biz/Im_mini_1/000000/10093_193808_ShqUqhqi8JF.jpg","Kicukiro rebero house for rent","O","Wed, 22 Nov 2023 11:11:32","Houses for rent","Kicukiro","RWF 1,000,000"
"https://imali.biz/isaziso/houses-for-rent/27/193779/imp45703839","https://www.img.imali.biz/Im_mini_1/000005/10031_193779_xaQQI8IGJXZ.jpg","Ikinyinya kuri kaburimbo","O","Wed, 22 Nov 2023 12:05:39","Houses for rent","Gasabo","$ 1,000"
"https://imali.biz/isaziso/houses-for-rent/27/193776/imp15490930","https://www.img.imali.biz/Im_mini_1/000007/10031_193776_ADXWrVpA5nt.jpg","Ikinyinya kwanyamvumba","O","Tue, 21 Nov 2023 14:23:18","Houses for rent","Gasabo","$ 1,500"
"https://imali.biz/isaziso/apartment-for-rent/91/193743/imp15130973","https://www.img.imali.biz/Im_mini_1/000002/10031_193743_eoXjuwN3CWm.jpg","Kimironko","O","Tue, 21 Nov 2023 10:01:59","Apartment for rent","Gasabo","RWF 350,000"
"https://imali.biz/isaziso/houses-for-rent/27/193735/imp34216690","https://www.img.imali.biz/Im_mini_1/000007/10031_193735_X4LVUeM9pAg.jpg","Kibagabaga kimironko","O","Tue, 21 Nov 2023 7:13:05","Houses for rent","Gasabo","RWF 500,000"
"https://imali.biz/isaziso/apartment-for-rent/91/193711/imp19160365","https://www.img.imali.biz/Im_mini_1/000006/7493_193711_LCiDAPfOAbJ.jpg","Apartment nziza ikodehwa","O","Mon, 20 Nov 2023 15:56:31","Apartment for rent","Kicukiro","$ 600"
"https://imali.biz/isaziso/houses-for-rent/27/193704/imp51758904","https://www.img.imali.biz/Im_mini_1/000001/10031_193704_PY7FZuLGbOs.jpg","Cumi 15 ikanombe","O","Mon, 20 Nov 2023 15:18:57","Houses for rent","Kicukiro","$ 800"
"https://imali.biz/isaziso/houses-for-rent/27/193673/imp17362254","https://www.img.imali.biz/Im_mini_1/000003/10031_193673_L6zHDnLdoIt.jpg","Kuri Azamu","O","Mon, 20 Nov 2023 15:56:28","Houses for rent","Gasabo","$ 80"
"https://imali.biz/isaziso/apartment-for-rent/91/193666/imp57313217","https://www.img.imali.biz/Im_mini_1/000007/7493_193666_leE4I1eFRwX.jpg","Apparitoma nziza ikodeshwa","O","Mon, 20 Nov 2023 15:56:23","Apartment for rent","Gasabo","RWF 300,000"
"https://imali.biz/isaziso/houses-for-rent/27/193554/imp23950734","https://www.img.imali.biz/Im_mini_1/000005/10031_193554_JmBsT6PXSPv.jpg","Kuri azamu","O","Mon, 20 Nov 2023 17:21:57","Houses for rent","Gasabo","RWF 800"
"https://imali.biz/isaziso/houses-for-rent/27/193553/imp50952525","https://www.img.imali.biz/Im_mini_1/000005/10031_193553_eumOm7jkQhz.jpg","Kimironko zindiro","O","Mon, 20 Nov 2023 17:21:57","Houses for rent","Gasabo","$ 800"
"https://imali.biz/isaziso/houses-for-rent/27/193552/imp24208625","https://www.img.imali.biz/Im_mini_1/000003/10031_193552_gmecamdfU54.jpg","Kimironko","O","Mon, 20 Nov 2023 17:15:27","Houses for rent","Gasabo","$ 800"
"https://imali.biz/isaziso/houses-for-rent/27/193543/imp10664068","https://www.img.imali.biz/Im_mini_1/000009/7493_193543_l4iDT7RegF5.jpg","Inzu nziza ikodeshwa","O","Mon, 20 Nov 2023 10:40:48","Houses for rent","Gasabo","RWF 250,000"
"https://imali.biz/isaziso/houses-for-rent/27/193542/imp38004208","https://www.img.imali.biz/Im_mini_1/000001/7493_193542_kPC65CXXUsm.jpg","Inzu nziza ikodeshwa","O","Mon, 20 Nov 2023 10:40:48","Houses for rent","Kicukiro","RWF 500,000"
"https://imali.biz/isaziso/houses-for-rent/27/193541/imp1676659","https://www.img.imali.biz/Im_mini_1/000006/10031_193541_Lux6auWePoB.jpg","Ikinyinya ahantu heza","O","Mon, 20 Nov 2023 10:33:27","Houses for rent","Gasabo","RWF 400,000"
"https://imali.biz/isaziso/houses-for-rent/27/193540/imp2211047","https://www.img.imali.biz/Im_mini_1/000001/10031_193540_iOVMHAt0Hoh.jpg","Kuri azamu","O","Mon, 20 Nov 2023 10:40:50","Houses for rent","Gasabo","RWF 500,000"
"https://imali.biz/isaziso/apartment-for-rent/91/193500/imp36782996","https://www.img.imali.biz/Im_mini_1/000007/9562_193500_hXkZhXe0JA7.jpg","Kibagabaga apartment for rent 500$/0785582552","O","Mon, 20 Nov 2023 10:11:17","Apartment for rent","Gasabo","$ 500"
"https://imali.biz/isaziso/houses-for-rent/27/193478/imp5783131","https://www.img.imali.biz/Im_mini_1/000008/9966_193478_QPHXa0xxst4.jpg","Nice house for rent","O","Mon, 20 Nov 2023 9:40:39","Houses for rent","Gasabo","RWF 250,000"
"https://imali.biz/isaziso/apartment-for-rent/91/193451/imp10044533","https://www.img.imali.biz/Im_mini_1/000003/10058_193451_ZimMPRtRaWI.jpg","Apalitoma ikodeshwa iherereye Kimironko Kibagabaga","O","Fri, 17 Nov 2023 13:03:07","Apartment for rent","Gasabo","RWF 500,000,000"
"https://imali.biz/isaziso/apartment-for-rent/91/193448/imp7740005","https://www.img.imali.biz/Im_mini_1/000009/10058_193448_e3TSFfh3DDO.jpg","Apalitoma ikodeshwa iherereye Kimironko","O","Fri, 17 Nov 2023 12:56:04","Apartment for rent","Gasabo","RWF 350,000,000"
"https://imali.biz/isaziso/apartment-for-rent/91/193445/imp26409956","https://www.img.imali.biz/Im_mini_1/000007/10058_193445_Z8QVVQD4yFX.jpg","Apalitoma ikodeshwa iherereye Kimironko Kibagabaga","O","Mon, 20 Nov 2023 9:33:55","Apartment for rent","Gasabo","RWF 700,000,000"
"https://imali.biz/isaziso/apartment-for-rent/91/193443/imp17638555","https://www.img.imali.biz/Im_mini_1/000006/10058_193443_bwgSDr5NQKx.jpg","Apalitoma ikodeshwa iherereye rusororo","O","Fri, 17 Nov 2023 12:48:58","Apartment for rent","Gasabo","RWF 800,000,000"
"https://imali.biz/isaziso/apartment-for-rent/91/193440/imp6302281","https://www.img.imali.biz/Im_mini_1/000002/10058_193440_nGVVqtK01OB.jpg","Apalitoma ikodeshwa iherereye Kimironko","O","Mon, 20 Nov 2023 10:19:26","Apartment for rent","Gasabo","RWF 450,000,000"
"https://imali.biz/isaziso/houses-for-rent/27/193417/imp58237421","https://www.img.imali.biz/Im_mini_1/000000/10031_193417_5C1X3MtABQR.jpg","Ikanombe","O","Mon, 20 Nov 2023 8:08:57","Houses for rent","Kicukiro","RWF 350,000"
"https://imali.biz/isaziso/houses-for-rent/27/193400/imp12663275","https://www.img.imali.biz/Im_mini_1/000004/10093_193400_poIqNOlIF5w.jpg","Kicukiro niboye house for rent 700k","O","Fri, 17 Nov 2023 7:33:19","Houses for rent","Kicukiro","RWF 700,000"
"https://imali.biz/isaziso/houses-for-rent/27/193399/imp40755508","https://www.img.imali.biz/Im_mini_1/000007/10093_193399_xKbJuwamqhb.jpg","Kibagabaga house for rent 600k","O","Fri, 17 Nov 2023 7:33:16","Houses for rent","Gasabo","RWF 600,000"
"https://imali.biz/isaziso/houses-for-rent/27/193398/imp20340924","https://www.img.imali.biz/Im_mini_1/000001/7493_193398_5vHWjp6KWeX.jpg","Inzu nziza ikodeshwa","O","Fri, 17 Nov 2023 7:33:13","Houses for rent","Kicukiro","RWF 150,000"
"https://imali.biz/isaziso/houses-for-rent/27/193395/imp38332353","https://www.img.imali.biz/Im_mini_1/000000/9966_193395_z5jpWmq3k1s.jpg","Nice house for rent","O","Fri, 17 Nov 2023 7:33:03","Houses for rent","Kicukiro","RWF 500,000"
"https://imali.biz/isaziso/houses-for-rent/27/193394/imp36011084","https://www.img.imali.biz/Im_mini_1/000006/9966_193394_BYXpgG61zmM.jpg","Nice house for rent","O","Fri, 17 Nov 2023 7:33:00","Houses for rent","Kicukiro","RWF 500,000"
"https://imali.biz/isaziso/houses-for-rent/27/193393/imp56322325","https://www.img.imali.biz/Im_mini_1/000008/9966_193393_EibWQTUqtvg.jpg","Nice house for rent","O","Fri, 17 Nov 2023 7:32:53","Houses for rent","Kicukiro","RWF 500,000"
"https://imali.biz/isaziso/apartment-for-rent/91/193390/imp0562581","https://www.img.imali.biz/Im_mini_1/000005/10058_193390_iZdQf9pReVX.jpg","Apalitoma ikodeshwa iherereye Kimironko","O","Fri, 17 Nov 2023 7:32:33","Apartment for rent","Gasabo","RWF 450,000,000"
"https://imali.biz/isaziso/apartment-for-rent/91/193389/imp38580371","https://www.img.imali.biz/Im_mini_1/000006/10058_193389_EaKXRdLf50m.jpg","Apalitoma ikodeshwa iherereye Kimironko Kibagabaga","O","Thu, 16 Nov 2023 19:47:18","Apartment for rent","Gasabo","RWF 500,000,000"
"https://imali.biz/isaziso/apartment-for-rent/91/193388/imp23378054","https://www.img.imali.biz/Im_mini_1/000001/10058_193388_WaZdE4mxO3O.jpg","Apalitoma ikodeshwa iherereye Kimironko Kibagabaga","O","Thu, 16 Nov 2023 19:54:40","Apartment for rent","Gasabo","RWF 800,000,000"
"https://imali.biz/isaziso/apartment-for-rent/91/193387/imp7957693","https://www.img.imali.biz/Im_mini_1/000000/10058_193387_XzOrRLw5EGK.jpg","Apalitoma ikodeshwa iherereye rusororo","O","Thu, 16 Nov 2023 19:47:01","Apartment for rent","Gasabo","RWF 800,000,000"
"https://imali.biz/isaziso/apartment-for-rent/91/193284/imp39417280","https://www.img.imali.biz/Im_mini_1/000006/10058_193284_dmYDmHwdoDx.jpg","Apalitoma ikodeshwa iherereye rusororo","O","Thu, 16 Nov 2023 18:53:03","Apartment for rent","Gasabo","RWF 800,000,000"
"https://imali.biz/isaziso/houses-for-rent/27/193281/imp1903801","https://www.img.imali.biz/Im_mini_1/000005/10058_193281_o5REhTN8VyL.jpg","Inozu irakodeshwa iherereye Kimironko","O","Thu, 16 Nov 2023 18:52:42","Houses for rent","Gasabo","RWF 350,000,000"
"https://imali.biz/isaziso/houses-for-rent/27/193277/imp24018148","https://www.img.imali.biz/Im_mini_1/000005/10058_193277_8H7T9aVDCnk.jpg","Inozu irakodeshwa iherereye Kimironko","O","Thu, 16 Nov 2023 19:06:23","Houses for rent","Gasabo","RWF 450,000,000"
"https://imali.biz/isaziso/houses-for-rent/27/193272/imp52574364","https://www.img.imali.biz/Im_mini_1/000003/10058_193272_aC3XVCtkIZi.jpg","Inozu irakodeshwa iherereye rusororo","O","Thu, 16 Nov 2023 18:46:57","Houses for rent","Gasabo","RWF 800,000,000"
"https://imali.biz/isaziso/houses-for-rent/27/193214/imp42236048","https://www.img.imali.biz/Im_mini_1/000007/7493_193214_FQAsiHTFZOt.jpg","Inzu nziza ikodeshwa","O","Thu, 16 Nov 2023 7:26:11","Houses for rent","Kicukiro","RWF 350,000"
"https://imali.biz/isaziso/houses-for-rent/27/193213/imp44233860","https://www.img.imali.biz/Im_mini_1/000005/7493_193213_cIGJ9FNs8nv.jpg","Inzu nziza ikodeshwa","O","Thu, 16 Nov 2023 7:26:09","Houses for rent","Kicukiro","RWF 300,000"
"https://imali.biz/isaziso/houses-for-rent/27/193187/imp53463683","https://www.img.imali.biz/Im_mini_1/000009/10031_193187_rFFNrADJUld.jpg","Kimironko ahantu heza","O","Thu, 16 Nov 2023 8:12:52","Houses for rent","Gasabo","RWF 300,000"
"https://imali.biz/isaziso/houses-for-rent/27/193153/imp4512125","https://www.img.imali.biz/Im_mini_1/000009/8851_193153_t6s93yrVuQz.jpg","Nice house for rent at kanombe","O","Wed, 15 Nov 2023 8:42:51","Houses for rent","Kicukiro","RWF 350,000"
"https://imali.biz/isaziso/houses-for-rent/27/193119/imp3491205","https://www.img.imali.biz/Im_mini_1/000006/10093_193119_xakYI0rou5D.jpg","Kanombe house for rent 400k","O","Wed, 15 Nov 2023 8:42:51","Houses for rent","Kicukiro","RWF 400,000"
"https://imali.biz/isaziso/houses-for-rent/27/193118/imp32689583","https://www.img.imali.biz/Im_mini_1/000004/10093_193118_jBIZWEf8tXl.jpg","Kibagabaga unfurnished house for rent 2500$","O","Wed, 15 Nov 2023 8:43:03","Houses for rent","Gasabo","RWF 2,500,000"
"https://imali.biz/isaziso/houses-for-rent/27/193117/imp46514006","https://www.img.imali.biz/Im_mini_1/000006/10093_193117_ZxUDOFYB5Ui.jpg","Kicukiro  house for rent 700k negotiable for Long","O","Wed, 15 Nov 2023 8:35:26","Houses for rent","Kicukiro","RWF 700,000"
"https://imali.biz/isaziso/houses-for-rent/27/193116/imp49743157","https://www.img.imali.biz/Im_mini_1/000003/10093_193116_XLRgFTURflX.jpg","Kicukiro Kagarama house for rent 500k","O","Wed, 15 Nov 2023 8:35:26","Houses for rent","Kicukiro","RWF 500,000"
"https://imali.biz/isaziso/houses-for-rent/27/193115/imp33730303","https://www.img.imali.biz/Im_mini_1/000005/10093_193115_yLgIjJzEjZx.jpg","Kicukiro  house for rent 600k","O","Wed, 15 Nov 2023 8:35:26","Houses for rent","Kicukiro","RWF 600,000"
"https://imali.biz/isaziso/houses-for-rent/27/193114/imp29468844","https://www.img.imali.biz/Im_mini_1/000002/10093_193114_QmcZyELp7BU.jpg","Kicukiro niboye house for rent 700k negotiable","O","Wed, 15 Nov 2023 8:35:26","Houses for rent","Kicukiro","RWF 700,000"
"https://imali.biz/isaziso/apartment-for-rent/91/193096/imp7486779","https://www.img.imali.biz/Im_mini_1/000004/10031_193096_gNHKDmpvX6Q.jpg","Ikanombe","O","Tue, 14 Nov 2023 17:38:31","Apartment for rent","Kicukiro","RWF 250,000"
"https://imali.biz/isaziso/houses-for-rent/27/193093/imp28250363","https://www.img.imali.biz/Im_mini_1/000005/10031_193093_ZTuySDIwtDy.jpg","Inzu ikodeshwa ikanombe kuri kaburimbo","P","Tue, 14 Nov 2023 17:38:31","Houses for rent","Kicukiro","RWF 300,000"
"https://imali.biz/isaziso/houses-for-rent/27/193073/imp1341591","https://www.img.imali.biz/Im_mini_1/000007/10031_193073_PFHQmBElqSj.jpg","Kimironko zindiro","O","Tue, 14 Nov 2023 14:57:52","Houses for rent","Gasabo","RWF 350,000"
"https://imali.biz/isaziso/apartment-for-rent/91/193072/imp18389053","https://www.img.imali.biz/Im_mini_1/000007/10031_193072_F8qv0RxzdCZ.jpg","Kimironko zindiro","O","Tue, 14 Nov 2023 14:42:40","Apartment for rent","Gasabo","RWF 350,000"
"https://imali.biz/isaziso/houses-for-rent/27/193070/imp20331937","https://www.img.imali.biz/Im_mini_1/000003/10031_193070_dBiboe9XxI8.jpg","Kigali parensi  kote yakanombe","O","Tue, 14 Nov 2023 13:15:32","Houses for rent","Gasabo","RWF 450,000"
"https://imali.biz/isaziso/houses-for-rent/27/193030/imp13154677","https://www.img.imali.biz/Im_mini_1/000001/10093_193030_FOQ5S62xKbl.jpg","Kicukiro rebero fully furnished house for rent","O","Tue, 14 Nov 2023 14:11:27","Houses for rent","Kicukiro","RWF 2,000,000"
"https://imali.biz/isaziso/houses-for-rent/27/193027/imp58179533","https://www.img.imali.biz/Im_mini_1/000004/10093_193027_NrUEEDA4EAr.jpg","Kanombe house for rent 400k","O","Tue, 14 Nov 2023 13:57:06","Houses for rent","Kicukiro","RWF 400,000"
"https://imali.biz/isaziso/apartment-for-rent/91/192955/imp25503725","https://www.img.imali.biz/Im_mini_1/000006/7493_192955_FICqNL5WX1G.jpg","Apartment nziza ikodeshwa","O","Wed, 15 Nov 2023 15:58:38","Apartment for rent","Kicukiro","RWF 300,000"
"https://imali.biz/isaziso/apartment-for-rent/91/192951/imp13743807","https://www.img.imali.biz/Im_mini_1/000007/7493_192951_oRiFV60mdmv.jpg","Apartment nziza ikodeshwa","O","Wed, 15 Nov 2023 15:18:36","Apartment for rent","Kicukiro","RWF 300,000"
"https://imali.biz/isaziso/houses-for-rent/27/192950/imp19714617","https://www.img.imali.biz/Im_mini_1/000008/10093_192950_A0TqsK6AZFy.jpg","Kicukiro Kanombe house for rent 500k","O","Wed, 15 Nov 2023 13:31:16","Houses for rent","Kicukiro","RWF 500,000"
"https://imali.biz/isaziso/houses-for-rent/27/192949/imp39099720","https://www.img.imali.biz/Im_mini_1/000007/10093_192949_rR48E1KgJgw.jpg","Kibagabaga house for rent 1000$ negotiable","O","Wed, 15 Nov 2023 13:30:51","Houses for rent","Gasabo","RWF 1,000,000"
"https://imali.biz/isaziso/houses-for-rent/27/192948/imp5540624","https://www.img.imali.biz/Im_mini_1/000002/10093_192948_9VVa3P1IJqS.jpg","Kicukiro kanombe house for rent 500k","O","Wed, 15 Nov 2023 13:31:14","Houses for rent","Kicukiro","RWF 500,000"
"https://imali.biz/isaziso/houses-for-rent/27/192947/imp11647093","https://www.img.imali.biz/Im_mini_1/000002/10093_192947_2ODaCWCvz5k.jpg","Kicukiro Kagarama house for rent 600k","O","Wed, 15 Nov 2023 13:30:58","Houses for rent","Kicukiro","RWF 600,000"
"https://imali.biz/isaziso/houses-for-rent/27/192946/imp30590172","https://www.img.imali.biz/Im_mini_1/000001/10093_192946_xrlryJcNdnP.jpg","Kicukiro kabeza house for rent 500k","O","Wed, 15 Nov 2023 13:30:58","Houses for rent","Kicukiro","RWF 500,000"
"https://imali.biz/isaziso/houses-for-rent/27/192945/imp56809233","https://www.img.imali.biz/Im_mini_1/000003/10093_192945_ierVXnrD70d.jpg","Kicukiro niboye house for rent 500k","O","Wed, 15 Nov 2023 13:30:58","Houses for rent","Kicukiro","RWF 500,000"
"https://imali.biz/isaziso/houses-for-rent/27/192944/imp31353617","https://www.img.imali.biz/Im_mini_1/000005/10093_192944_qU3yabKe7U9.jpg","Kicukiro Kagarama house for rent 600k","O","Wed, 15 Nov 2023 13:31:07","Houses for rent","Kicukiro","RWF 600,000"
"https://imali.biz/isaziso/houses-for-rent/27/192943/imp4436393","https://www.img.imali.biz/Im_mini_1/000000/10093_192943_s1zPVgJ3b2l.jpg","Kicukiro niboye house for rent 500k","O","Wed, 15 Nov 2023 13:30:54","Houses for rent","Kicukiro","RWF 500,000"
"https://imali.biz/isaziso/apartment-for-rent/91/192862/imp58994340","https://www.img.imali.biz/Im_mini_1/000008/7493_192862_xRHC6Kg6mdK.jpg","Apartment nziza ikodeshwa","O","Mon, 13 Nov 2023 8:21:14","Apartment for rent","Kicukiro","RWF 300,000"
"https://imali.biz/isaziso/houses-for-rent/27/192852/imp24823106","https://www.img.imali.biz/Im_mini_1/000003/10093_192852_213QjSGtF6r.jpg","Kicukiro rebero house for rent 600k","O","Mon, 13 Nov 2023 8:54:29","Houses for rent","Kicukiro","RWF 600,000"
"https://imali.biz/isaziso/houses-for-rent/27/192727/imp49171151","https://www.img.imali.biz/Im_mini_1/000004/7325_192727_j7IZH8P7KiW.jpg","House for Rent at Niboyi","O","Fri, 10 Nov 2023 8:00:36","Houses for rent","Kicukiro","RWF 1,500,000"
"https://imali.biz/isaziso/houses-for-rent/27/192687/imp34366640","https://www.img.imali.biz/Im_mini_1/000008/8852_192687_lhd7aYI2T9m.jpg","Kicukiro gorgeous Villa for rent","O","Thu, 09 Nov 2023 14:24:53","Houses for rent","Kicukiro","$ 1,300"
"https://imali.biz/isaziso/houses-for-rent/27/192683/imp27588897","https://www.img.imali.biz/Im_mini_1/000006/8852_192683_V5CUhm2t8bt.jpg","Furnished Villa for rent at Kanombe","O","Thu, 09 Nov 2023 14:24:53","Houses for rent","Kicukiro","$ 1,200"
"https://imali.biz/isaziso/apartment-for-rent/91/192433/imp11449625","https://www.img.imali.biz/Im_mini_1/000008/7151_192433_Q8ZDrbcJ8qq.jpg","Kagugu vacant apartment for rent","O","Wed, 08 Nov 2023 8:48:58","Apartment for rent","Gasabo","RWF 700"
"https://imali.biz/isaziso/houses-for-rent/27/192375/imp25418979","https://www.img.imali.biz/Im_mini_1/000005/10031_192375_yRLwB7iORZZ.jpg","Kibagabaga kimironko","O","Tue, 07 Nov 2023 7:18:38","Houses for rent","Gasabo","RWF 350,000"
"https://imali.biz/isaziso/houses-for-rent/27/192308/imp55684722","https://www.img.imali.biz/Im_mini_1/000002/10031_192308_JeYQPE5OxUE.jpg","Ikinyinya ahantu heza","O","Mon, 06 Nov 2023 11:06:06","Houses for rent","Gasabo","RWF 400,000"
"https://imali.biz/isaziso/houses-for-rent/27/192306/imp47545088","https://www.img.imali.biz/Im_mini_1/000008/10031_192306_MJG3omCrHMQ.jpg","Kukibuga ahantu heza","O","Mon, 06 Nov 2023 11:06:10","Houses for rent","Kicukiro","RWF 350,000"
"https://imali.biz/isaziso/houses-for-rent/27/192279/imp18390804","https://www.img.imali.biz/Im_mini_1/000003/7493_192279_BWlZyetqfIG.jpg","Inzu nziza ikodeshwa","O","Mon, 06 Nov 2023 7:05:14","Houses for rent","Gasabo","RWF 500,000"
"https://imali.biz/isaziso/apartment-for-rent/91/192269/imp11033008","https://www.img.imali.biz/Im_mini_1/000004/7493_192269_MgksXxuXCZ2.jpg","Apparitoma nziza ikodeshwa","O","Mon, 06 Nov 2023 7:11:12","Apartment for rent","Kicukiro","RWF 250,000"
"https://imali.biz/isaziso/houses-for-rent/27/192268/imp15450874","https://www.img.imali.biz/Im_mini_1/000002/6138_192268_j1xgOF4KA1M.jpg","Awesome fully furnished house for rent at KIBAGABA","O","Mon, 06 Nov 2023 7:14:35","Houses for rent","Gasabo","$ 1,200"
"https://imali.biz/isaziso/houses-for-rent/27/192254/imp59273332","https://www.img.imali.biz/Im_mini_1/000009/10031_192254_AqdUcHgcSer.jpg","Ikinyinya","O","Mon, 06 Nov 2023 7:21:12","Houses for rent","Gasabo","RWF 400,000"
"https://imali.biz/isaziso/houses-for-rent/27/192253/imp13760278","https://www.img.imali.biz/Im_mini_1/000002/8851_192253_F4nx265cxoh.jpg","Nice house for rent at kicukiro kagarama","O","Mon, 06 Nov 2023 7:21:17","Houses for rent","Kicukiro","RWF 500,000"
"https://imali.biz/isaziso/houses-for-rent/27/192189/imp58143714","https://www.img.imali.biz/Im_mini_1/000000/10031_192189_n4t7me2XrCE.jpg","Ikanombe","O","Fri, 03 Nov 2023 8:41:24","Houses for rent","Gasabo","RWF 600,000"
"https://imali.biz/isaziso/houses-for-rent/27/192188/imp25179580","https://www.img.imali.biz/Im_mini_1/000001/10031_192188_wGOMB3ebFFE.jpg","Ikanombe","O","Fri, 03 Nov 2023 8:41:24","Houses for rent","Kicukiro","RWF 400,000"
"https://imali.biz/isaziso/houses-for-rent/27/192095/imp4315675","https://www.img.imali.biz/Im_mini_1/000008/10031_192095_DD7ZsSF7e8u.jpg","Ntiboyi kicukiro","O","Thu, 02 Nov 2023 7:28:58","Houses for rent","Kicukiro","RWF 350,000"
"https://imali.biz/isaziso/houses-for-rent/27/192094/imp22793348","https://www.img.imali.biz/Im_mini_1/000009/10031_192094_cp0fkxuNy5w.jpg","Kibagabaga","O","Thu, 02 Nov 2023 7:45:37","Houses for rent","Gasabo","RWF 600,000"
"https://imali.biz/isaziso/houses-for-rent/27/192093/imp39862303","https://www.img.imali.biz/Im_mini_1/000002/10031_192093_USQjQpXrIYF.jpg","Kibagabaga","O","Thu, 02 Nov 2023 7:39:04","Houses for rent","Gasabo","RWF 600,000"
"https://imali.biz/isaziso/houses-for-rent/27/192076/imp30864770","https://www.img.imali.biz/Im_mini_1/000000/10031_192076_m1vYGa8e4oX.jpg","Kimironko","O","Wed, 01 Nov 2023 15:49:48","Houses for rent","Gasabo","RWF 600,000"
"https://imali.biz/isaziso/apartment-for-rent/91/192037/imp47306468","https://www.img.imali.biz/Im_mini_1/000006/6138_192037_eGS8xhh2zzT.jpg","Fully furnished apartment for rent at GACURIRO.","O","Wed, 01 Nov 2023 8:32:02","Apartment for rent","Gasabo","$ 700"
"https://imali.biz/isaziso/houses-for-rent/27/192034/imp7002743","https://www.img.imali.biz/Im_mini_1/000002/6138_192034_n3su4UHsXSb.jpg","GACURIRO  fully furnished home for rent","O","Wed, 01 Nov 2023 8:32:01","Houses for rent","Gasabo","$ 1,200"
"https://imali.biz/isaziso/houses-for-rent/27/192029/imp26123252","https://www.img.imali.biz/Im_mini_1/000009/6138_192029_OI4Lnd2aoL6.jpg","A beautiful house for rent at NYARUTARAMA.","O","Wed, 01 Nov 2023 9:26:54","Houses for rent","Gasabo","$ 1,500"
"https://imali.biz/isaziso/apartment-for-rent/91/192022/imp6823566","https://www.img.imali.biz/Im_mini_1/000006/6138_192022_QhDzmm6q8Qo.jpg","GACURIRO awesome full furnished apartment for rent","O","Wed, 01 Nov 2023 9:26:10","Apartment for rent","Gasabo","$ 800"
"https://imali.biz/isaziso/houses-for-rent/27/192019/imp58926400","https://www.img.imali.biz/Im_mini_1/000008/6138_192019_IQaSHQvEHfS.jpg","A nice home full furnished for rent at GACURIRO.","O","Wed, 01 Nov 2023 9:25:55","Houses for rent","Gasabo","$ 1,500"
"https://imali.biz/isaziso/apartment-for-rent/91/192016/imp9200898","https://www.img.imali.biz/Im_mini_1/000003/6138_192016_a2BtJVmmNEW.jpg","GACURIRO  fully furnished apartment for rent","O","Wed, 01 Nov 2023 9:25:42","Apartment for rent","Gasabo","$ 1,000"
"https://imali.biz/isaziso/houses-for-rent/27/191834/imp26169596","https://www.img.imali.biz/Im_mini_1/000005/7493_191834_BHKaZqlpCN8.jpg","Inzu nziza ikodeshwa","O","Tue, 31 Oct 2023 15:47:56","Houses for rent","Kicukiro","RWF 500,000"
"https://imali.biz/isaziso/houses-for-rent/27/191794/imp12756393","https://www.img.imali.biz/Im_mini_1/000002/10031_191794_kdejw3V5wVJ.jpg","Kimironko","O","Mon, 30 Oct 2023 10:46:29","Houses for rent","Gasabo","RWF 280,000"
"https://imali.biz/isaziso/houses-for-rent/27/191793/imp33574863","https://www.img.imali.biz/Im_mini_1/000006/10031_191793_CyrUtWsQnis.jpg","Ikinyinya","O","Mon, 30 Oct 2023 10:46:28","Houses for rent","Gasabo","RWF 400,000"
"https://imali.biz/isaziso/houses-for-rent/27/191792/imp59048091","https://www.img.imali.biz/Im_mini_1/000007/10031_191792_tZyzviiVhQJ.jpg","Kigali parensi","O","Mon, 30 Oct 2023 10:46:21","Houses for rent","Kicukiro","RWF 500,000"
"https://imali.biz/isaziso/houses-for-rent/27/191791/imp33692259","https://www.img.imali.biz/Im_mini_1/000000/10031_191791_nNpdroSmXHz.jpg","Kigali parensi","O","Mon, 30 Oct 2023 10:46:21","Houses for rent","Kicukiro","RWF 500,000"
"https://imali.biz/isaziso/houses-for-rent/27/191790/imp32058929","https://www.img.imali.biz/Im_mini_1/000004/10031_191790_k3pfWSPvOwx.jpg","Ikanombe","O","Mon, 30 Oct 2023 10:46:23","Houses for rent","Kicukiro","RWF 400,000"
"https://imali.biz/isaziso/houses-for-rent/27/191789/imp33573037","https://www.img.imali.biz/Im_mini_1/000009/10031_191789_3oOzkEevx9T.jpg","Kigali parensi","O","Mon, 30 Oct 2023 10:46:29","Houses for rent","Gasabo","RWF 400,000"
"https://imali.biz/isaziso/houses-for-rent/27/191788/imp39458902","https://www.img.imali.biz/Im_mini_1/000002/10031_191788_AGxUpEyBZwI.jpg","Kigali parensi","O","Mon, 30 Oct 2023 10:46:20","Houses for rent","Gasabo","RWF 400,000"
"https://imali.biz/isaziso/houses-for-rent/27/191748/imp2305428","https://www.img.imali.biz/Im_mini_1/000001/6138_191748_rYxKEmIWFw6.jpg","KIBAGABAGA stunning  house for rent.","O","Sun, 29 Oct 2023 18:07:28","Houses for rent","Gasabo","$ 1,200"
"https://imali.biz/isaziso/houses-for-rent/27/191744/imp52550537","https://www.img.imali.biz/Im_mini_1/000004/6138_191744_LNX4AbVntnP.jpg","KICUKIRO beautifully house for rent.","O","Mon, 30 Oct 2023 11:26:28","Houses for rent","Kicukiro","RWF 900,000"
"https://imali.biz/isaziso/houses-for-rent/27/191743/imp42489056","https://www.img.imali.biz/Im_mini_1/000005/7724_191743_pHrz0rPNDmx.jpg","Kibagabaga beautiful furnished house for 1500$","O","Sun, 29 Oct 2023 18:03:56","Houses for rent","Gasabo","RWF 1,500,000"
"https://imali.biz/isaziso/houses-for-rent/27/191742/imp38216575","https://www.img.imali.biz/Im_mini_1/000008/7724_191742_J1i5OUNfV0A.jpg","Kibagabaga house for rent 1500k","O","Mon, 30 Oct 2023 11:26:24","Houses for rent","Gasabo","RWF 1,500,000"
"https://imali.biz/isaziso/houses-for-rent/27/191741/imp59971092","https://www.img.imali.biz/Im_mini_1/000001/7724_191741_8XjWZrYby7Z.jpg","kicukiro kagarama house for rent 500k","O","Sun, 29 Oct 2023 18:03:42","Houses for rent","Kicukiro","RWF 500,000"
"https://imali.biz/isaziso/houses-for-rent/27/191740/imp45585355","https://www.img.imali.biz/Im_mini_1/000008/7724_191740_oFfPHZIeTwb.jpg","Kicukiro kagarama house for rent 500k","O","Sun, 29 Oct 2023 17:48:18","Houses for rent","Kicukiro","RWF 500,000"
"https://imali.biz/isaziso/houses-for-rent/27/191739/imp49137233","https://www.img.imali.biz/Im_mini_1/000008/7724_191739_WvasVn4GD0T.jpg","Kanombe beautiful house for rent 500k","O","Sun, 29 Oct 2023 17:47:17","Houses for rent","Kicukiro","RWF 500,000"
"https://imali.biz/isaziso/houses-for-rent/27/191738/imp44263010","https://www.img.imali.biz/Im_mini_1/000002/7724_191738_Z9H94Xg0n9i.jpg","Kanombe beautiful house for rent 350k","O","Sun, 29 Oct 2023 17:46:41","Houses for rent","Kicukiro","RWF 350,000"
"https://imali.biz/isaziso/houses-for-rent/27/191737/imp55276135","https://www.img.imali.biz/Im_mini_1/000004/7724_191737_SNOz6Fgrb7R.jpg","Kanombe beautiful house for rent 400k","O","Sun, 29 Oct 2023 17:45:47","Houses for rent","Kicukiro","RWF 400,000"
"https://imali.biz/isaziso/houses-for-rent/27/191736/imp53455090","https://www.img.imali.biz/Im_mini_1/000004/7724_191736_EmqYEe0Mysd.jpg","Kimironko house for rent 600k","O","Sun, 29 Oct 2023 17:46:47","Houses for rent","Gasabo","RWF 600,000"
"https://imali.biz/isaziso/houses-for-rent/27/191735/imp46364937","https://www.img.imali.biz/Im_mini_1/000002/7724_191735_yR3Y55QKSag.jpg","Kanombe beautiful house for rent 400k","O","Sun, 29 Oct 2023 17:45:33","Houses for rent","Kicukiro","RWF 400,000"
"https://imali.biz/isaziso/houses-for-rent/27/191734/imp2167387","https://www.img.imali.biz/Im_mini_1/000008/7724_191734_HOjQ2ickARt.jpg","Kimironko   house for rent 600k","O","Mon, 30 Oct 2023 11:26:18","Houses for rent","Gasabo","RWF 600,000"
"https://imali.biz/isaziso/houses-for-rent/27/191733/imp4326217","https://www.img.imali.biz/Im_mini_1/000004/7724_191733_uIQnplwcff7.jpg","Remera  house for rent 600k","O","Sun, 29 Oct 2023 18:02:12","Houses for rent","Gasabo","RWF 600,000"
"https://imali.biz/isaziso/houses-for-rent/27/191732/imp19210351","https://www.img.imali.biz/Im_mini_1/000009/7724_191732_kEiPzZYxB6N.jpg","Remera  house for rent 600k","O","Sun, 29 Oct 2023 17:45:16","Houses for rent","Gasabo","RWF 600,000"
"https://imali.biz/isaziso/houses-for-rent/27/191731/imp26660455","https://www.img.imali.biz/Im_mini_1/000001/7724_191731_ZW7tePvOF54.jpg","Kanombe beautiful house for rent 400k","O","Sun, 29 Oct 2023 17:37:15","Houses for rent","Kicukiro","RWF 400,000"
"https://imali.biz/isaziso/houses-for-rent/27/191471/imp5883141","https://www.img.imali.biz/Im_mini_1/000008/6138_191471_4GFfSyNzwY6.jpg","KACYIRU beautiful home for rent.","O","Thu, 26 Oct 2023 13:00:40","Houses for rent","Gasabo","$ 2,000"
"https://imali.biz/isaziso/houses-for-rent/27/191467/imp20359353","https://www.img.imali.biz/Im_mini_1/000003/6138_191467_IH5d2D57LRd.jpg","A beautiful home for rent at KACYIRU.","O","Thu, 26 Oct 2023 13:00:35","Houses for rent","Gasabo","RWF 800,000"
"https://imali.biz/isaziso/houses-for-rent/27/191454/imp33531556","https://www.img.imali.biz/Im_mini_1/000003/7493_191454_DmkhSBUwfrO.jpg","Inzu nziza ikodeshwa","O","Thu, 26 Oct 2023 13:04:12","Houses for rent","Kicukiro","RWF 300,000"
"https://imali.biz/isaziso/houses-for-rent/27/191453/imp15480858","https://www.img.imali.biz/Im_mini_1/000009/6138_191453_l1O2iEtMQzV.jpg","beautifully home for rent at KISIMENTI.","O","Thu, 26 Oct 2023 13:04:02","Houses for rent","Gasabo","RWF 500,000"
"https://imali.biz/isaziso/apartment-for-rent/91/191449/imp41976144","https://www.img.imali.biz/Im_mini_1/000000/7724_191449_imO3b4vzuTL.jpg","Kibagabaga fully furnished apartments for rent 800","O","Thu, 26 Oct 2023 13:03:48","Apartment for rent","Gasabo","RWF 800,000"
"https://imali.biz/isaziso/houses-for-rent/27/191448/imp41985007","https://www.img.imali.biz/Im_mini_1/000008/7724_191448_AaYQjh0NxNs.jpg","Kicukiro rebero house for rent 700k","O","Thu, 26 Oct 2023 13:03:45","Houses for rent","Kicukiro","RWF 700,000"
"https://imali.biz/isaziso/houses-for-rent/27/191446/imp25143875","https://www.img.imali.biz/Im_mini_1/000002/7724_191446_oM7SCfXASO7.jpg","Kanombe beautiful house for rent 500k","O","Thu, 26 Oct 2023 13:03:35","Houses for rent","Kicukiro","RWF 500,000"
"https://imali.biz/isaziso/houses-for-rent/27/191445/imp15878339","https://www.img.imali.biz/Im_mini_1/000002/7724_191445_kVSQiSgktOt.jpg","Kanombe beautiful house for rent 400k","O","Thu, 26 Oct 2023 13:03:39","Houses for rent","Kicukiro","RWF 400,000"
"https://imali.biz/isaziso/houses-for-rent/27/191442/imp19948999","https://www.img.imali.biz/Im_mini_1/000008/7724_191442_l5yyruXuspR.jpg","Kanombe beautiful house for rent 500k","O","Thu, 26 Oct 2023 13:03:10","Houses for rent","Kicukiro","RWF 500,000"
"https://imali.biz/isaziso/houses-for-rent/27/191441/imp11488643","https://www.img.imali.biz/Im_mini_1/000006/7724_191441_jskAeQ83MI6.jpg","Kanombe beautiful house for rent 400k","O","Thu, 26 Oct 2023 13:03:08","Houses for rent","Kicukiro","RWF 400,000"
"https://imali.biz/isaziso/warehouse/98/191439/imp7268883","https://www.img.imali.biz/Im_mini_1/000006/926_191439_H22A4MNuT6C.jpg","Warehouses for rent/Depo zikodeshwa I Masoro Gikon","O","Wed, 25 Oct 2023 17:15:55","Warehouse","Gasabo","$ 7"
"https://imali.biz/isaziso/apartment-for-rent/91/191437/imp31203653","https://www.img.imali.biz/Im_mini_1/000008/6138_191437_ALzLWi99mAy.jpg","Fully furnished  apartment for rent at GISHUSHU.","O","Wed, 25 Oct 2023 16:44:11","Apartment for rent","Gasabo","RWF 500,000"
"https://imali.biz/isaziso/houses-for-rent/27/191283/imp27917967","https://www.img.imali.biz/Im_mini_1/000008/10031_191283_MI34iFpcSy2.jpg","Kigali parensi  kote yakanombe","O","Wed, 25 Oct 2023 16:44:11","Houses for rent","Gasabo","RWF 500,000"
"https://imali.biz/isaziso/houses-for-rent/27/191282/imp5347089","https://www.img.imali.biz/Im_mini_1/000009/10031_191282_Pz0vPbCEJDu.jpg","Kigali parensi","O","Tue, 24 Oct 2023 20:16:25","Houses for rent","Gasabo","RWF 500,000"
"https://imali.biz/isaziso/houses-for-rent/27/191268/imp40330600","https://www.img.imali.biz/Im_mini_1/000000/10031_191268_ISo6u1KjkOK.jpg","Kimironko kwamushimire","O","Tue, 24 Oct 2023 13:35:48","Houses for rent","Gasabo","RWF 400,000"
"https://imali.biz/isaziso/houses-for-rent/27/191265/imp38533352","https://www.img.imali.biz/Im_mini_1/000004/10031_191265_sJy23B4sGVd.jpg","Ikinyinya","O","Tue, 24 Oct 2023 11:27:55","Houses for rent","Gasabo","RWF 400,000"
"https://imali.biz/isaziso/houses-for-rent/27/191263/imp17327514","https://www.img.imali.biz/Im_mini_1/000001/10031_191263_SkGMIV3rD1p.jpg","Kinyinya  ahantu heza","O","Tue, 24 Oct 2023 11:02:32","Houses for rent","Gasabo","RWF 400,000"
"https://imali.biz/isaziso/houses-for-rent/27/191262/imp34708697","https://www.img.imali.biz/Im_mini_1/000003/10031_191262_pfbwVVtcQKX.jpg","Kimironko","O","Tue, 24 Oct 2023 10:04:42","Houses for rent","Gasabo","RWF 300,000"
"https://imali.biz/isaziso/houses-for-rent/27/191255/imp36623254","https://www.img.imali.biz/Im_mini_1/000008/9675_191255_J34RX8L3vOC.jpg","Kibagabaga house for rent 1500$","O","Tue, 24 Oct 2023 10:28:21","Houses for rent","Gasabo","RWF 1,500,000"
"https://imali.biz/isaziso/houses-for-rent/27/191254/imp22209242","https://www.img.imali.biz/Im_mini_1/000009/9675_191254_0TteY9AAU83.jpg","Kicukiro rebero beautiful house for rent 700k","P","Tue, 24 Oct 2023 10:28:34","Houses for rent","Kicukiro","RWF 700,000"
"https://imali.biz/isaziso/houses-for-rent/27/191253/imp53039007","https://www.img.imali.biz/Im_mini_1/000006/9675_191253_xPN9xkxuC1P.jpg","Kanombe beautiful house for rent 400k","P","Tue, 24 Oct 2023 10:07:07","Houses for rent","Kicukiro","RWF 400,000"
"https://imali.biz/isaziso/houses-for-rent/27/191252/imp43655993","https://www.img.imali.biz/Im_mini_1/000000/9675_191252_eEALUbxhOtR.jpg","Kibagabaga house for rent 1200$","P","Tue, 24 Oct 2023 10:07:08","Houses for rent","Gasabo","RWF 1,200,000"
"https://imali.biz/isaziso/houses-for-rent/27/191183/imp34360815","https://www.img.imali.biz/Im_mini_1/000007/7325_191183_TzQELR7Z6xo.jpg","House for Rent at Kimironko","O","Mon, 23 Oct 2023 14:12:21","Houses for rent","Gasabo","RWF 400,000"
"https://imali.biz/isaziso/apartment-for-rent/91/191180/imp1604119","https://www.img.imali.biz/Im_mini_1/000004/10031_191180_62NoxkFPsIL.jpg","Kimironko kwamushimire","O","Mon, 23 Oct 2023 8:06:56","Apartment for rent","Gasabo","$ 400"
"https://imali.biz/isaziso/houses-for-rent/27/191109/imp0155023","https://www.img.imali.biz/Im_mini_1/000004/7493_191109_On20yjS9Grq.jpg","Inzu nziza ikodeshwa","O","Sun, 22 Oct 2023 20:36:11","Houses for rent","Kicukiro","RWF 500,000"
"https://imali.biz/isaziso/houses-for-rent/27/190981/imp50071853","https://www.img.imali.biz/Im_mini_1/000003/7493_190981_PqCeMZ42NhE.jpg","Inzu nziza ikodeshwa","O","Sun, 22 Oct 2023 16:41:30","Houses for rent","Kicukiro","RWF 500,000"
"https://imali.biz/isaziso/houses-for-rent/27/190902/imp55031489","https://www.img.imali.biz/Im_mini_1/000008/9905_190902_eP1a8VBjVJy.jpg","Kibagabaga house for rent 700$//0733104515","O","Sun, 22 Oct 2023 15:27:20","Houses for rent","Gasabo","RWF 700,000"
"https://imali.biz/isaziso/warehouse/98/190870/imp57827533","https://www.img.imali.biz/Im_mini_1/000000/926_190870_iCb4qjKqAp6.jpg","Warehouses for rent/Depo zikodeshwa I Masoro Gikon","O","Sun, 22 Oct 2023 15:05:33","Warehouse","Gasabo","$ 7"
"https://imali.biz/isaziso/houses-for-rent/27/190565/imp33478466","https://www.img.imali.biz/Im_mini_1/000000/8927_190565_Wf9CQ0nsyAG.jpg","NDAGURISHA INZU IHEREREYE KANOMBE","O","Thu, 19 Oct 2023 14:55:25","Houses for rent","Kicukiro","RWF 65,000,000"
"https://imali.biz/isaziso/houses-for-rent/27/190461/imp34100043","https://www.img.imali.biz/Im_mini_1/000001/7493_190461_dQn4RmxFg2b.jpg","Inzu nziza ikodeshwa","O","Wed, 18 Oct 2023 17:14:13","Houses for rent","Kicukiro","RWF 250,000"
"https://imali.biz/isaziso/houses-for-rent/27/190460/imp33352637","https://www.img.imali.biz/Im_mini_1/000007/7493_190460_8Atx69fa7Jv.jpg","Inzu nziza ikodeshwa","O","Wed, 18 Oct 2023 17:14:14","Houses for rent","Kicukiro","RWF 250,000"
"https://imali.biz/isaziso/houses-for-rent/27/190459/imp8783702","https://www.img.imali.biz/Im_mini_1/000005/7493_190459_1bUTlRVJq27.jpg","Inzu nziza ikodeshwa","O","Wed, 18 Oct 2023 17:14:14","Houses for rent","Kicukiro","RWF 250,000"
"https://imali.biz/isaziso/houses-for-rent/27/190458/imp47705613","https://www.img.imali.biz/Im_mini_1/000002/7493_190458_lZXuDDou3do.jpg","Inzu nziza ikodeshwa","O","Wed, 18 Oct 2023 17:14:14","Houses for rent","Kicukiro","RWF 250,000"
"https://imali.biz/isaziso/houses-for-rent/27/190423/imp6322127","https://www.img.imali.biz/Im_mini_1/000003/6138_190423_IAVWUDQpmOw.jpg","A nice house for rent at GISOZI.","O","Wed, 18 Oct 2023 16:52:18","Houses for rent","Gasabo","RWF 400,000"
"https://imali.biz/isaziso/apartment-for-rent/91/190343/imp17889326","https://www.img.imali.biz/Im_mini_1/000009/7493_190343_GkmjHueJ88L.jpg","Apartment nziza ikodeshwa","O","Thu, 19 Oct 2023 15:09:29","Apartment for rent","Kicukiro","RWF 500,000"
"https://imali.biz/isaziso/houses-for-rent/27/190081/imp13001888","https://www.img.imali.biz/Im_mini_1/000003/7493_190081_AIBNGPJ45a2.jpg","Inzu nziza ikodeshwa","O","Sun, 15 Oct 2023 19:28:48","Houses for rent","Gasabo","RWF 600,000"
"https://imali.biz/isaziso/houses-for-rent/27/190080/imp12287023","https://www.img.imali.biz/Im_mini_1/000003/7493_190080_kY33ddQzKyB.jpg","Inzu nziza ikodeshwa","O","Sun, 15 Oct 2023 19:28:39","Houses for rent","Gasabo","RWF 600,000"
"https://imali.biz/isaziso/houses-for-rent/27/190078/imp20309585","https://www.img.imali.biz/Im_mini_1/000006/7493_190078_CGEOsrEKik7.jpg","Inzu nziza ikodeshwa","O","Sun, 15 Oct 2023 19:28:29","Houses for rent","Kicukiro","RWF 400,000"
"https://imali.biz/isaziso/houses-for-rent/27/189979/imp43060476","https://www.img.imali.biz/Im_mini_1/000000/8851_189979_SJ97gA3oJW4.jpg","Nice house for rent at kicukiro kagarama","O","Sun, 15 Oct 2023 12:33:28","Houses for rent","Kicukiro","RWF 450,000"
"https://imali.biz/isaziso/houses-for-rent/27/189940/imp36574061","https://www.img.imali.biz/Im_mini_1/000001/6138_189940_52doqmaA9TK.jpg","A nice house for rent  at KIYOVU.","O","Fri, 13 Oct 2023 20:19:54","Houses for rent","Nyarugenge","RWF 400,000"
"https://imali.biz/isaziso/houses-for-rent/27/189820/imp11873994","https://www.img.imali.biz/Im_mini_1/000004/7493_189820_pvxHiEENfYF.jpg","Inzu nziza ikodeshwa","O","Fri, 13 Oct 2023 16:43:57","Houses for rent","Gasabo","$ 600"
"https://imali.biz/isaziso/apartment-for-rent/91/189695/imp28175632","https://www.img.imali.biz/Im_mini_1/000004/9966_189695_IksoAEu49fN.jpg","Nice apartment for rent","O","Wed, 11 Oct 2023 22:47:29","Apartment for rent","Gasabo","$ 3,000"
"https://imali.biz/isaziso/apartment-for-rent/91/189694/imp27094881","https://www.img.imali.biz/Im_mini_1/000008/9966_189694_sDEJ7sHdw7l.jpg","Nice apartment for rent","O","Wed, 11 Oct 2023 22:47:28","Apartment for rent","Gasabo","$ 3,000"
"https://imali.biz/isaziso/apartment-for-rent/91/189692/imp54229708","https://www.img.imali.biz/Im_mini_1/000001/9966_189692_c1DxV7vQVQY.jpg","Nice apartment for rent","O","Wed, 11 Oct 2023 22:47:25","Apartment for rent","Gasabo","$ 3,000"
"https://imali.biz/isaziso/apartment-for-rent/91/189691/imp54060910","https://www.img.imali.biz/Im_mini_1/000005/9966_189691_oC4IbyiYtzQ.jpg","Nice apartment for rent","O","Wed, 11 Oct 2023 22:47:25","Apartment for rent","Gasabo","$ 3,000"
"https://imali.biz/isaziso/apartment-for-rent/91/189673/imp4207274","https://www.img.imali.biz/Im_mini_1/000000/7493_189673_MeilQDFtXEz.jpg","Apartment nziza ikodeshwa","O","Wed, 11 Oct 2023 10:41:55","Apartment for rent","Kicukiro","RWF 300,000"
"https://imali.biz/isaziso/houses-for-rent/27/189588/imp26453330","https://www.img.imali.biz/Im_mini_1/000003/7493_189588_YljAs8yBTti.jpg","Inzu nziza ikodeshwa","O","Wed, 11 Oct 2023 9:12:21","Houses for rent","Kicukiro","RWF 250,000"
"https://imali.biz/isaziso/houses-for-rent/27/189456/imp39656732","https://www.img.imali.biz/Im_mini_1/000003/7724_189456_JmWxYogclHk.jpg","Kanombe beautiful house for rent 500k","O","Sun, 08 Oct 2023 22:20:06","Houses for rent","Kicukiro","RWF 500,000"
"https://imali.biz/isaziso/houses-for-rent/27/189453/imp57042596","https://www.img.imali.biz/Im_mini_1/000002/7724_189453_ukSl3Th1C6T.jpg","Kibagabaga house for rent 1200$","O","Sun, 08 Oct 2023 22:19:54","Houses for rent","Gasabo","RWF 1,200,000"
"https://imali.biz/isaziso/houses-for-rent/27/189449/imp34219229","https://www.img.imali.biz/Im_mini_1/000006/7724_189449_oq1eh48qCrT.jpg","Kimironko house for rent 600k","O","Sun, 08 Oct 2023 22:19:42","Houses for rent","Gasabo","RWF 600,000"
"https://imali.biz/isaziso/houses-for-rent/27/189443/imp33087195","https://www.img.imali.biz/Im_mini_1/000005/7724_189443_H6uKO32cJMh.jpg","Kabeza itunda house for rent 600k","O","Mon, 09 Oct 2023 8:57:47","Houses for rent","Kicukiro","RWF 600,000"
"https://imali.biz/isaziso/houses-for-rent/27/189440/imp57469188","https://www.img.imali.biz/Im_mini_1/000008/7724_189440_K543Jonn38Q.jpg","Kimironko house for rent 500k","O","Sun, 08 Oct 2023 22:48:03","Houses for rent","Gasabo","RWF 500,000"
"https://imali.biz/isaziso/houses-for-rent/27/189337/imp12422744","https://www.img.imali.biz/Im_mini_1/000006/10043_189337_qNre6F1dh83.jpg","Ndakodesha inzunziza cyane iri kanombe kabeza","O","Mon, 09 Oct 2023 22:33:10","Houses for rent","Kicukiro","RWF 450,000"
"https://imali.biz/isaziso/houses-for-rent/27/189321/imp19625048","https://www.img.imali.biz/Im_mini_1/000007/7325_189321_tBJcrtn6O1t.jpg","HOUSE FOR Rent at Kimironko","O","Sat, 07 Oct 2023 16:15:54","Houses for rent","Gasabo","RWF 600,000"
"https://imali.biz/isaziso/houses-for-rent/27/189320/imp22752300","https://www.img.imali.biz/Im_mini_1/000005/7724_189320_nxUHPVjTpyr.jpg","Kanombe beautiful house for rent 500k","O","Sat, 07 Oct 2023 16:15:51","Houses for rent","Kicukiro","RWF 500,000"
"https://imali.biz/isaziso/houses-for-rent/27/189319/imp42381469","https://www.img.imali.biz/Im_mini_1/000004/7724_189319_4wIOX3A8wbz.jpg","Kanombe beautiful house for rent 400k","O","Sat, 07 Oct 2023 16:15:49","Houses for rent","Kicukiro","RWF 400,000"
"https://imali.biz/isaziso/houses-for-rent/27/189318/imp58881602","https://www.img.imali.biz/Im_mini_1/000005/7724_189318_DWUotdR22wX.jpg","Kicukiro kagarama house for rent 700k","O","Sat, 07 Oct 2023 16:15:48","Houses for rent","Kicukiro","RWF 700,000"
"https://imali.biz/isaziso/houses-for-rent/27/189317/imp3516708","https://www.img.imali.biz/Im_mini_1/000002/7724_189317_uDbrqVWA8Vt.jpg","Kabeza itunda available house for rent 600k","O","Sat, 07 Oct 2023 16:15:46","Houses for rent","Kicukiro","RWF 600,000"
"https://imali.biz/isaziso/houses-for-rent/27/189316/imp53497903","https://www.img.imali.biz/Im_mini_1/000008/6138_189316_XgNRWzBOWaR.jpg","KIBAGABAGA stunning  house for rent.","O","Sat, 07 Oct 2023 16:15:44","Houses for rent","Gasabo","$ 1,000"
"https://imali.biz/isaziso/houses-for-rent/27/189315/imp41305995","https://www.img.imali.biz/Im_mini_1/000008/6138_189315_zv3cUJNhriQ.jpg","REMERA charming house for rent.","O","Sat, 07 Oct 2023 16:15:38","Houses for rent","Gasabo","$ 600"
"https://imali.biz/isaziso/houses-for-rent/27/189314/imp39253545","https://www.img.imali.biz/Im_mini_1/000006/6138_189314_uQXfJJ6g4qK.jpg","KIMIHURURA nice house for rent in KIGALI.","O","Sat, 07 Oct 2023 16:12:50","Houses for rent","Gasabo","RWF 1,000,000"
"https://imali.biz/isaziso/houses-for-rent/27/189312/imp38449300","https://www.img.imali.biz/Im_mini_1/000005/7724_189312_oEnJCrafmry.jpg","Kicukiro niboye house for rent 700k","O","Sat, 07 Oct 2023 16:12:40","Houses for rent","Kicukiro","RWF 700,000"
"https://imali.biz/isaziso/houses-for-rent/27/189310/imp13640613","https://www.img.imali.biz/Im_mini_1/000002/7724_189310_SJWOYr1s2zV.jpg","Kibagabaga house for rent 1200$","O","Sat, 07 Oct 2023 16:12:40","Houses for rent","Gasabo","RWF 1,200,000"
"https://imali.biz/isaziso/houses-for-rent/27/189309/imp17907831","https://www.img.imali.biz/Im_mini_1/000002/7724_189309_mMXFWi01jvI.jpg","Kanombe beautiful house for rent 500k","O","Sat, 07 Oct 2023 16:12:50","Houses for rent","Kicukiro","RWF 500,000"
"https://imali.biz/isaziso/houses-for-rent/27/189308/imp32308171","https://www.img.imali.biz/Im_mini_1/000007/7724_189308_lzjE6pPA7ri.jpg","Kimironko house for rent 700k","O","Sat, 07 Oct 2023 16:12:50","Houses for rent","Gasabo","RWF 700,000"
"https://imali.biz/isaziso/houses-for-rent/27/189307/imp37610779","https://www.img.imali.biz/Im_mini_1/000005/7724_189307_W6YCeJJiZZg.jpg","Kicukiro kagarama house for rent 500k","O","Sat, 07 Oct 2023 16:12:50","Houses for rent","Kicukiro","RWF 500,000"
"https://imali.biz/isaziso/houses-for-rent/27/189222/imp41608084","https://www.img.imali.biz/Im_mini_1/000001/6138_189222_E9gl7DlwcIR.jpg","KIMIHURURA spacious house for rent.","O","Fri, 06 Oct 2023 8:54:25","Houses for rent","Gasabo","$ 1,200"
"https://imali.biz/isaziso/houses-for-rent/27/189221/imp39298988","https://www.img.imali.biz/Im_mini_1/000001/6138_189221_qYE5rhQxArI.jpg","KIMIHURURA stunning fullyfurnished house for rent.","O","Fri, 06 Oct 2023 8:54:22","Houses for rent","Gasabo","$ 1,000"
"https://imali.biz/isaziso/houses-for-rent/27/189217/imp13852867","https://www.img.imali.biz/Im_mini_1/000007/7493_189217_0E1XnY8Ude9.jpg","Inzu nziza ikodeshwa","O","Fri, 06 Oct 2023 8:54:07","Houses for rent","Kicukiro","RWF 500,000"
"https://imali.biz/isaziso/houses-for-rent/27/189158/imp1493690","https://www.img.imali.biz/Im_mini_1/000001/7493_189158_Ms5tSQ9Anlm.jpg","Inzu nziza ikodeshwa","O","Thu, 05 Oct 2023 9:19:47","Houses for rent","Kicukiro","RWF 300,000"
"https://imali.biz/isaziso/plot-for-rent/57/189151/imp13935544","https://www.img.imali.biz/Im_mini_1/000005/9562_189151_skmVHZbg57r.jpg","Kabeza samuduha house for sale 100M/0785582552","O","Thu, 05 Oct 2023 9:21:06","Plot for rent","Kicukiro","RWF 100,000,000"
"https://imali.biz/isaziso/houses-for-rent/27/189148/imp14383105","https://www.img.imali.biz/Im_mini_1/000003/7724_189148_qYJ2qvlCNvx.jpg","Kanombe beautiful house for rent 400k","O","Thu, 05 Oct 2023 9:30:02","Houses for rent","Kicukiro","RWF 400,000"
"https://imali.biz/isaziso/houses-for-rent/27/189147/imp55736942","https://www.img.imali.biz/Im_mini_1/000007/7724_189147_s7BxtwnMyE2.jpg","Kanombe beautiful house for rent 500k negotiable","O","Thu, 05 Oct 2023 9:29:54","Houses for rent","Kicukiro","RWF 500,000"
"https://imali.biz/isaziso/houses-for-rent/27/189146/imp39166222","https://www.img.imali.biz/Im_mini_1/000007/7724_189146_bXuQTsvj81w.jpg","Kanombe beautiful house for rent 400k","O","Thu, 05 Oct 2023 9:30:02","Houses for rent","Kicukiro","RWF 400,000"
"https://imali.biz/isaziso/houses-for-rent/27/189145/imp7130908","https://www.img.imali.biz/Im_mini_1/000002/7724_189145_LWj3KHY11TH.jpg","Kanombe beautiful house for rent 550k","O","Thu, 05 Oct 2023 9:30:11","Houses for rent","Kicukiro","RWF 550,000"
"https://imali.biz/isaziso/houses-for-rent/27/188941/imp35411091","https://www.img.imali.biz/Im_mini_1/000000/10058_188941_ajvIRHe2k2Q.jpg","Inozu irakodeshwa iherereye kimironko","O","Tue, 03 Oct 2023 19:31:53","Houses for rent","Gasabo","RWF 550,000,000"
"https://imali.biz/isaziso/houses-for-rent/27/188938/imp51972537","https://www.img.imali.biz/Im_mini_1/000002/10031_188938_LN24YxcEevc.jpg","Ikinyinya kwanyamvumba","O","Tue, 03 Oct 2023 16:32:16","Houses for rent","Gasabo","$ 1,500"
"https://imali.biz/isaziso/apartment-for-rent/91/188923/imp14785047","https://www.img.imali.biz/Im_mini_1/000008/10031_188923_rUSa4fx3AnL.jpg","Kimironko","O","Tue, 03 Oct 2023 16:19:47","Apartment for rent","Gasabo","RWF 500,000"
"https://imali.biz/isaziso/apartment-for-rent/91/188922/imp37570164","https://www.img.imali.biz/Im_mini_1/000009/10031_188922_ZJFYXYSNdom.jpg","Kimironko","O","Tue, 03 Oct 2023 16:25:35","Apartment for rent","Gasabo","RWF 400,000"
"https://imali.biz/isaziso/houses-for-rent/27/188919/imp10197218","https://www.img.imali.biz/Im_mini_1/000008/10031_188919_vIvjg8y9464.jpg","Kimironko ahantu heza","O","Tue, 03 Oct 2023 16:09:31","Houses for rent","Gasabo","RWF 350,000"
"https://imali.biz/isaziso/houses-for-rent/27/188918/imp53847684","https://www.img.imali.biz/Im_mini_1/000001/10031_188918_0yyor0tXLzq.jpg","Kimironko ahantu heza","O","Wed, 04 Oct 2023 9:44:19","Houses for rent","Gasabo","RWF 350,000"
"https://imali.biz/isaziso/apartment-for-rent/91/188902/imp6624874","https://www.img.imali.biz/Im_mini_1/000004/9675_188902_cp6wLvqVzN7.jpg","Kabeza fully furnished apartments for rent 600$","O","Tue, 03 Oct 2023 16:39:25","Apartment for rent","Kicukiro","RWF 600,000"
"https://imali.biz/isaziso/houses-for-rent/27/188901/imp52467083","https://www.img.imali.biz/Im_mini_1/000008/9675_188901_oLTG64WVbOA.jpg","kicukiro kagarama house for rent 1300$","O","Tue, 03 Oct 2023 16:41:14","Houses for rent","Kicukiro","RWF 1,300,000"
"https://imali.biz/isaziso/houses-for-rent/27/188900/imp45440655","https://www.img.imali.biz/Im_mini_1/000009/9675_188900_7c289uoIJga.jpg","Kibagabaga beautiful furnished house for 1200$,","O","Tue, 03 Oct 2023 16:41:18","Houses for rent","Gasabo","RWF 1,200,000"
"https://imali.biz/isaziso/apartment-for-rent/91/188899/imp9878520","https://www.img.imali.biz/Im_mini_1/000007/9675_188899_JgloKFUmmp5.jpg","Kibagabaga fully apartments for rent 800$","O","Tue, 03 Oct 2023 16:41:23","Apartment for rent","Gasabo","RWF 800"
"https://imali.biz/isaziso/houses-for-rent/27/188897/imp38021737","https://www.img.imali.biz/Im_mini_1/000003/9675_188897_Ybjyin2sIMr.jpg","Kanombe house for rent 400k","O","Tue, 03 Oct 2023 16:41:32","Houses for rent","Kicukiro","RWF 400,000"
"https://imali.biz/isaziso/houses-for-rent/27/188896/imp19811392","https://www.img.imali.biz/Im_mini_1/000001/9675_188896_Tvjhfb17Pq3.jpg","Kicukiro kagarama house for rent 700k","O","Tue, 03 Oct 2023 16:41:39","Houses for rent","Kicukiro","RWF 700,000"
"https://imali.biz/isaziso/houses-for-rent/27/188895/imp23646064","https://www.img.imali.biz/Im_mini_1/000008/9675_188895_hGxWJOeWAi2.jpg","Gacuriro beautiful fully furnished house for rent","O","Tue, 03 Oct 2023 16:47:18","Houses for rent","Gasabo","RWF 3,500,000"
"https://imali.biz/isaziso/houses-for-rent/27/188894/imp24686534","https://www.img.imali.biz/Im_mini_1/000008/9675_188894_iO6KRKQD5E7.jpg","Kanombe house for rent 300k","O","Tue, 03 Oct 2023 16:47:18","Houses for rent","Kicukiro","RWF 300,000"
"https://imali.biz/isaziso/houses-for-rent/27/188893/imp51478068","https://www.img.imali.biz/Im_mini_1/000004/9675_188893_GdkXK4kdWLT.jpg","kicukiro kagarama house for rent 500k","O","Tue, 03 Oct 2023 16:47:18","Houses for rent","Kicukiro","RWF 500,000"
"https://imali.biz/isaziso/houses-for-rent/27/188888/imp50068742","https://www.img.imali.biz/Im_mini_1/000003/9675_188888_3XemUfhcPwD.jpg","Kicukiro kagarama house for rent 500k","O","Mon, 02 Oct 2023 19:17:18","Houses for rent","Kicukiro","RWF 500,000"
"https://imali.biz/isaziso/houses-for-rent/27/188868/imp16508361","https://www.img.imali.biz/Im_mini_1/000001/10031_188868_VpltUTO6E4J.jpg","Kimironko zindiro","O","Mon, 02 Oct 2023 19:01:43","Houses for rent","Gasabo","RWF 250,000"
"https://imali.biz/isaziso/houses-for-rent/27/188734/imp45666202","https://www.img.imali.biz/Im_mini_1/000008/9675_188734_66GnPiRWbfN.jpg","Kabeza beautiful house for rent","O","Sun, 01 Oct 2023 16:07:34","Houses for rent","Kicukiro","RWF 150,000"
"https://imali.biz/isaziso/houses-for-rent/27/188733/imp58288092","https://www.img.imali.biz/Im_mini_1/000000/7493_188733_6PwIF2whYIk.jpg","Inzu nziza ikodeshwa","O","Sat, 30 Sep 2023 22:40:03","Houses for rent","Gasabo","RWF 500,000"
"https://imali.biz/isaziso/houses-for-rent/27/188732/imp42174144","https://www.img.imali.biz/Im_mini_1/000000/7493_188732_0NwOOyXzWQW.jpg","Inzu nziza ikodeshwa","O","Sat, 30 Sep 2023 21:59:11","Houses for rent","Kicukiro","RWF 350,000"
"https://imali.biz/isaziso/houses-for-rent/27/188731/imp34618419","https://www.img.imali.biz/Im_mini_1/000000/7493_188731_QBufWVTGnxp.jpg","Inzu nziza ikodeshwa","O","Sat, 30 Sep 2023 21:59:10","Houses for rent","Kicukiro","RWF 350,000"
"https://imali.biz/isaziso/houses-for-rent/27/188730/imp55327928","https://www.img.imali.biz/Im_mini_1/000005/10031_188730_8s2uJ2Yh91H.jpg","Kigali parensi","O","Sat, 30 Sep 2023 21:59:11","Houses for rent","Kicukiro","$ 900"
"https://imali.biz/isaziso/houses-for-rent/27/188725/imp43117354","https://www.img.imali.biz/Im_mini_1/000007/10031_188725_YFsh4CRpWN3.jpg","Kimironko zindiro","O","Sat, 30 Sep 2023 21:59:07","Houses for rent","Gasabo","RWF 500,000"
"https://imali.biz/isaziso/houses-for-rent/27/188724/imp15129330","https://www.img.imali.biz/Im_mini_1/000000/7493_188724_MMem8OmraFI.jpg","Inzu nziza ikodeshwa","O","Sat, 30 Sep 2023 22:48:00","Houses for rent","Kicukiro","RWF 350,000"
"https://imali.biz/isaziso/houses-for-rent/27/188687/imp16515989","https://www.img.imali.biz/Im_mini_1/000005/7493_188687_iPSPGOkZtkI.jpg","Inzu nziza ikodeshwa","O","Sat, 30 Sep 2023 22:44:50","Houses for rent","Kicukiro","RWF 350,000"
"https://imali.biz/isaziso/houses-for-rent/27/188598/imp25932273","https://www.img.imali.biz/Im_mini_1/000003/8851_188598_2njlGHljMhT.jpg","Nice house for rent at kanombe","O","Sat, 30 Sep 2023 19:18:27","Houses for rent","Kicukiro","RWF 500,000"
"https://imali.biz/isaziso/houses-for-rent/27/188596/imp28382994","https://www.img.imali.biz/Im_mini_1/000005/8851_188596_y0ba4NkW2F9.jpg","Nice house for rent at kanombe","O","Sat, 30 Sep 2023 19:18:26","Houses for rent","Kicukiro","RWF 400,000"
"https://imali.biz/isaziso/houses-for-rent/27/188592/imp48483610","https://www.img.imali.biz/Im_mini_1/000006/6138_188592_4UJYNA4Jw0T.jpg","KIMIHURURA stunning house for rent.","O","Sat, 30 Sep 2023 19:18:26","Houses for rent","Gasabo","$ 800"
"https://imali.biz/isaziso/houses-for-rent/27/188514/imp56278920","https://www.img.imali.biz/Im_mini_1/000007/9675_188514_K1QwJ9c7uvX.jpg","Kabeza beautiful house for rent 500k","O","Wed, 27 Sep 2023 18:27:15","Houses for rent","Kicukiro","RWF 500,000"
"https://imali.biz/isaziso/houses-for-rent/27/188465/imp4715714","https://www.img.imali.biz/Im_mini_1/000001/9923_188465_qaWQZaHkIWL.jpg","House for rent in Gasabo -Ndera","O","Wed, 27 Sep 2023 18:54:07","Houses for rent","Gasabo","RWF 200,000"
"https://imali.biz/isaziso/houses-for-rent/27/188430/imp44905641","https://www.img.imali.biz/Im_mini_1/000006/8851_188430_O9OoLiuiX22.jpg","Nice house for rent at kicukiro kagarama","O","Wed, 27 Sep 2023 20:49:27","Houses for rent","Kicukiro","RWF 500,000"
"https://imali.biz/isaziso/houses-for-rent/27/188399/imp53156613","https://www.img.imali.biz/Im_mini_1/000008/10031_188399_v6YIs7El6aS.jpg","Kimironko zindiro","O","Wed, 27 Sep 2023 21:20:15","Houses for rent","Gasabo","RWF 500,000"
"https://imali.biz/isaziso/apartment-for-rent/91/188378/imp12268180","https://www.img.imali.biz/Im_mini_1/000001/6138_188378_hKgXuahNeRH.jpg","Fully furnished adorable apartment for rent at REB","O","Wed, 27 Sep 2023 22:00:06","Apartment for rent","Gasabo","$ 600"
"https://imali.biz/isaziso/houses-for-rent/27/188377/imp5812674","https://www.img.imali.biz/Im_mini_1/000003/6138_188377_uSnkOHOVgcV.jpg","A very awesome home for rent at GISOZI.","O","Wed, 27 Sep 2023 22:00:02","Houses for rent","Gasabo","$ 900"
"https://imali.biz/isaziso/houses-for-rent/27/188376/imp45612144","https://www.img.imali.biz/Im_mini_1/000009/6138_188376_dTR7Cv5xnuU.jpg","GISOZI beautiful house for rent.","O","Wed, 27 Sep 2023 21:59:57","Houses for rent","Gasabo","$ 800"
"https://imali.biz/isaziso/houses-for-rent/27/188375/imp37212011","https://www.img.imali.biz/Im_mini_1/000001/6138_188375_jMLqEFsMxYB.jpg","KACYIRU splendid fully furnished house for rent.","O","Wed, 27 Sep 2023 22:00:02","Houses for rent","Gasabo","$ 1,000"
"https://imali.biz/isaziso/apartment-for-rent/91/188374/imp9924656","https://www.img.imali.biz/Im_mini_1/000008/6138_188374_C62y11LPXnS.jpg","REBERO awesome fully furnished apartment for rent.","O","Wed, 27 Sep 2023 22:00:02","Apartment for rent","Gasabo","RWF 600,000"
"https://imali.biz/isaziso/houses-for-rent/27/188372/imp17024951","https://www.img.imali.biz/Im_mini_1/000002/7724_188372_UOD3MsyY9ga.jpg","Kanombe  house  for rent 500k","O","Wed, 27 Sep 2023 21:59:55","Houses for rent","Kicukiro","RWF 500,000"
"https://imali.biz/isaziso/houses-for-rent/27/188371/imp9064489","https://www.img.imali.biz/Im_mini_1/000000/7724_188371_dtA379w9aO2.jpg","Kabeza new house for rent 600k","O","Wed, 27 Sep 2023 21:59:19","Houses for rent","Kicukiro","RWF 600,000"
"https://imali.biz/isaziso/houses-for-rent/27/188370/imp30975125","https://www.img.imali.biz/Im_mini_1/000009/7724_188370_YbG1mK5XsRS.jpg","kicukiro kagarama house for rent 500k","O","Wed, 27 Sep 2023 22:32:26","Houses for rent","Kicukiro","RWF 500,000"
"https://imali.biz/isaziso/houses-for-rent/27/188369/imp48604341","https://www.img.imali.biz/Im_mini_1/000004/7724_188369_csKV0sgzRLy.jpg","Kicukiro kagarama house for rent 600k","O","Thu, 28 Sep 2023 10:09:23","Houses for rent","Kicukiro","RWF 600,000"
"https://imali.biz/isaziso/houses-for-rent/27/188368/imp4245123","https://www.img.imali.biz/Im_mini_1/000009/7724_188368_KxtzZkqmrWB.jpg","Kibagabaga fully furnished house for rent 4000$,","O","Wed, 27 Sep 2023 22:32:26","Houses for rent","Gasabo","RWF 4,000,000"
"https://imali.biz/isaziso/houses-for-rent/27/188367/imp8631579","https://www.img.imali.biz/Im_mini_1/000006/7724_188367_GzU9Uii4sAR.jpg","Kanombe house for rent 400k","O","Wed, 27 Sep 2023 22:32:26","Houses for rent","Kicukiro","RWF 400,000"
"https://imali.biz/isaziso/houses-for-rent/27/188364/imp9591765","https://www.img.imali.biz/Im_mini_1/000008/9562_188364_w8qbfJ2ouMh.jpg","Kibagabaga full furnished house for rent 1000$","O","Wed, 27 Sep 2023 22:37:57","Houses for rent","Gasabo","RWF 1,000,000"
"https://imali.biz/isaziso/houses-for-rent/27/188363/imp56025475","https://www.img.imali.biz/Im_mini_1/000002/7724_188363_A29UupaZO3C.jpg","Kanombe beautiful furnished apartments 1000$","O","Wed, 27 Sep 2023 22:37:57","Houses for rent","Kicukiro","RWF 1,000,000"
"https://imali.biz/isaziso/houses-for-rent/27/188361/imp35267367","https://www.img.imali.biz/Im_mini_1/000005/9562_188361_r8Nh5PDFDsX.jpg","Kibagabaga furnished house for sale 3000$","O","Wed, 27 Sep 2023 22:43:40","Houses for rent","Gasabo","RWF 3,000,000"
"https://imali.biz/isaziso/houses-for-rent/27/188356/imp6012052","https://www.img.imali.biz/Im_mini_1/000004/7724_188356_xDZK3SSK5Fi.jpg","Kagugu beautiful fully furnished apartment 600$","O","Thu, 28 Sep 2023 10:09:32","Houses for rent","Gasabo","RWF 600,000"
"https://imali.biz/isaziso/houses-for-rent/27/188353/imp57304321","https://www.img.imali.biz/Im_mini_1/000007/7724_188353_bD6Qyo7SCQV.jpg","Kicukiro kagarama house for rent 700k","O","Thu, 28 Sep 2023 10:09:23","Houses for rent","Kicukiro","RWF 700,000"
"https://imali.biz/isaziso/houses-for-rent/27/188327/imp26663196","https://www.img.imali.biz/Im_mini_1/000009/10031_188327_q3amSRWetsE.jpg","Kimironko zindiro","O","Mon, 25 Sep 2023 18:48:36","Houses for rent","Gasabo","RWF 600,000"
"https://imali.biz/isaziso/houses-for-rent/27/188326/imp42751258","https://www.img.imali.biz/Im_mini_1/000006/10031_188326_MgoTkku5klv.jpg","Kigali parensi","O","Mon, 25 Sep 2023 15:44:49","Houses for rent","Kicukiro","RWF 500,000"
"https://imali.biz/isaziso/houses-for-rent/27/188317/imp1103846","https://www.img.imali.biz/Im_mini_1/000004/7493_188317_Cc8cGM6jLsQ.jpg","Inzu nziza ikodeshwa","O","Mon, 25 Sep 2023 9:06:34","Houses for rent","Gasabo","RWF 600,000"
"https://imali.biz/isaziso/houses-for-rent/27/188242/imp16145783","https://www.img.imali.biz/Im_mini_1/000006/7724_188242_9Mj8wbNv659.jpg","Kibagabaga beautiful unfurnished house for rent 15","O","Sun, 24 Sep 2023 10:33:44","Houses for rent","Gasabo","RWF 1,500,000"
"https://imali.biz/isaziso/houses-for-rent/27/188241/imp21121330","https://www.img.imali.biz/Im_mini_1/000009/7724_188241_qPOLq0vnLLd.jpg","Kibagabaga fully furnished house for rent 3000$","O","Sun, 24 Sep 2023 10:33:45","Houses for rent","Gasabo","RWF 3,000,000"
"https://imali.biz/isaziso/houses-for-rent/27/188240/imp24567707","https://www.img.imali.biz/Im_mini_1/000005/7724_188240_pt3oCoQyKRX.jpg","Kicukiro kabeza itunda village house for rent 600k","O","Sun, 24 Sep 2023 10:33:45","Houses for rent","Kicukiro","RWF 600,000"
"https://imali.biz/isaziso/houses-for-rent/27/188239/imp18519636","https://www.img.imali.biz/Im_mini_1/000001/7724_188239_YHmZlaKl2v7.jpg","Kibagabaga full furnished house for rent 2000$","O","Sun, 24 Sep 2023 10:33:46","Houses for rent","Gasabo","RWF 2,000,000"
"https://imali.biz/isaziso/houses-for-rent/27/188238/imp53948565","https://www.img.imali.biz/Im_mini_1/000006/7724_188238_kWJn6qLPOln.jpg","Kanombe beautiful house for rent 450k","O","Sun, 24 Sep 2023 13:59:04","Houses for rent","Kicukiro","RWF 450,000"
"https://imali.biz/isaziso/houses-for-rent/27/188237/imp1109313","https://www.img.imali.biz/Im_mini_1/000003/7724_188237_966zCQWxbKY.jpg","Kicukiro kagarama house for rent 700k","O","Sun, 24 Sep 2023 14:05:07","Houses for rent","Kicukiro","RWF 700,000"
"https://imali.biz/isaziso/houses-for-rent/27/188236/imp5406872","https://www.img.imali.biz/Im_mini_1/000000/7724_188236_3yx1H2IvkBS.jpg","kicukiro kagarama house for rent 500k","O","Sun, 24 Sep 2023 13:59:15","Houses for rent","Kicukiro","RWF 500,000"
"https://imali.biz/isaziso/houses-for-rent/27/188234/imp4655429","https://www.img.imali.biz/Im_mini_1/000000/8301_188234_VAqSczuOZuS.jpg","Full furnished house for rent","O","Sun, 24 Sep 2023 13:59:16","Houses for rent","Gasabo","$ 1,200"
"https://imali.biz/isaziso/houses-for-rent/27/188233/imp12647506","https://www.img.imali.biz/Im_mini_1/000007/8301_188233_gjSK36lCRqr.jpg","Smart furnished house for rent","O","Sun, 24 Sep 2023 13:59:05","Houses for rent","Gasabo","$ 1,500"
"https://imali.biz/isaziso/houses-for-rent/27/188211/imp54878811","https://www.img.imali.biz/Im_mini_1/000009/9657_188211_F89mMxKGf6J.jpg","Inozu irakodeshwa iherereye Kimironko Kibagababag","O","Mon, 25 Sep 2023 10:22:03","Houses for rent","Gasabo","RWF 3,000,000"
"https://imali.biz/isaziso/houses-for-rent/27/188210/imp7171489","https://www.img.imali.biz/Im_mini_1/000001/9657_188210_p27GcHf1oMj.jpg","Inozu irakodeshwa iherereye Kimironko Kibagababag","O","Mon, 25 Sep 2023 10:22:03","Houses for rent","Gasabo","RWF 900,000,000"
"https://imali.biz/isaziso/houses-for-rent/27/188048/imp11055443","https://www.img.imali.biz/Im_mini_1/000005/9657_188048_hXNceABr7ju.jpg","Inozu iragurishwa iherereye kibagabaga","O","Fri, 22 Sep 2023 18:58:19","Houses for rent","Gasabo","RWF 125,000,000"
"https://imali.biz/isaziso/shop/96/188021/imp21976144","https://www.img.imali.biz/Im_mini_1/000008/926_188021_TACcYoMCLOZ.jpg","A Very nice petroleum station for rent in Kigali.","O","Fri, 22 Sep 2023 15:25:37","Shop","Gasabo","RWF 10,000,000"
"https://imali.biz/isaziso/houses-for-rent/27/188020/imp27115607","https://www.img.imali.biz/Im_mini_1/000003/10031_188020_UZP2cntRhol.jpg","Kimironko zindiro","O","Fri, 22 Sep 2023 15:20:03","Houses for rent","Gasabo","RWF 150,000"
"https://imali.biz/isaziso/houses-for-rent/27/188019/imp11530104","https://www.img.imali.biz/Im_mini_1/000005/10031_188019_viWeVQfCSSz.jpg","Kimironko zindiro","O","Fri, 22 Sep 2023 15:25:37","Houses for rent","Gasabo","RWF 350,000"
"https://imali.biz/isaziso/houses-for-rent/27/187976/imp14061241","https://www.img.imali.biz/Im_mini_1/000002/7724_187976_HSKuD2GTLFF.jpg","Kanombe  house  for rent 450k","O","Fri, 22 Sep 2023 16:22:05","Houses for rent","Kicukiro","RWF 450,000"
"https://imali.biz/isaziso/houses-for-rent/27/187970/imp6522661","https://www.img.imali.biz/Im_mini_1/000006/9218_187970_FHiEbjILSAP.jpg","GACURIRO VISION CITY APARTMENT FOR RENT","O","Fri, 22 Sep 2023 16:21:46","Houses for rent","Gasabo","$ 900,000"
"https://imali.biz/isaziso/houses-for-rent/27/187962/imp51810969","https://www.img.imali.biz/Im_mini_1/000009/10031_187962_kvZpLOaIaZ6.jpg","Kibagabaga","O","Fri, 22 Sep 2023 17:54:36","Houses for rent","Gasabo","RWF 600,000"
"https://imali.biz/isaziso/apartment-for-rent/91/187961/imp33535944","https://www.img.imali.biz/Im_mini_1/000000/10031_187961_R4AdoLiHp6A.jpg","Kimironko zindiro","O","Fri, 22 Sep 2023 19:43:09","Apartment for rent","Gasabo","RWF 600,000"
"https://imali.biz/isaziso/houses-for-rent/27/187883/imp36737983","https://www.img.imali.biz/Im_mini_1/000007/7493_187883_OJSQMhB9rTq.jpg","Inzu nziza ikodeshwa","O","Thu, 21 Sep 2023 18:32:18","Houses for rent","Kicukiro","$ 700"
"https://imali.biz/isaziso/houses-for-rent/27/187869/imp49476673","https://www.img.imali.biz/Im_mini_1/000001/6138_187869_aSgJy7oWsZb.jpg","GISOZI luxury house for rent.","O","Thu, 21 Sep 2023 16:24:32","Houses for rent","Gasabo","$ 600"
"https://imali.biz/isaziso/houses-for-rent/27/187859/imp49803412","https://www.img.imali.biz/Im_mini_1/000005/9905_187859_mlN4m3Udw7F.jpg","Kibagabaga full furnished house for rent 3000$","O","Thu, 21 Sep 2023 18:32:28","Houses for rent","Gasabo","RWF 3,000,000"
"https://imali.biz/isaziso/houses-for-rent/27/187852/imp35053481","https://www.img.imali.biz/Im_mini_1/000004/7493_187852_OksKoNozejo.jpg","Inzu nziza ikodeshwa","O","Thu, 21 Sep 2023 18:32:52","Houses for rent","Kicukiro","RWF 250,000"
"https://imali.biz/isaziso/houses-for-rent/27/187626/imp39164451","https://www.img.imali.biz/Im_mini_1/000004/9657_187626_LfQbYv8ocdp.jpg","Inozu irakodeshwa iherereye Kimironko","O","Thu, 21 Sep 2023 10:12:32","Houses for rent","Gasabo","RWF 350,000"
"https://imali.biz/isaziso/houses-for-rent/27/187625/imp24645356","https://www.img.imali.biz/Im_mini_1/000004/9657_187625_Lz9A5MLMRsJ.jpg","Inozu irakodeshwa iherereye Kimironko Kibagababag","O","Thu, 21 Sep 2023 10:00:28","Houses for rent","Gasabo","RWF 3,000,000"
"https://imali.biz/isaziso/apartment-for-rent/91/187624/imp5159119","https://www.img.imali.biz/Im_mini_1/000001/9657_187624_WG7effAqDRw.jpg","Inozu irakodeshwa iherereye Kimironko Kibagababag","O","Thu, 21 Sep 2023 10:00:28","Apartment for rent","Gasabo","RWF 900,000"
"https://imali.biz/isaziso/houses-for-rent/27/187616/imp17369778","https://www.img.imali.biz/Im_mini_1/000003/7493_187616_lD7Chqw09g5.jpg","Inzu nziza ikodeshwa","O","Wed, 20 Sep 2023 15:20:25","Houses for rent","Kicukiro","RWF 150,000"
"https://imali.biz/isaziso/houses-for-rent/27/187551/imp23872428","https://www.img.imali.biz/Im_mini_1/000006/6138_187551_XYdEEvqV22e.jpg","KIYOVU awesome semi-furnished house for rent.","O","Wed, 20 Sep 2023 8:34:08","Houses for rent","Nyarugenge","RWF 500,000"
"https://imali.biz/isaziso/houses-for-rent/27/187550/imp29009003","https://www.img.imali.biz/Im_mini_1/000009/6138_187550_TGzWIPrMbuH.jpg","A beautiful house for rent at KISIMENTI.","O","Wed, 20 Sep 2023 8:34:05","Houses for rent","Gasabo","RWF 600,000"
"https://imali.biz/isaziso/apartment-for-rent/91/187549/imp44192292","https://www.img.imali.biz/Im_mini_1/000008/9966_187549_mcHPU1hT8dt.jpg","Apartment furniture for rent","O","Tue, 19 Sep 2023 20:54:24","Apartment for rent","Gasabo","$ 900"
"https://imali.biz/isaziso/houses-for-rent/27/187548/imp30411587","https://www.img.imali.biz/Im_mini_1/000005/9966_187548_6eDEupUiJSS.jpg","Hause for rent","O","Tue, 19 Sep 2023 20:59:22","Houses for rent","Gasabo","$ 2,000"
"https://imali.biz/isaziso/houses-for-rent/27/187547/imp35046222","https://www.img.imali.biz/Im_mini_1/000001/9966_187547_IpsGjk0Y62r.jpg","Hause for rent","O","Tue, 19 Sep 2023 20:59:22","Houses for rent","Gasabo","$ 2,000"
"https://imali.biz/isaziso/apartment-for-rent/91/187546/imp18120084","https://www.img.imali.biz/Im_mini_1/000006/9966_187546_AAzxRZjXNEf.jpg","Apartments for rent","O","Tue, 19 Sep 2023 20:59:22","Apartment for rent","Gasabo","$ 800"
"https://imali.biz/isaziso/houses-for-rent/27/187545/imp55079569","https://www.img.imali.biz/Im_mini_1/000008/9966_187545_84WVMEpKaw8.jpg","Inzu nziza ikodeshwa","O","Tue, 19 Sep 2023 20:59:22","Houses for rent","Kicukiro","RWF 500,000"
"https://imali.biz/isaziso/houses-for-rent/27/187542/imp5249436","https://www.img.imali.biz/Im_mini_1/000000/10031_187542_JatJzn3JnoR.jpg","Ikinyinya ahantu heza","O","Tue, 19 Sep 2023 18:01:31","Houses for rent","Gasabo","RWF 500,000"
"https://imali.biz/isaziso/apartment-for-rent/91/187540/imp37665708","https://www.img.imali.biz/Im_mini_1/000005/10031_187540_OQkGhpK7O9b.jpg","Kimironko zindiro","O","Tue, 19 Sep 2023 18:01:31","Apartment for rent","Gasabo","$ 600"
"https://imali.biz/isaziso/apartment-for-rent/91/187539/imp5972110","https://www.img.imali.biz/Im_mini_1/000005/10031_187539_EoBrWFfAkIa.jpg","Kimironko zindiro","O","Tue, 19 Sep 2023 18:01:31","Apartment for rent","Gasabo","$ 600"
"https://imali.biz/isaziso/apartment-for-rent/91/187537/imp41482722","https://www.img.imali.biz/Im_mini_1/000008/10031_187537_mrPJq4GqW42.jpg","Kimironko zindiro","O","Tue, 19 Sep 2023 18:01:34","Apartment for rent","Gasabo","$ 500"
"https://imali.biz/isaziso/houses-for-rent/27/187529/imp2528461","https://www.img.imali.biz/Im_mini_1/000005/10031_187529_Op5o2xUlz0Q.jpg","Kimironko zindiro","O","Tue, 19 Sep 2023 18:01:42","Houses for rent","Gasabo","RWF 150,000"
"https://imali.biz/isaziso/houses-for-rent/27/187528/imp1679038","https://www.img.imali.biz/Im_mini_1/000006/10031_187528_p2pjwuGzp9M.jpg","Kimironko zindiro","O","Tue, 19 Sep 2023 18:01:42","Houses for rent","Gasabo","RWF 350,000"
"https://imali.biz/isaziso/houses-for-rent/27/187527/imp38986407","https://www.img.imali.biz/Im_mini_1/000001/10031_187527_YEv0xP1f2x3.jpg","Kimironko zindiro","O","Tue, 19 Sep 2023 18:01:42","Houses for rent","Gasabo","RWF 350,000"
"https://imali.biz/isaziso/houses-for-rent/27/187521/imp26527253","https://www.img.imali.biz/Im_mini_1/000000/7493_187521_rWOm8H4Kyb9.jpg","Inzu nziza ikodeshwa","O","Tue, 19 Sep 2023 13:34:48","Houses for rent","Kicukiro","RWF 200,000"
"https://imali.biz/isaziso/houses-for-rent/27/187403/imp46293705","https://www.img.imali.biz/Im_mini_1/000003/7493_187403_2Mp0FJWFFWG.jpg","Inzu nziza ikodeshwa","O","Mon, 18 Sep 2023 22:29:24","Houses for rent","Kicukiro","RWF 500,000"
"https://imali.biz/isaziso/apartment-for-rent/91/187383/imp35061293","https://www.img.imali.biz/Im_mini_1/000003/8927_187383_nuJBCAdHbx5.jpg","fully furnished apartment for rent in kibagabaga","O","Mon, 18 Sep 2023 20:25:20","Apartment for rent","Gasabo","RWF 3,000"
"https://imali.biz/isaziso/houses-for-rent/27/187350/imp42761545","https://www.img.imali.biz/Im_mini_1/000005/9905_187350_yBmd5UOpMyt.jpg","Kimironko bibare furnished House for rent 600$","O","Sun, 17 Sep 2023 18:12:37","Houses for rent","Gasabo","RWF 600,000"
"https://imali.biz/isaziso/houses-for-rent/27/187344/imp29974930","https://www.img.imali.biz/Im_mini_1/000007/9905_187344_RTHKgJLSSkO.jpg","Kibagabaga full furnished house for rent 1000$","O","Sun, 17 Sep 2023 18:00:52","Houses for rent","Gasabo","RWF 1,000,000"
"https://imali.biz/isaziso/houses-for-rent/27/187337/imp23779641","https://www.img.imali.biz/Im_mini_1/000000/6138_187337_DkSD8FVEOAL.jpg","KIYOVU  Impressive house for rent.","O","Sun, 17 Sep 2023 18:31:35","Houses for rent","Nyarugenge","$ 1,000"
"https://imali.biz/isaziso/houses-for-rent/27/187334/imp48136885","https://www.img.imali.biz/Im_mini_1/000003/6138_187334_gKwrZBFveU5.jpg","REBERO splendid house for rent","O","Sat, 16 Sep 2023 20:06:56","Houses for rent","Kicukiro","RWF 800,000"
"https://imali.biz/isaziso/houses-for-rent/27/187332/imp0416095","https://www.img.imali.biz/Im_mini_1/000008/6138_187332_4EdTSLvEcCg.jpg","KACYIRU adorable house for rent.","O","Sat, 16 Sep 2023 20:06:51","Houses for rent","Gasabo","$ 800"
"https://imali.biz/isaziso/houses-for-rent/27/187324/imp41911362","https://www.img.imali.biz/Im_mini_1/000009/7493_187324_Me7KKfGR4q7.jpg","Inzu nziza ikodeshwa","O","Sat, 16 Sep 2023 20:07:21","Houses for rent","Kicukiro","RWF 220,000"
"https://imali.biz/isaziso/houses-for-rent/27/187322/imp35692755","https://www.img.imali.biz/Im_mini_1/000009/7493_187322_BfOJM63GCPx.jpg","Inzu nziza ikodeshwa","O","Sat, 16 Sep 2023 20:08:05","Houses for rent","Gasabo","RWF 200,000"
"https://imali.biz/isaziso/houses-for-rent/27/187264/imp17243799","https://www.img.imali.biz/Im_mini_1/000002/9905_187264_h6bCUMZbcOl.jpg","Kibagabaga furnished house for rent 1000$","O","Fri, 15 Sep 2023 18:08:38","Houses for rent","Gasabo","RWF 1,000,000"
"https://imali.biz/isaziso/apartment-for-rent/91/187254/imp29330105","https://www.img.imali.biz/Im_mini_1/000005/7493_187254_7NcZv54JOkg.jpg","Apparitoma nziza ikodeshwa","O","Fri, 15 Sep 2023 18:08:11","Apartment for rent","Kicukiro","RWF 200,000"
"https://imali.biz/isaziso/houses-for-rent/27/187185/imp24992506","https://www.img.imali.biz/Im_mini_1/000006/9905_187185_mIaRHaVPcUl.jpg","Kimironko bibare furnished House for rent 600$","O","Fri, 15 Sep 2023 9:24:00","Houses for rent","Gasabo","RWF 600,000"